"ID","Origen","Fecha","Tipo","Monto ($)","Emisor/Receptor","Concepto","Grupo / Teléfono","Detalles / Texto"
"-Oro43_Gtws5B-wPbqKN","WhatsApp Bot","2026-05-04T17:41:03.440Z","Alerta WhatsApp","0","Grupo WhatsApp","Registro de Chat","Trabajo","OPERATIVO SALTA Y OROÑO"
"-Oro5SoAnv6L41T02Bkk","WhatsApp Bot","2026-05-04T17:47:08.938Z","Alerta WhatsApp","0","Grupo WhatsApp","Registro de Chat","Privado","operativo salta y alvear"
"-Oro6vLAHnvgs8GMVi_m","WhatsApp Bot","2026-05-04T17:53:32.042Z","Alerta WhatsApp","0","Grupo WhatsApp","Registro de Chat","Privado","operativo fizca roca y cordoba"
"-OroFlNA2KqRQZRvaqUa","WhatsApp Bot","2026-05-04T18:32:10.538Z","Alerta WhatsApp","0","Grupo WhatsApp","Registro de Chat","Privado","operativo  san martin y 27 de febrero"
"-OroK4PXUMDO68ybQX5k","WhatsApp Bot","2026-05-04T18:51:01.194Z","Alerta WhatsApp","0","Grupo WhatsApp","Registro de Chat","Privado","operativo arijon y oroño"
"-OroaPKTWvLBjzX2uJJD","WhatsApp Bot","2026-05-04T20:06:43.321Z","Alerta WhatsApp","0","Grupo WhatsApp","Registro de Chat","Privado","operativo godoy y lagos"
"-OrujCcj7ohNyCyu8U1j","WhatsApp Bot","2026-05-06T00:42:53.895Z","police","0","Grupo WhatsApp","operativo salta y caferata","Trabajo","operativo salta y caferata"
"-OrykmekvFNrffOsdTtw","WhatsApp Bot","2026-05-06T19:28:16.583Z","police","0","Grupo WhatsApp","*🚩🏁🚩SARMIENTO ENTRE URQUIZA Y SAN LORENZO....RECIEN SE VA EL OPERATIVO DE TRANSITO ... LIMPIO🚩🏁","Solo Operativos de TRÁNSITO!!! 2","*🚩🏁🚩SARMIENTO ENTRE URQUIZA Y SAN LORENZO....RECIEN SE VA EL OPERATIVO DE TRANSITO ... LIMPIO🚩🏁🚩*"
"-Os44a36o_qO3YMTTKHp","WhatsApp Bot","2026-05-08T00:56:53.283Z","police","0","Grupo WhatsApp","*🚩🏁🚩PROVINCIAS UNIDAS ENTRE DERQUI Y MARCOS PAZ.... YA ESTA LIMPIO EL OPERATIVO DE (FISCA) FISCAL","Solo Operativos de TRÁNSITO!!! 2","*🚩🏁🚩PROVINCIAS UNIDAS ENTRE DERQUI Y MARCOS PAZ.... YA ESTA LIMPIO EL OPERATIVO DE (FISCA) FISCALIZACION DE TRANSPORTE🚩🏁🚩*"
"-Os4R9ZatbxbupwaCN2u","WhatsApp Bot","2026-05-08T02:35:29.981Z","police","0","Grupo WhatsApp","*🚧📛📛🚧AV EUDORO CARRASCO Y BAJADA GALLO EN LA FLORIDA.... EL OPERATIVO DE TRÁNSITO CON ALCOHOLEMI","Solo Operativos de TRÁNSITO!!! 2","*🚧📛📛🚧AV EUDORO CARRASCO Y BAJADA GALLO EN LA FLORIDA.... EL OPERATIVO DE TRÁNSITO CON ALCOHOLEMIA🗣️🗣️ NARCOLEMIA Y THC CANNABIS CON EL CARRETON Y LAS GRUAS 🚘🛵🚘🛵Q FULL IMPACT CON EL JEFE DE DIVISION SEBASTIAN VALLEJOS (ALIAS ESPALDA Y OLOR A PATA).... EVITEN ZONA!!!🚧📛📛🚧*"
"-Os4UiRnMF31Zk3dA9L6","WhatsApp Bot","2026-05-08T02:51:03.373Z","police","0","Grupo WhatsApp","los operativos que paso x aca no son reales, es para probar mi app","Trabajo","los operativos que paso x aca no son reales, es para probar mi app"
"-Os4UiSxL4j97iLZ7ghJ","WhatsApp Bot","2026-05-08T02:51:03.447Z","police","0","Grupo WhatsApp","los operativos que paso x aca no son reales, es para probar mi app","Trabajo","los operativos que paso x aca no son reales, es para probar mi app"
"-Os4Vdu_FXTrMG3vpaUr","WhatsApp Bot","2026-05-08T02:55:06.944Z","police","0","Grupo WhatsApp","*🚧📛📛🚧AV EUDORO CARRASCO Y BAJADA GALLO EN LA FLORIDA.... EL OPERATIVO DE TRÁNSITO CON ALCOHOLEMI","Choferes de Uber.!! ","*🚧📛📛🚧AV EUDORO CARRASCO Y BAJADA GALLO EN LA FLORIDA.... EL OPERATIVO DE TRÁNSITO CON ALCOHOLEMIA🗣️🗣️ NARCOLEMIA Y THC CANNABIS CON EL CARRETON Y LAS GRUAS 🚘🛵🚘🛵Q FULL IMPACT CON EL JEFE DE DIVISION SEBASTIAN VALLEJOS (ALIAS ESPALDA Y OLOR A PATA).... EVITEN ZONA!!!🚧📛📛🚧*"
"-Os4a1z2mkqDKH-qkjhY","WhatsApp Bot","2026-05-08T03:18:40.350Z","police","0","Grupo WhatsApp","Operativo policial en Córdoba y Italia, ambas manos.","Trabajo","operatico cordoba  e italia ambas manos"
"-Os6F5eYSZik2t9nOFJh","WhatsApp Bot","2026-05-08T11:02:02.686Z","traffic","0","Grupo WhatsApp","Reporte de tráfico en la intersección de Príncipe de Gales y Rueda.","Choferes de Uber.!! ","P Gales y rueda"
"-Os6_JQJPM40MOL0_H4Z","WhatsApp Bot","2026-05-08T12:34:44.079Z","police","0","Grupo WhatsApp","Potente operativo de tránsito con carretón, impoundando motos, a cargo del Jefe de División Ricardo Rohrer (alias Rio Rio) y la Policía Motorizada.","Solo Operativos de TRÁNSITO!!! 2","*🚧📛📛🚧PARAGUAY ENTRE MENDOZA Y 3 DE FEBRERO.... EL POTENTE OPERATIVO DE TRÁNSITO CON EL CARRETON Y ALRREDEDORES TAMBIEN TE LLEVAN AL OPERATIVO CHUPANDO MOTOS 🛵🏍️🛵🏍️A FULL IMPACT CON EL JEFE DE DIVISION RICARDO ROHRER ( ALIAS RIO RIO) CON EL TERCIO DELTA DE POLICIA MOTORIZADA..... EVITEN ZONA!!!🚧📛📛🚧*"
"-Os6luAYMSLe_QU4KoWV","WhatsApp Bot","2026-05-08T13:29:44.445Z","traffic","0","Grupo WhatsApp","Evitar calle Córdoba mano al centro por tráfico o impedimento.","Choferes de Uber.!! ","Evitar calle Cordova mano al centro desde provincias unidas hasta la via."
"-Os6lvXzSLfwSoihjUk0","WhatsApp Bot","2026-05-08T13:29:50.042Z","traffic","0","Grupo WhatsApp","Evitar calle Córdoba mano al centro debido a tráfico pesado en el tramo desde Provincias Unidas hasta la vía.","Choferes de Uber.!! ","Evitar calle Cordova mano al centro desde provincias unidas hasta la via."
"-Os7DBbxbWivl22WrxFb","WhatsApp Bot","2026-05-08T15:33:20.024Z","police","0","Grupo WhatsApp","Operativo policial en Av. Oroño y Pellegrini.","Trabajo","OPERATIVO OROÑO Y PELLEGRINI"
"-Os7DUkER_ssbJBrZx_G","WhatsApp Bot","2026-05-08T15:34:38.378Z","police","0","Grupo WhatsApp","Operativo policial reportado en Av. Oroño y Pellegrini.","Trabajo","OPERATIVO OROÑO Y PELLEGRINI"
"-Os7H7PhwUMPxkti2pxk","WhatsApp Bot","2026-05-08T15:50:31.383Z","police","0","Grupo WhatsApp","Fiscalización policial en Av. Oroño y Pellegrini.","Trabajo","fiscalisacion  OROÑO Y PELLEGRINI"
"-Os7H7fBte0zbnr0PLZK","WhatsApp Bot","2026-05-08T15:50:32.438Z","police","0","Grupo WhatsApp","Fiscalización policial en Av. Oroño y Pellegrini, cerca del Parque Independencia.","Trabajo","fiscalisacion  OROÑO Y PELLEGRINI"
"-Os7HfNqrJqdOWrl15YH","WhatsApp Bot","2026-05-08T15:52:54.624Z","police","0","Grupo WhatsApp","Operativo policial en Av. Oroño y Pellegrini (Parque Independencia)","Trabajo","OPERATIVO OROÑO Y PELLEGRINI"
"-Os7OQTHehmKCrwAfOGl","WhatsApp Bot","2026-05-08T16:22:24.429Z","police","0","Grupo WhatsApp","OPERATIVO  zorros OROÑO Y PELLEGRINI","Trabajo","OPERATIVO  zorros OROÑO Y PELLEGRINI"
"-Os7OQTZayktzpwmR_AG","WhatsApp Bot","2026-05-08T16:22:24.447Z","police","0","Grupo WhatsApp","OPERATIVO  zorros OROÑO Y PELLEGRINI","Trabajo","OPERATIVO  zorros OROÑO Y PELLEGRINI"
"-Os7_9BQ1q8Xa1uoYfiP","WhatsApp Bot","2026-05-08T17:13:39.381Z","police","0","Grupo WhatsApp","Operativo policial reportado en Av. Oroño y Pellegrini.","Trabajo","OPERATIVO  ZORROS OROÑO Y PELLEGRINI"
"-OsDjL-8wTZWpu57VZNc","WhatsApp Bot","2026-05-09T21:55:52.487Z","police","0","Grupo WhatsApp","Operativo de fiscalización de transporte finalizado.","Solo Operativos de TRÁNSITO!!! 2","*🚩🏁🚩JUNIN ENTRE JORGE CANNING Y SANTA MARIA DE ORO... YA ESTA LIMPIO EL OPERATIVO DE (FISCA) FISCALIZACION DE TRANSPORTE🚩🏁🚩*"
"-OsF289cqlZzo_9QNbUe","WhatsApp Bot","2026-05-10T04:02:00.000Z","police","0","Grupo WhatsApp","Operativo de tránsito recién retirado, zona despejada.","Solo Operativos de TRÁNSITO!!! 2","*🚩🏁🚩OVIDIOS LAGOS Y CATAMARCA.... RECIEN SE VA EL OPERATIVO DE TRÁNSITO... LIMPIO YA🚩🏁🚩*"
"-OsF9-N6rK6rcqDvDFHm","WhatsApp Bot","2026-05-10T04:31:59.014Z","police","0","Grupo WhatsApp","*⚠️✖️✖️⚠️CAFFERATA Y SALTA POR AMBAS CALLES ... EL OPERATIVO DE FISCA FISCALIZACION DE TRANSPORTE ( ","Solo Operativos de TRÁNSITO!!! 2","*⚠️✖️✖️⚠️CAFFERATA Y SALTA POR AMBAS CALLES ... EL OPERATIVO DE FISCA FISCALIZACION DE TRANSPORTE ( servicios públicos) PARANDO TAXIS Y AUTOS 🚖🚘🚖BUSCANDO REMISES TRUCHOS LOS UBER DIDI Y CABIFY NO HABILITADOS CON LAS 2 PLANCHAS LA ITALIANA IVECO Y LA ASIATICA HYUNDAI CON ALCOHOLEMIA🗣️🗣️ Y NARCOLEMIA⚠️✖️✖️⚠️*"
"-OsGgCpZXCRvQs4zUkew","WhatsApp Bot","2026-05-10T11:41:04.256Z","police","0","Grupo WhatsApp","A mi tmb me dijeron lo del pity q en estoy días lo metían en cana de nuevo","Choferes de Uber.!! ","A mi tmb me dijeron lo del pity q en estoy días lo metían en cana de nuevo"
"-OsP6apvw6i4f38EkvG2","WhatsApp Bot","2026-05-12T02:57:42.289Z","police","0","Grupo WhatsApp","Operativo policial en el cementerio de Villa Gobernador Gálvez.","Trabajo","operativo en el cementerio de vgg"
"-OsPCl5MJNkQWpfbzOGs","WhatsApp Bot","2026-05-12T03:24:37.172Z","police","0","Grupo WhatsApp","operativo en el cementerio de vgg","Trabajo","operativo en el cementerio de vgg"
"-OsR4rD65mIZMZRbH2Jm","WhatsApp Bot","2026-05-12T12:09:19.523Z","municipal","0","Grupo WhatsApp","Hoy es el dia del inspector de transito asi que si los cruzando no olviden saludarlos","DIDI - Uber Rosario","Hoy es el dia del inspector de transito asi que si los cruzando no olviden saludarlos"
"-OsRIgezGIlVd0HOYJVy","WhatsApp Bot","2026-05-12T13:09:46.331Z","police","0","Grupo WhatsApp","En canal 3 lo estaban pasando, salio hablando el papá","Choferes de Uber.!! ","En canal 3 lo estaban pasando, salio hablando el papá"
"-OsRIh0ObuiyFdb9CDse","WhatsApp Bot","2026-05-12T13:09:47.765Z","police","0","Grupo WhatsApp","En canal 3 lo estaban pasando, salio hablando el papá","Choferes de Uber.!! ","En canal 3 lo estaban pasando, salio hablando el papá"
"-OsSAvp-3UmwCQHPb1Ai","WhatsApp Bot","2026-05-12T17:15:28.475Z","radar","0","Grupo WhatsApp","Radar en Pellegrini, sentido al este.","Solo Operativos de TRÁNSITO!!! 2","Radar Pellegrini y barra.mano al esté"
"-OsT6dl_ERaSlasbnD8_","WhatsApp Bot","2026-05-12T21:36:23.166Z","checkpoint","0","Grupo WhatsApp","operativo salta y roca","Trabajo","operativo salta y roca"
"-OsTQ3R8FrWpjuD2YLyq","WhatsApp Bot","2026-05-12T23:01:13.126Z","checkpoint","0","Grupo WhatsApp","operativo salta y roca,  fiscalisacion","Trabajo","operativo salta y roca,  fiscalisacion"
"-OsTQCcDj_W3nFPTTGO8","WhatsApp Bot","2026-05-12T23:01:50.763Z","checkpoint","0","Grupo WhatsApp","Gran operativo abajo del puente nogués ambas manos","Trabajo","Gran operativo abajo del puente nogués ambas manos"
"-OsTSRK8w9RgvwFMBAN0","WhatsApp Bot","2026-05-12T23:11:35.270Z","checkpoint","0","Grupo WhatsApp","operativo salta y roca,  fiscalisacion","Trabajo","operativo salta y roca,  fiscalisacion"
"-OsTT13MCb4sdeN6mYvy","WhatsApp Bot","2026-05-12T23:14:09.844Z","checkpoint","0","Grupo WhatsApp","operativo salta y roca,  fiscalisacion","Trabajo","operativo salta y roca,  fiscalisacion"
"-OsTTNDgEfbtNuSQ-tPf","WhatsApp Bot","2026-05-12T23:15:40.623Z","checkpoint","0","Grupo WhatsApp","operativo salta y roca,  fiscalisacion","Trabajo","operativo salta y roca,  fiscalisacion"
"-OsWBxdNQekmR1QSm1Eh","WhatsApp Bot","2026-05-13T11:58:26.934Z","radar","0","Grupo WhatsApp","Bien dia
Rivadavia entre pueyrredon y santiago esta la camara","Solo Operativos de TRÁNSITO!!! 2","Bien dia
Rivadavia entre pueyrredon y santiago esta la camara"
"-OsWLazE0CfhxVlRq66q","WhatsApp Bot","2026-05-13T12:40:35.564Z","police","0","Grupo WhatsApp","*🚧📛📛🚧ENTRE RIOS Y SAN JUAN.... EL POTENTE OPERATIVO DE TRÁNSITO CON EL CARRETON Y ALRREDEDORES T","Solo Operativos de TRÁNSITO!!! 2","*🚧📛📛🚧ENTRE RIOS Y SAN JUAN.... EL POTENTE OPERATIVO DE TRÁNSITO CON EL CARRETON Y ALRREDEDORES TAMBIEN TE LLEVAN AL OPERATIVO CHUPANDO MOTOS 🛵🏍️🛵🏍️A FULL IMPACT CON EL JEFE DE DIVISION RICARDO ROHRER (ALIAS RIO RIO) CON EL TERCIO DELTA DE POLICIA MOTORIZADA... EVITEN ZONA HASTA LAS 11.30 HS🚧📛📛🚧*"
"-OsXW155awmtlixOKI-S","WhatsApp Bot","2026-05-13T18:05:45.250Z","checkpoint","0","Grupo WhatsApp","*EL OPERATIVO CANCHA☝️*","Solo Operativos de TRÁNSITO!!! 2","*EL OPERATIVO CANCHA☝️*"
"-OsXs14iytgv9hJ4Y4d3","WhatsApp Bot","2026-05-13T19:46:14.450Z","police","0","Grupo WhatsApp","*🚧🚥🚥🚧SILVESTRE BEGNIS ENTRADA A GRANADERO BAIGORRIA DESDE AUTOPISTA ALTURA LA FUNDICIÓN MARTÍNEZ","Solo Operativos de TRÁNSITO!!! 2","*🚧🚥🚥🚧SILVESTRE BEGNIS ENTRADA A GRANADERO BAIGORRIA DESDE AUTOPISTA ALTURA LA FUNDICIÓN MARTÍNEZ..... TERRIBLE OPERATIVO DE TRÁNSITO CON LA POLICIA VIAL A FULL AMBAS MANOS CON LA GRUA🚧🚥🚥🚧*"
"-OsYMOQj4hjP9b1YapAM","WhatsApp Bot","2026-05-13T22:03:16.624Z","checkpoint","0","Grupo WhatsApp","operativo salta y francia","Trabajo","operativo salta y francia"
"-OsYmmQMF0_BGjxrnUsY","WhatsApp Bot","2026-05-14T00:02:56.882Z","checkpoint","0","Grupo WhatsApp","Operativo en la intersección de Aldao y Montevideo.","Solo Operativos de TRÁNSITO!!! 2","Op c aldao y Montevideo"
"-OsZELMVMDEBGjYvouU1","WhatsApp Bot","2026-05-14T02:07:44.120Z","checkpoint","0","Grupo WhatsApp","Operativo de control en Salta y Francia.","Trabajo","operativo salta y francia fisca"
"-OsZELl-HVZHsGAZf7YG","WhatsApp Bot","2026-05-14T02:07:45.752Z","checkpoint","0","Grupo WhatsApp","Operativo de fiscalización en la intersección de Salta y Francia.","Trabajo","operativo salta y francia fisca"
"-OsZN51IbpnIxgfnXfrK","WhatsApp Bot","2026-05-14T02:45:56.525Z","police","0","Grupo WhatsApp","operativo salta y francia fisca mas policia mas alcoholemia","Trabajo","operativo salta y francia fisca mas policia mas alcoholemia"
"-OsZN51bhSeUHD5bqI7g","WhatsApp Bot","2026-05-14T02:45:56.545Z","police","0","Grupo WhatsApp","operativo salta y francia fisca mas policia mas alcoholemia","Trabajo","operativo salta y francia fisca mas policia mas alcoholemia"
"-OsZNw8zRxpUpNNAe0Au","WhatsApp Bot","2026-05-14T02:49:38.203Z","police","0","Grupo WhatsApp","Operativo policial con controles de alcoholemia y fiscalización.","Trabajo","operativo oroño y arijon fisca mas policia mas alcoholemia"
"-OsZNwOFMDTT7b61xcmE","WhatsApp Bot","2026-05-14T02:49:39.181Z","police","0","Grupo WhatsApp","Operativo policial con fiscalización y controles de alcoholemia.","Trabajo","operativo oroño y arijon fisca mas policia mas alcoholemia"
"-OsZr7tw14ia8tDmYYdZ","WhatsApp Bot","2026-05-14T05:01:34.745Z","police","0","Grupo WhatsApp","Operativo policial con fiscalización, controles de alcoholemia y cannabis.","Trabajo","operativo oroño y arijon fisca mas policia mas alcoholemia mas canavis"
"-OsZr7yQCxb30H0dw2p1","WhatsApp Bot","2026-05-14T05:01:35.032Z","police","0","Grupo WhatsApp","Operativo policial con fiscalización, controles de alcoholemia y cannabis.","Trabajo","operativo oroño y arijon fisca mas policia mas alcoholemia mas canavis"
"-OsZwqxsErMZKVEJwziY","WhatsApp Bot","2026-05-14T05:26:34.130Z","checkpoint","0","Grupo WhatsApp","Control por ingreso a el cristo ruta21 por derecha","Trabajo","Control por ingreso a el cristo ruta21 por derecha"
"-OsZwqxzlP6WgRb4E1yE","WhatsApp Bot","2026-05-14T05:26:34.138Z","checkpoint","0","Grupo WhatsApp","Control por ingreso a el cristo ruta21 por derecha","Trabajo","Control por ingreso a el cristo ruta21 por derecha"
"-Os_PJ5GgHuCCXKXLuHg","WhatsApp Bot","2026-05-14T07:35:15.628Z","police","0","Grupo WhatsApp","Control policial bajo el puente de Cargill, sentido de Pueblo Esther hacia Rosario","🚔🚨Operativos🚓 Arroyo Seco y alrededores","Policía   parando bajo puente cargill.. mano p Esther a rosario"
"-Osa64mmUzTr97ceUOGy","WhatsApp Bot","2026-05-14T10:50:53.516Z","checkpoint","0","Grupo WhatsApp","El acceso a General Lagos está libre de operativos o controles.","🚔🚨Operativos🚓 Arroyo Seco y alrededores","Acceso lagos libre"
"-OsaHU6LLCt2_PGZd5p7","WhatsApp Bot","2026-05-14T11:40:40.817Z","checkpoint","0","Grupo WhatsApp","Operativo en el Peaje General Lagos.","🚔🚨Operativos🚓 Arroyo Seco y alrededores","op en Peaje"
"-OsaMXu-Wun9P21cb8Ue","WhatsApp Bot","2026-05-14T12:02:47.067Z","municipal","0","Grupo WhatsApp","Vehículo municipal de tránsito en el acceso a General Lagos por la autopista.","🚔🚨Operativos🚓 Arroyo Seco y alrededores","Chata de tránsito en acceso Lagos autopista"
"-OsaM_rv2aQP4moq8U3q","WhatsApp Bot","2026-05-14T12:02:59.222Z","checkpoint","0","Grupo WhatsApp","Posible control en la zona de Arroyo Seco","🚔🚨Operativos🚓 Arroyo Seco y alrededores","Posiblemente control en breve"
"-OsaNMZcYiSJdYF_ysRg","WhatsApp Bot","2026-05-14T12:06:22.787Z","checkpoint","0","Grupo WhatsApp","Control de fuerzas armándose en la entrada a Fighiera, para quienes transitan desde Arroyo Seco.","🚔🚨Operativos🚓 Arroyo Seco y alrededores","Entrada fighiera viniendo de arroyo se esta armando para control"
"-OsaWdF1MYdLemAx58r4","WhatsApp Bot","2026-05-14T12:46:54.493Z","checkpoint","0","Grupo WhatsApp","Consulta sobre posible operativo en el acceso a General Lagos.","🚔🚨Operativos🚓 Arroyo Seco y alrededores","Algo en acceso de lagos??"
"-OsajqcIZLGf_QoMQevS","WhatsApp Bot","2026-05-14T13:48:59.310Z","checkpoint","0","Grupo WhatsApp","Autopista AO12 y Vías del Ferrocarril libres de operativos.","🚔🚨Operativos🚓 Arroyo Seco y alrededores","Ao12 y las vías libre"
"-OsanMq0EITm8_XjQvci","WhatsApp Bot","2026-05-14T14:04:21.788Z","checkpoint","0","Grupo WhatsApp","Alerta genérica de posible operativo o control en la zona de Fighiera o Arroyo Seco.","🚔🚨Operativos🚓 Arroyo Seco y alrededores","Algo en fighera o arroyo"
"-OsaqOd2fzEUVqIsmI3B","WhatsApp Bot","2026-05-14T14:17:35.582Z","checkpoint","0","Grupo WhatsApp","Consulta sobre posibles operativos o novedades entre General Lagos y Fighiera.","🚔🚨Operativos🚓 Arroyo Seco y alrededores","De lagos a figuera algo ?"
"-OsbH6_p_3ca0Z18wiBF","WhatsApp Bot","2026-05-14T16:18:41.682Z","checkpoint","0","Grupo WhatsApp","Consulta sobre operativos o controles en la zona de Arroyo Seco.","🚔🚨Operativos🚓 Arroyo Seco y alrededores","Algo en Arroyo?"
"-OsbN3QU7fmfz7HnTjtk","WhatsApp Bot","2026-05-14T16:44:41.596Z","checkpoint","0","Grupo WhatsApp","Consulta sobre un posible operativo o control en Pueblo Esther.","🚔🚨Operativos🚓 Arroyo Seco y alrededores","Algo en pueblo esther?"
"-OsbV1qDTo3ptt-0ntH8","WhatsApp Bot","2026-05-14T17:19:32.267Z","police","0","Grupo WhatsApp","Consulta sobre la presencia de Gendarmería en el Peaje General Lagos.","🚔🚨Operativos🚓 Arroyo Seco y alrededores","Está gendarmería en el peaje de lagos?"
"-Osbi7vsltMJp4nBujKC","WhatsApp Bot","2026-05-14T18:21:07.221Z","checkpoint","0","Grupo WhatsApp","Consulta sobre un posible operativo entre General Lagos y Pueblo Esther.","🚔🚨Operativos🚓 Arroyo Seco y alrededores","Algo de lagos a pueblo Esther?"
"-OsbmyreAal_lUz3NwDb","WhatsApp Bot","2026-05-14T18:42:16.711Z","checkpoint","0","Grupo WhatsApp","Consulta sobre posibles operativos o controles en Ruta Provincial 21, en la zona de Arroyo Seco y sus alrededores.","🚔🚨Operativos🚓 Arroyo Seco y alrededores","Algo por 21?"
"-OsbqUtLh-aPykHKiBEp","WhatsApp Bot","2026-05-14T18:57:38.419Z","traffic","0","Grupo WhatsApp","Acceso a General Lagos libre de tráfico","🚔🚨Operativos🚓 Arroyo Seco y alrededores","Acceso lagoslibre"
"-Osc2yCORv4RmK3uDpjl","WhatsApp Bot","2026-05-14T19:56:30.454Z","checkpoint","0","Grupo WhatsApp","Control vehicular en Pueblo Esther.","🚔🚨Operativos🚓 Arroyo Seco y alrededores","Control en pueblo esther"
"-Osc32eCE7Vo87g_9ZWt","WhatsApp Bot","2026-05-14T19:56:52.778Z","checkpoint","0","Grupo WhatsApp","Posible operativo o control de tránsito ubicado en la Ruta Provincial 21, antes de la estación de servicio YPF de General Lagos, para los que circulan en dirección a Rosario.","🚔🚨Operativos🚓 Arroyo Seco y alrededores","Antes de ypf de lagos a rosario"
"-OscP-lASULu_iwEvax9","WhatsApp Bot","2026-05-14T21:32:48.108Z","checkpoint","0","Grupo WhatsApp","Consulta sobre operativos en Ruta Provincial 21, entre Pueblo Esther y Arroyo Seco.","🚔🚨Operativos🚓 Arroyo Seco y alrededores","Algo de pueblo esther a arroyo?"
"-OscTPYW4fy-ZJcbj0jW","WhatsApp Bot","2026-05-14T21:52:02.305Z","checkpoint","0","Grupo WhatsApp","Control entrada de lagos por autopista","🚔🚨Operativos🚓 Arroyo Seco y alrededores","Control entrada de lagos por autopista"
"-OscYM6wniCFVvoBvuPP","WhatsApp Bot","2026-05-14T22:13:38.968Z","checkpoint","0","Grupo WhatsApp","Control en Fighiera en dirección a Arroyo Seco","🚔🚨Operativos🚓 Arroyo Seco y alrededores","Control en fig yendo para arroyo recién"
"-OscYhBuxQL4-_TAO10Y","WhatsApp Bot","2026-05-14T22:15:09.398Z","checkpoint","0","Grupo WhatsApp","Operativo en frente de Grido","🚔🚨Operativos🚓 Arroyo Seco y alrededores","Están también en frente de grido"
"-OscZDiGOVIjHSja7Vj0","WhatsApp Bot","2026-05-14T22:17:26.701Z","checkpoint","0","Grupo WhatsApp","Control en la YPF de Fighiera.","🚔🚨Operativos🚓 Arroyo Seco y alrededores","Fighiera control en la ypf"
"-OscdbX9uAfcFzF1iT18","WhatsApp Bot","2026-05-14T22:40:59.045Z","checkpoint","0","Grupo WhatsApp","Consulta sobre presencia de operativo en el puente de la iglesia","🚔🚨Operativos🚓 Arroyo Seco y alrededores","No saven si están ay todavía al puente d la iglesia"
"-OscfTvYBb9vy2VRTbFK","WhatsApp Bot","2026-05-14T22:49:08.094Z","checkpoint","0","Grupo WhatsApp","Ausencia de operativos policiales o de tránsito frente a la Parroquia Nuestra Señora del Carmen en Arroyo Seco.","🚔🚨Operativos🚓 Arroyo Seco y alrededores","No hay nadie enfrente de la Iglesia"
"-OsckiKvnxQbaj8MJWI2","WhatsApp Bot","2026-05-14T23:12:01.949Z","checkpoint","0","Grupo WhatsApp","El peaje está libre de cobro.","🚔🚨Operativos🚓 Arroyo Seco y alrededores","Peaje libre"
"-OscnzlJmbSBVTymwoUr","WhatsApp Bot","2026-05-14T23:26:19.766Z","checkpoint","0","Grupo WhatsApp","Vía libre entre Fighiera y Arroyo Seco","🚔🚨Operativos🚓 Arroyo Seco y alrededores","Fighiera a a arroyo libre"
"-OsdWsXX3WME_rSuHyT_","WhatsApp Bot","2026-05-15T02:46:48.763Z","municipal","0","Grupo WhatsApp","Operativo de tránsito municipal en Granadero Baigorria.","Solo Operativos de TRÁNSITO!!! 2","Esto pasa en Granadero Baigorria. Tránsito de GB. 

https://www.facebook.com/share/v/1Ee76LzVeQ/"
"-Osd_GzLoHmkZmvOU-A0","WhatsApp Bot","2026-05-15T03:01:39.449Z","municipal","0","Grupo WhatsApp","Control de tránsito municipal en Granadero Baigorria.","Choferes de Uber.!! ","Esto pasa en Granadero Baigorria. Tránsito de GB. 

https://www.facebook.com/share/v/1Ee76LzVeQ/"
"-Osdmnw0b0kGAmQF92bv","WhatsApp Bot","2026-05-15T04:00:46.363Z","checkpoint","0","Grupo WhatsApp","Operativo por ruta 21, en la curva del hospital","🚔🚨Operativos🚓 Arroyo Seco y alrededores","Operativo por ruta 21, en la curva del hospital"
"-OseoOaH8zrZVTzOau6y","WhatsApp Bot","2026-05-15T08:47:19.988Z","police","0","Grupo WhatsApp","Operativo de tránsito en la entrada a Pueblo Esther desde Alvear, con la Policía Vial y CAU (Control y Asistencia Urbana) parando vehículos.","Solo Operativos de TRÁNSITO!!! 2","*🚧🚥🚥🚧RUTA 21 Y OROÑO ENTRADA A PUEBLO ESTHER DESDE ALVEAR DE ESA MANO .... OPERATIVO DE TRÁNSITO (EL CAU control y asistencia urbana) CON LA POLICIA VIAL PARANDO🚧🚥🚥🚧*"
"-OseoPrbAs8p-NoVuOXo","WhatsApp Bot","2026-05-15T08:47:25.193Z","police","0","Grupo WhatsApp","Operativo de tránsito del CAU y la Policía Vial en el ingreso desde Alvear","Solo Operativos de TRÁNSITO!!! 2","*🚧🚥🚥🚧RUTA 21 Y OROÑO ENTRADA A PUEBLO ESTHER DESDE ALVEAR DE ESA MANO .... OPERATIVO DE TRÁNSITO (EL CAU control y asistencia urbana) CON LA POLICIA VIAL PARANDO🚧🚥🚥🚧*"
"-Osf2hIea4_NEtTl7lNN","WhatsApp Bot","2026-05-15T09:54:12.869Z","radar","0","Grupo WhatsApp","Ahí en celulosa debería haber cámaras pero no lo hay","Choferes de Uber.!! ","Ahí en celulosa debería haber cámaras pero no lo hay"
"-OsfP4jFsj2kGttdUsgr","WhatsApp Bot","2026-05-15T11:32:00.106Z","checkpoint","0","Grupo WhatsApp","Consulta sobre posible operativo o incidente en AO-12 y la vía férrea.","🚔🚨Operativos🚓 Arroyo Seco y alrededores","Algo en ao12 y la vía?"
"-OsfPJfCbT5qNcmLN9Bt","WhatsApp Bot","2026-05-15T11:33:01.287Z","checkpoint","0","Grupo WhatsApp","Operativo sobre Avenida San Martín","Choferes de Uber.!! ","Richard"
"-OsfPNd4EjKKVb7bsK0Z","WhatsApp Bot","2026-05-15T11:33:17.534Z","police","0","Grupo WhatsApp","Control de Prefectura","Choferes de Uber.!! ","Si en prefectura"
"-OsfPNgHCm7h_vCFgBqQ","WhatsApp Bot","2026-05-15T11:33:17.740Z","checkpoint","0","Grupo WhatsApp","Consulta por actividad o control en Ruta A012 y el cruce con la vía del tren.","🚔🚨Operativos🚓 Arroyo Seco y alrededores","Algo en ao12 y la vía?"
"-OsfYHVTbD9oyoAlaR4P","WhatsApp Bot","2026-05-15T12:12:11.704Z","checkpoint","0","Grupo WhatsApp","Consulta por operativo o incidente en peaje","🚔🚨Operativos🚓 Arroyo Seco y alrededores","Buen día. Algo por el peaje, mano a Rosario?"
"-Osf_thxh-lUfmYPhQc2","WhatsApp Bot","2026-05-15T12:23:36.599Z","checkpoint","0","Grupo WhatsApp","Consulta por operativos o controles en la ruta que conecta Fighiera con Villa Constitución.","🚔🚨Operativos🚓 Arroyo Seco y alrededores","Buen día , algo de fighiera a villa constitución"
"-Osfa943UHEttT6CVmNk","WhatsApp Bot","2026-05-15T12:24:43.614Z","police","0","Grupo WhatsApp","Potente operativo de tránsito con policía motorizada, grúa para motos y jefe de división.","Solo Operativos de TRÁNSITO!!! 2","*🚧📛📛🚧MENDOZA Y LAVALLE .. LLEGANDO EL POTENTE OPERATIVO DE TRÁNSITO CON EL CARRETON Y ALRREDEDORES TAMBIEN TE LLEVAN AL OPERATIVO CHUPANDO MOTOS🛵🏍️🛵🏍️ A FULL IMPACT CON EL JEFE DE DIVISION RICARDO ROHRER (ALIAS RIO RIO) CON EL TERCIO DELTA DE POLICIA MOTORIZADA... EVITEN ZONA!!!🚧📛📛🚧*"
"-Osfdncx42QED5qwreza","WhatsApp Bot","2026-05-15T12:40:40.287Z","municipal","0","Grupo WhatsApp","Control de tránsito municipal en Granadero Baigorria.","DIDI - Uber Rosario","Esto pasa en Granadero Baigorria. Tránsito de GB. 

https://www.facebook.com/share/v/1Ee76LzVeQ/"
"-Osfe3Nv-CuryBL4gTEk","WhatsApp Bot","2026-05-15T12:41:48.893Z","checkpoint","0","Grupo WhatsApp","Control de acceso en la zona de lagos desde la autopista","🚔🚨Operativos🚓 Arroyo Seco y alrededores","Control acceso lagos por autopista"
"-OsfnA22iWiBXDQJ1Aa_","WhatsApp Bot","2026-05-15T13:21:35.461Z","checkpoint","0","Grupo WhatsApp","Advertencia sobre cómo mostrar documentación durante un control","DIDI - Uber Rosario","Igual em caso de tener q mostrar documentacion mostrar solo mi argentina,  no las otras app que tenes"
"-Osfoci-WDE9kg7ZtqzF","WhatsApp Bot","2026-05-15T13:27:59.138Z","checkpoint","0","Grupo WhatsApp","Yo tengo documentacion fisica y si veo un operativo lo esquivo y si no lo veo apago la app","DIDI - Uber Rosario","Yo tengo documentacion fisica y si veo un operativo lo esquivo y si no lo veo apago la app"
"-Osfp6KmCyJsXGjrTCD-","WhatsApp Bot","2026-05-15T13:30:04.564Z","checkpoint","0","Grupo WhatsApp","Control en 27 y Ruta","🚔🚨Operativos🚓 Arroyo Seco y alrededores","27 y Ruta control"
"-Osfp8pDEa2aApi-iIho","WhatsApp Bot","2026-05-15T13:30:14.768Z","checkpoint","0","Grupo WhatsApp","Operativo establecido en la calle 27","🚔🚨Operativos🚓 Arroyo Seco y alrededores","Pero parando por 27"
"-OsfpR76t8U0vD3SjfgZ","WhatsApp Bot","2026-05-15T13:31:29.705Z","checkpoint","0","Grupo WhatsApp","Operativo o control genérico entre Arroyo Seco y Alvear.","🚔🚨Operativos🚓 Arroyo Seco y alrededores","Algo de arroyo asta Alvear"
"-OsfpT_hMURlkoCMNrC5","WhatsApp Bot","2026-05-15T13:31:39.791Z","checkpoint","0","Grupo WhatsApp","Operativo en Calle 21","🚔🚨Operativos🚓 Arroyo Seco y alrededores","Por 21"
"-Osg-MXL48dEyjE9ilUO","WhatsApp Bot","2026-05-15T14:19:14.488Z","municipal","0","Grupo WhatsApp","En un ato común, pero atrás porque el la tiene clara y los zorros no oaran Uber 🤣","Choferes de Uber.!! ","En un ato común, pero atrás porque el la tiene clara y los zorros no oaran Uber 🤣"
"-OsglKVyJj3pgPTRcedC","WhatsApp Bot","2026-05-15T17:53:11.264Z","police","0","Grupo WhatsApp","*🚧📛📛🚧ENTRE RÍOS ENTRE SAN JUAN Y MENDOZA.... LLEGANDO EL POTENTE OPERATIVO DE TRÁNSITO CON EL CA","Solo Operativos de TRÁNSITO!!! 2","*🚧📛📛🚧ENTRE RÍOS ENTRE SAN JUAN Y MENDOZA.... LLEGANDO EL POTENTE OPERATIVO DE TRÁNSITO CON EL CARRETON Y ALRREDEDORES TAMBIEN TE LLEVAN AL OPERATIVO CHUPANDO MOTOS 🛵🏍️🛵🏍️A FULL IMPACT CON EL JEFE DE DIVISION SEBASTIAN VALLEJOS (ALIAS ESPALDA Y OLOR A PATA) CON EL TERCIO DELTA DE POLICIA MOTORIZADA.... EVITEN ZONA!!!🚧📛📛🚧*"
"-OsgnJ_yCbG_yd6c4Mhr","WhatsApp Bot","2026-05-15T18:01:51.776Z","checkpoint","0","Grupo WhatsApp","Consulta por posibles operativos o incidentes en la ruta","🚔🚨Operativos🚓 Arroyo Seco y alrededores","ALGO DE ARROYO A LAGOS X RUTA?"
"-OsgrlgWZ10Sc6LsSEr9","WhatsApp Bot","2026-05-15T18:21:19.555Z","radar","0","Grupo WhatsApp","Radar antes de Cerrito","Solo Operativos de TRÁNSITO!!! 2","BsAs antes de cerrito, radar"
"-OsgroH-MIullY_Vzqv3","WhatsApp Bot","2026-05-15T18:21:30.146Z","checkpoint","0","Grupo WhatsApp","Operativo reportado hasta Pueblo Esther.","🚔🚨Operativos🚓 Arroyo Seco y alrededores","Hasta pueblo esther"
"-Osgthlq2HG4RpvPD2O9","WhatsApp Bot","2026-05-15T18:29:47.800Z","checkpoint","0","Grupo WhatsApp","Se están preparando para un operativo","🚔🚨Operativos🚓 Arroyo Seco y alrededores","Se están preparando entre libertad y ruta 21"
"-Osgtmq2l2q_w1t7x7A6","WhatsApp Bot","2026-05-15T18:30:08.549Z","checkpoint","0","Grupo WhatsApp","Posible operativo o control en Arroyo Seco.","🚔🚨Operativos🚓 Arroyo Seco y alrededores","Arroyo seco"
"-OshAcPwM0nhFXJLPZQY","WhatsApp Bot","2026-05-15T19:48:04.440Z","checkpoint","0","Grupo WhatsApp","*🚩🏁🚩ENTRE RÍOS ENTRE SAN JUAN Y MENDOZA.... YA ESTA LIMPIO EL OPERATIVO DE TRÁNSITO🚩🏁🚩* 

*🚩?","Solo Operativos de TRÁNSITO!!! 2","*🚩🏁🚩ENTRE RÍOS ENTRE SAN JUAN Y MENDOZA.... YA ESTA LIMPIO EL OPERATIVO DE TRÁNSITO🚩🏁🚩* 

*🚩🏁🚩GORRITI AL 400 Y ECHEVERRIA..... YA ESTA LIMPIO EL OPERATIVO DE (FISCA) FISCALIZACION DE TRANSPORTE🚩🏁🚩*"
"-OshK_Ds9lHj5j88IkWC","WhatsApp Bot","2026-05-15T20:31:32.820Z","checkpoint","0","Grupo WhatsApp","Consulta por posible operativo en Pueblo Esther.","🚔🚨Operativos🚓 Arroyo Seco y alrededores","Algo en pueblo esther ?"
"-OshXpg6kQ3e_sKMerCe","WhatsApp Bot","2026-05-15T21:29:28.099Z","checkpoint","0","Grupo WhatsApp","Operativo detectado en la zona.","🚔🚨Operativos🚓 Arroyo Seco y alrededores","Solo operativo"
"-Oshg0OvW7pNE5zqtL-9","WhatsApp Bot","2026-05-15T22:09:35.383Z","checkpoint","0","Grupo WhatsApp","Control vehicular en Fighiera","🚔🚨Operativos🚓 Arroyo Seco y alrededores","Control fighiera antes ypf"
"-OshiSEP0RrWn49mCSxT","WhatsApp Bot","2026-05-15T22:20:13.689Z","checkpoint","0","Grupo WhatsApp","Consulta por operativo en Independencia y El Cristo","🚔🚨Operativos🚓 Arroyo Seco y alrededores","Algo en el cristo x independencia?"
"-OshlEhPiNjOLcD0vqOr","WhatsApp Bot","2026-05-15T22:32:24.691Z","municipal","0","Grupo WhatsApp","Presencia de inspectores de tránsito (zorros) en zona de la terminal y Bioceres Arena","Solo Operativos de TRÁNSITO!!! 2","Zona de la terminal, bioceres arena y por calle córdoba lleno de zorros por las dudas evitar"
"-OshnYkx3ChuDZcoLGj4","WhatsApp Bot","2026-05-15T22:42:31.127Z","police","0","Grupo WhatsApp","Operativo de tránsito con alcoholemia y policía vial en ambas manos","Solo Operativos de TRÁNSITO!!! 2","*🚧🚦🚦🚧RUTA 21 Y PERONI EN PUEBLO ESTHER.... OPERATIVO DE TRÁNSITO (EL CAU control y asistencia urbana) CON ALCOHOLEMIA Y POLICIA VIAL AMBAS MANOS🚧🚦🚦🚧*"
"-Osi-WqBlnGkNjzickvZ","WhatsApp Bot","2026-05-15T23:39:11.141Z","checkpoint","0","Grupo WhatsApp","Consulta sobre posible operativo o incidente en A012 y las vías","🚔🚨Operativos🚓 Arroyo Seco y alrededores","Ay algo en la a012 y las vías ??"
"-Osi5bOcPxMgYWIFipWf","WhatsApp Bot","2026-05-16T00:05:46.764Z","checkpoint","0","Grupo WhatsApp","Control por belgrano antes de mitre","🚔🚨Operativos🚓 Arroyo Seco y alrededores","Control por belgrano antes de mitre"
"-OtzwvS5-jkM4vAdUeqB","WhatsApp Bot","2026-05-31T21:32:19.169Z","checkpoint","0","Grupo WhatsApp","Control en tecnolagos recién pase","🚔🚨Operativos🚓 Arroyo Seco y alrededores","Control en tecnolagos recién pase"
"-Ou-7xzhnD-sbU5QNYHO","WhatsApp Bot","2026-05-31T22:24:55.303Z","checkpoint","0","Grupo WhatsApp","Sigue el control","🚔🚨Operativos🚓 Arroyo Seco y alrededores","Sigue el control"
"-Ou-A3A1gmmfAv3BVisF","WhatsApp Bot","2026-05-31T22:34:04.892Z","checkpoint","0","Grupo WhatsApp","No hay control. Tránsito está por la inauguración de la estación nuev","🚔🚨Operativos🚓 Arroyo Seco y alrededores","No hay control. Tránsito está por la inauguración de la estación nuev"
"-Ou-BBbxK4Fg12xTX_MC","WhatsApp Bot","2026-05-31T22:39:01.655Z","accident","0","Grupo WhatsApp","tuve un choque y no me cierra la puerta, el auto lo uso solo para trabajar, por eso busco mas que na","DIDI - Uber Rosario","tuve un choque y no me cierra la puerta, el auto lo uso solo para trabajar, por eso busco mas que nada precio. Gracias."
"-Ou-HjNu3BrmpXcEG5W_","WhatsApp Bot","2026-05-31T23:07:36.915Z","police","0","Grupo WhatsApp","Transito y policía en la 9","🚔🚨Operativos🚓 Arroyo Seco y alrededores","Transito y policía en la 9"
"-Ou-IdLGtkjkHdgcoYSJ","WhatsApp Bot","2026-05-31T23:11:34.315Z","firetruck","0","Grupo WhatsApp","Dejame que me agarre la loca lo prendo fuego","DIDI - Uber Rosario","Dejame que me agarre la loca lo prendo fuego"
"-Ou-ZvsDeQAgj8s3OH4P","WhatsApp Bot","2026-06-01T00:27:06.663Z","checkpoint","0","Grupo WhatsApp","*🚧📛📛🚧SALTA Y RICHIERI Y ALRREDEDORES.... LLEGANDO EL POTENTE OPERATIVO DE TRÁNSITO CON ALCOHOLEM","Solo Operativos de TRÁNSITO!!! 2","*🚧📛📛🚧SALTA Y RICHIERI Y ALRREDEDORES.... LLEGANDO EL POTENTE OPERATIVO DE TRÁNSITO CON ALCOHOLEMIA🗣️🗣️ NARCOLEMIA Y THC CANNABIS CON EL CARRETON Y LAS GRUAS 🚘🛵🚘🛵A FULL IMPACT CON LA JEFA DE DIVISION TERESA BARBOSA ( COIMERA Y CHOBORRA) EVITEN ZONA!!!🚧📛📛🚧*"
"-Ou-uz7jl5x9HPTr7IXD","WhatsApp Bot","2026-06-01T02:03:27.176Z","checkpoint","0","Grupo WhatsApp","Control por san martin a la altura de 9 de julio","🚔🚨Operativos🚓 Arroyo Seco y alrededores","Control por san martin a la altura de 9 de julio"
"-Ou0-G5dgBxo90AoHiW9","WhatsApp Bot","2026-06-01T02:26:31.490Z","checkpoint","0","Grupo WhatsApp","*🚧📛📛🚧OVIDIOS LAGOS Y CATAMARCA Y ALRREDEDORES....SE MUDÓ EL POTENTE OPERATIVO DE TRÁNSITO CON AL","Solo Operativos de TRÁNSITO!!! 2","*🚧📛📛🚧OVIDIOS LAGOS Y CATAMARCA Y ALRREDEDORES....SE MUDÓ EL POTENTE OPERATIVO DE TRÁNSITO CON ALCOHOLEMIA🗣️🗣️ NARCOLEMIA Y THC CANNABIS CON EL CARRETON Y LAS GRUAS 🚘🛵🚘🛵A FULL IMPACT CON LA JEFA DE DIVISION TERESA BARBOSA ( COIMERA Y CHOBORRA) EVITEN ZONA!!!🚧📛📛🚧*"
"-Ou0-HjlJuArXkMD3L82","WhatsApp Bot","2026-06-01T02:26:38.218Z","checkpoint","0","Grupo WhatsApp","*🚧📛📛🚧OVIDIOS LAGOS Y CATAMARCA Y ALRREDEDORES....SE MUDÓ EL POTENTE OPERATIVO DE TRÁNSITO CON AL","Solo Operativos de TRÁNSITO!!! 2","*🚧📛📛🚧OVIDIOS LAGOS Y CATAMARCA Y ALRREDEDORES....SE MUDÓ EL POTENTE OPERATIVO DE TRÁNSITO CON ALCOHOLEMIA🗣️🗣️ NARCOLEMIA Y THC CANNABIS CON EL CARRETON Y LAS GRUAS 🚘🛵🚘🛵A FULL IMPACT CON LA JEFA DE DIVISION TERESA BARBOSA ( COIMERA Y CHOBORRA) EVITEN ZONA!!!🚧📛📛🚧*"
"-Ou1qiOGsb-i71IG-5qR","WhatsApp Bot","2026-06-01T11:04:04.458Z","municipal","0","Grupo WhatsApp","Accidente en frente de la Shell de pueblo esther. Tránsito lento","🚔🚨Operativos🚓 Arroyo Seco y alrededores","Accidente en frente de la Shell de pueblo esther. Tránsito lento"
"-Ou20BrezuYdxwRpDUTy","WhatsApp Bot","2026-06-01T11:49:50.727Z","police","0","Grupo WhatsApp","*🚧📛📛🚧ATENCION PASADAS LAS 9 HS .... MENDOZA Y LAVALLE (COLEGIO PESTALOZZI)... LLEGA EL POTENTE O","Solo Operativos de TRÁNSITO!!! 2","*🚧📛📛🚧ATENCION PASADAS LAS 9 HS .... MENDOZA Y LAVALLE (COLEGIO PESTALOZZI)... LLEGA EL POTENTE OPERATIVO DE TRÁNSITO CON EL CARRETON Y ALRREDEDORES TAMBIEN TE LLEVAN AL OPERATIVO CHUPANDO MOTOS 🛵🏍️🛵🏍️A FULL IMPACT CON EL JEFE DE DIVISION RICARDO ROHRER (ALIAS RIO RIO) CON EL TERCIO DELTA DE POLICIA MOTORIZADA.... A PARTIR DE ESA HORA EVITEN ZONA!!!🚧📛📛🚧*"
"-Ou21ICWBJGVQH6ac1Wf","WhatsApp Bot","2026-06-01T11:54:38.843Z","traffic","0","Grupo WhatsApp","Tránsito libre y sin demoras en el acceso a la ciudad","🚔🚨Operativos🚓 Arroyo Seco y alrededores","Acceso arroyo libre ahora"
"-Ou2DEt-7SFG4BT_fLIQ","WhatsApp Bot","2026-06-01T12:46:50.974Z","checkpoint","0","Grupo WhatsApp","Operativo en el acceso de lagos por autopista","🚔🚨Operativos🚓 Arroyo Seco y alrededores","Operativo en el acceso de lagos por autopista"
"-Ou2DEvpGjVYdrDHR_ir","WhatsApp Bot","2026-06-01T12:46:51.155Z","checkpoint","0","Grupo WhatsApp","Operativo en el acceso de lagos por autopista","🚔🚨Operativos🚓 Arroyo Seco y alrededores","Operativo en el acceso de lagos por autopista"
"-Ou2_zbsIjO7JLLgsgLN","WhatsApp Bot","2026-06-01T14:30:35.790Z","checkpoint","0","Grupo WhatsApp","Sigue el control en pueblo Esther???","🚔🚨Operativos🚓 Arroyo Seco y alrededores","Sigue el control en pueblo Esther???"
"-Ou2zM_nnHzlDQjW3GDi","WhatsApp Bot","2026-06-01T16:21:27.575Z","police","0","Grupo WhatsApp","*🚧📛📛🚧ATENCION PASADAS LAS 9 HS .... MENDOZA Y LAVALLE (COLEGIO PESTALOZZI)... LLEGA EL POTENTE O","Trabajo","*🚧📛📛🚧ATENCION PASADAS LAS 9 HS .... MENDOZA Y LAVALLE (COLEGIO PESTALOZZI)... LLEGA EL POTENTE OPERATIVO DE TRÁNSITO CON EL CARRETON Y ALRREDEDORES TAMBIEN TE LLEVAN AL OPERATIVO CHUPANDO MOTOS 🛵🏍️🛵🏍️A FULL IMPACT CON EL JEFE DE DIVISION RICARDO ROHRER (ALIAS RIO RIO) CON EL TERCIO DELTA DE POLICIA MOTORIZADA.... A PARTIR DE ESA HORA EVITEN ZONA!!!🚧📛📛🚧*"
"-Ou35GhgzNqjTvz58uzC","WhatsApp Bot","2026-06-01T16:51:38.502Z","municipal","0","Grupo WhatsApp","*🚧📛📛🚧ATENCION PASADAS LAS 9 HS .... MENDOZA Y LAVALLE (COLEGIO PESTALOZZI)... LLEGA EL POTENTE O","Trabajo","*🚧📛📛🚧ATENCION PASADAS LAS 9 HS .... MENDOZA Y LAVALLE (COLEGIO PESTALOZZI)... LLEGA EL POTENTE OPERATIVO DE TRÁNSITO CON EL CARRETON Y ALRREDEDORES TAMBIEN TE LLEVAN AL OPERATIVO CHUPANDO MOTOS 🛵🏍️🛵🏍️A FULL IMPACT CON EL JEFE DE DIVISION RICARDO ROHRER (ALIAS RIO RIO) CON EL TERCIO DELTA DE POLICIA MOTORIZADA.... A PARTIR DE ESA HORA EVITEN ZONA!!!🚧📛📛🚧*"
"-Ou3RuVQf0oCCuwYfHXq","WhatsApp Bot","2026-06-01T18:30:32.755Z","municipal","0","Grupo WhatsApp","*🚧📛📛🚧SANTA FE ENTRE BUENOS AIRES Y LAPRIDA.... EL POTENTE OPERATIVO DE TRÁNSITO CON EL CARRETON ","Solo Operativos de TRÁNSITO!!! 2","*🚧📛📛🚧SANTA FE ENTRE BUENOS AIRES Y LAPRIDA.... EL POTENTE OPERATIVO DE TRÁNSITO CON EL CARRETON Y ALRREDEDORES TAMBIEN TE LLEVAN AL OPERATIVO CHUPANDO MOTOS🛵🏍️🛵🏍️ A FULL IMPACT CON EL JEFE DE DIVISION GUILLERMO GHILARDONI (ALIAS TOPO GIGIO).... EVITEN ZONA!!!🚧📛📛🚧*"
"-Ou3bV3h8pP4nI_S08_k","WhatsApp Bot","2026-06-01T19:16:48.068Z","police","0","Grupo WhatsApp","Estaba la policía a recién avían parado a una chata pero estaban sin conos","🚔🚨Operativos🚓 Arroyo Seco y alrededores","Estaba la policía a recién avían parado a una chata pero estaban sin conos"
"-Ou3kdI2CvAIo_uUWSzK","WhatsApp Bot","2026-06-01T19:56:45.146Z","municipal","0","Grupo WhatsApp","*🚩🏁🚩MONTEVIDEO ENTRE PARANÁ Y CARRIEGO.... LIMPIO EL OPERATIVO DE(FISCA) FISCALIZACION DE TRANSPO","Solo Operativos de TRÁNSITO!!! 2","*🚩🏁🚩MONTEVIDEO ENTRE PARANÁ Y CARRIEGO.... LIMPIO EL OPERATIVO DE(FISCA) FISCALIZACION DE TRANSPORTE🚩🏁🚩* 

*🚩🏁🚩SANTA FE ENTRE BUENOS AIRES Y LAPRIDA.... YA ESTA LIMPIO EL OPERATIVO DE TRÁNSITO🚩🏁🚩*"
"-Ou3pLeE_F0a4l1ss_mH","WhatsApp Bot","2026-06-01T20:17:19.551Z","checkpoint","0","Grupo WhatsApp","En kenedy y la ruta hay operativo?","🚔🚨Operativos🚓 Arroyo Seco y alrededores","En kenedy y la ruta hay operativo?"
"-Ou441P09rn1eFq5L9FS","WhatsApp Bot","2026-06-01T21:25:50.871Z","checkpoint","0","Grupo WhatsApp","Control en salida de Lagos","🚔🚨Operativos🚓 Arroyo Seco y alrededores","Paran a los que salen de lagos"
"-Ou442395bBO6dKbxzWs","WhatsApp Bot","2026-06-01T21:25:53.568Z","police","0","Grupo WhatsApp","Policía y tránsito en acceso autopista lagos","🚔🚨Operativos🚓 Arroyo Seco y alrededores","Policía y tránsito en acceso autopista lagos"
"-Ou443g-8JN2J3otsRHd","WhatsApp Bot","2026-06-01T21:26:00.214Z","police","0","Grupo WhatsApp","Policía y tránsito en acceso autopista lagos","🚔🚨Operativos🚓 Arroyo Seco y alrededores","Policía y tránsito en acceso autopista lagos"
"-Ou4F_ppSjNVh-KiDI5b","WhatsApp Bot","2026-06-01T22:16:19.611Z","checkpoint","0","Grupo WhatsApp","Acceso arroyo seco por autopista, solamente control urbano","🚔🚨Operativos🚓 Arroyo Seco y alrededores","Acceso arroyo seco por autopista, solamente control urbano"
"-Ou4FemTOGlMBLS1qpkK","WhatsApp Bot","2026-06-01T22:16:39.871Z","municipal","0","Grupo WhatsApp","Control urbano en acceso Arroyo Seco por autopista.","🚔🚨Operativos🚓 Arroyo Seco y alrededores","Acceso arroyo seco por autopista, solamente control urbano"
"-Ou4KhJb3vpLgLh5nX5K","WhatsApp Bot","2026-06-01T22:38:40.962Z","checkpoint","0","Grupo WhatsApp","Operativo frente el ladrillero en pueblo esther.","🚔🚨Operativos🚓 Arroyo Seco y alrededores","Operativo frente el ladrillero en pueblo esther."
"-Ou58mwZUU4ThCKPPBOJ","WhatsApp Bot","2026-06-02T02:26:15.497Z","checkpoint","0","Grupo WhatsApp","Operativo en el Cristo por independencia","🚔🚨Operativos🚓 Arroyo Seco y alrededores","Operativo en el Cristo por independencia"
"-Ou5Ar7Dw1QD1Dowzk7a","WhatsApp Bot","2026-06-02T02:35:16.913Z","checkpoint","0","Grupo WhatsApp","Operativo en el Cristo por Independencia","🚔🚨Operativos🚓 Arroyo Seco y alrededores","Operativo en el Cristo por independencia"
"-Ou5MVvN4MJs_bASRKn7","WhatsApp Bot","2026-06-02T03:26:11.705Z","checkpoint","0","Grupo WhatsApp","Control apena dobla Juan b Justo","🚔🚨Operativos🚓 Arroyo Seco y alrededores","Control apena dobla Juan b Justo"
"-Ou5MXG7CRN4wjxP94ec","WhatsApp Bot","2026-06-02T03:26:17.193Z","police","0","Grupo WhatsApp","Sobre la ruta policia parando","🚔🚨Operativos🚓 Arroyo Seco y alrededores","Sobre la ruta policia parando"
"-Ou72IyPvsZXgr5g7Bqk","WhatsApp Bot","2026-06-02T11:17:10.197Z","radar","0","Grupo WhatsApp","Puerta Shopping Junín cámara","Solo Operativos de TRÁNSITO!!! 2","Puerta Shopping Junín cámara"
"-Ou72WtJ5bPWhImQCglp","WhatsApp Bot","2026-06-02T11:18:07.214Z","police","0","Grupo WhatsApp","En barrio MITRE Pavón.  , policía urbano al costado de la ruta por refacciones de la ruta","🚔🚨Operativos🚓 Arroyo Seco y alrededores","En barrio MITRE Pavón.  , policía urbano al costado de la ruta por refacciones de la ruta"
"-Ou78B8Ob75nR4wSQ_x_","WhatsApp Bot","2026-06-02T11:42:50.996Z","traffic","0","Grupo WhatsApp","Transito de funes x cordoba, abajo del puente que va al aeropuerto (mano a funes)","Solo Operativos de TRÁNSITO!!! 2","Transito de funes x cordoba, abajo del puente que va al aeropuerto (mano a funes)"
"-Ou7V6TDE6M2FXgfse3d","WhatsApp Bot","2026-06-02T13:23:01.161Z","traffic","0","Grupo WhatsApp","Ayacucho y battle Ordóñez por Ayacucho ambas manos está tránsito","Solo Operativos de TRÁNSITO!!! 2","Ayacucho y battle Ordóñez por Ayacucho ambas manos está tránsito"
"-Ou7_OBrmYJhfhl8jFXN","WhatsApp Bot","2026-06-02T13:46:04.497Z","police","0","Grupo WhatsApp","Policías en tierra. De sueño","🚔🚨Operativos🚓 Arroyo Seco y alrededores","Policías en tierra. De sueño"
"-Ou8SAfbOIm56D-fQwgG","WhatsApp Bot","2026-06-02T17:49:49.192Z","police","0","Grupo WhatsApp","Avenida Francia y centeno por Francia mano al sur policía parando moto y autos","Solo Operativos de TRÁNSITO!!! 2","Avenida Francia y centeno por Francia mano al sur policía parando moto y autos"
"-Ou8SAy-z1gsysRB5sEP","WhatsApp Bot","2026-06-02T17:49:50.369Z","police","0","Grupo WhatsApp","Avenida Francia y centeno por Francia mano al sur policía parando moto y autos","Solo Operativos de TRÁNSITO!!! 2","Avenida Francia y centeno por Francia mano al sur policía parando moto y autos"
"-Ou8Sn7fA2pJlwN65cG5","WhatsApp Bot","2026-06-02T17:52:30.797Z","municipal","0","Grupo WhatsApp","*🚧📛📛🚧ATENCION .... PASADAS LAS 15 HS Y HASTA LAS 17 HS.... PARAGUAY ENTRE MENDOZA Y 3 DE FEBRERO","Solo Operativos de TRÁNSITO!!! 2","*🚧📛📛🚧ATENCION .... PASADAS LAS 15 HS Y HASTA LAS 17 HS.... PARAGUAY ENTRE MENDOZA Y 3 DE FEBRERO.... LLEGA EL POTENTE OPERATIVO DE TRÁNSITO CON EL CARRETON Y ALRREDEDORES TAMBIEN TE LLEVAN AL OPERATIVO CHUPANDO MOTOS 🛵🏍️🛵🏍️A FULL IMPACT CON EL JEFE DE DIVISION GUILLERMO GHILARDONI (ALIAS GIGIO) CON EL TERCIO DELTA DE POLICIA MOTORIZADA.... EVITEN ZONA EN ESOS HORARIOS!!🚧📛📛🚧*"
"-Ou8h2HM2fNNLGvmZh9t","WhatsApp Bot","2026-06-02T18:59:09.113Z","traffic","0","Grupo WhatsApp","Moviles por 27
Transito a pie por Necochea esquina Gálvez","Solo Operativos de TRÁNSITO!!! 2","Moviles por 27
Transito a pie por Necochea esquina Gálvez"
"-Ou8nWSiP6X2djESiPJG","WhatsApp Bot","2026-06-02T19:27:25.584Z","municipal","0","Grupo WhatsApp","*🚩🏁🚩NECOCHEA ENTRE GALVEZ Y 27 DE FEBRERO.... YA QUEDO LIMPIO EL OPERATIVO DE (FISCA) FISCALIZACI","Solo Operativos de TRÁNSITO!!! 2","*🚩🏁🚩NECOCHEA ENTRE GALVEZ Y 27 DE FEBRERO.... YA QUEDO LIMPIO EL OPERATIVO DE (FISCA) FISCALIZACION DE TRANSPORTE🚩🏁🚩*"
"-Ou8qqGAyHzXAgBapQVq","WhatsApp Bot","2026-06-02T19:41:57.228Z","municipal","0","Grupo WhatsApp","*🚩🏁🚩PARAGUAY ENTRE MENDOZA Y 3 DE FEBRERO... YA ESTÁ LIMPIO EL OPERATIVO DE TRÁNSITO🚩🏁🚩*","Solo Operativos de TRÁNSITO!!! 2","*🚩🏁🚩PARAGUAY ENTRE MENDOZA Y 3 DE FEBRERO... YA ESTÁ LIMPIO EL OPERATIVO DE TRÁNSITO🚩🏁🚩*"
"-Ou8vULQQ-N21mcS2X1b","WhatsApp Bot","2026-06-02T20:02:14.077Z","municipal","0","Grupo WhatsApp","*🚧🚥🚥🚧RUTA 18 KM 2 AMBAS MANOS.... OPERATIVO DE TRANSITO DE ALVEAR CON LA POLICIA A FULL🚧🚥🚥🚧*","Solo Operativos de TRÁNSITO!!! 2","*🚧🚥🚥🚧RUTA 18 KM 2 AMBAS MANOS.... OPERATIVO DE TRANSITO DE ALVEAR CON LA POLICIA A FULL🚧🚥🚥🚧*"
"-Ou8vsh4vIJuC8QAamaJ","WhatsApp Bot","2026-06-02T20:03:57.927Z","checkpoint","0","Grupo WhatsApp","Esta bien controlare","Choferes de Uber.!! ","Esta bien controlare"
"-Ou96YVQhr18fEPw1cBN","WhatsApp Bot","2026-06-02T20:54:56.829Z","traffic","0","Grupo WhatsApp","Sumale la tensión del tráfico y lo mal pagos viajes","Choferes de Uber.!! ","Sumale la tensión del tráfico y lo mal pagos viajes"
"-Ou99OCz74wYDkxBp8vJ","WhatsApp Bot","2026-06-02T21:07:21.121Z","checkpoint","0","Grupo WhatsApp","Operativo entre arroyo y lagos ruta 21","🚔🚨Operativos🚓 Arroyo Seco y alrededores","Operativo entre arroyo y lagos ruta 21"
"-Ou99P8Eg-LcztuwJLZn","WhatsApp Bot","2026-06-02T21:07:24.913Z","checkpoint","0","Grupo WhatsApp","Operativo entre arroyo y lagos ruta 21","🚔🚨Operativos🚓 Arroyo Seco y alrededores","Operativo entre arroyo y lagos ruta 21"
"-Ou9FCfBIPTk_iYCi_yW","WhatsApp Bot","2026-06-02T21:32:46.702Z","checkpoint","0","Grupo WhatsApp","Siguen en fighera haciendo control","🚔🚨Operativos🚓 Arroyo Seco y alrededores","Siguen en fighera haciendo control"
"-Ou9NnRHbw92GkRdKPgZ","WhatsApp Bot","2026-06-02T22:10:18.547Z","checkpoint","0","Grupo WhatsApp","Operativo en acceso a Arroyo Seco","🚔🚨Operativos🚓 Arroyo Seco y alrededores","Operativo  acceso arroyo por autopista"
"-Ou9_CN5G_7V9TS0999j","WhatsApp Bot","2026-06-02T23:04:30.503Z","checkpoint","0","Grupo WhatsApp","Oroño y R21 control","🚔🚨Operativos🚓 Arroyo Seco y alrededores","Oroño y R21 control"
"-Ou9mgML1glhb1nc0Gmw","WhatsApp Bot","2026-06-03T00:03:25.304Z","traffic","0","Grupo WhatsApp","Cuidado ambos shopping alto y portal tránsito","Choferes de Uber.!! ","Cuidado ambos shopping alto y portal tránsito"
"-OuAkRzo3bTdn7M56SVn","WhatsApp Bot","2026-06-03T04:33:15.286Z","traffic","0","Grupo WhatsApp","Tránsito entre cardozo y kennedy por ruta 21","🚔🚨Operativos🚓 Arroyo Seco y alrededores","Tránsito entre cardozo y kennedy por ruta 21"
"-OuCDy14IB2bOW2Wytc4","WhatsApp Bot","2026-06-03T11:26:12.127Z","checkpoint","0","Grupo WhatsApp","Peaje control  de los dos lado","🚔🚨Operativos🚓 Arroyo Seco y alrededores","Peaje control  de los dos lado"
"-OuCFM4hHGhlmb7ts_yK","WhatsApp Bot","2026-06-03T11:32:16.903Z","police","0","Grupo WhatsApp","*🚧🚥🚥🚧RUTA 9 ABAJO DEL PUENTE QUE ENTRA AL AEROPUERTO MANO AL OESTE.... TRANSITO CON LA POLICÍA P","Solo Operativos de TRÁNSITO!!! 2","*🚧🚥🚥🚧RUTA 9 ABAJO DEL PUENTE QUE ENTRA AL AEROPUERTO MANO AL OESTE.... TRANSITO CON LA POLICÍA PARANDO🚧🚥🚥🚧*"
"-OuCG97uttl__nEVUkST","WhatsApp Bot","2026-06-03T11:35:46.003Z","police","0","Grupo WhatsApp","*🚧🔺🔺🚧AUTOPISTA ROSARIO -  BUENOS AIRES EN EL PEAJE DE GRAL LAGOS MANO A ROSARIO.... TERRIBLE OPE","Solo Operativos de TRÁNSITO!!! 2","*🚧🔺🔺🚧AUTOPISTA ROSARIO -  BUENOS AIRES EN EL PEAJE DE GRAL LAGOS MANO A ROSARIO.... TERRIBLE OPERATIVO DE SEGURIDAD VIAL CON POLICIA VIAL A FULL IMPACT....ATENTOS!!🚧🔺🔺🚧*"
"-OuCQXBt51XeZKxYp61G","WhatsApp Bot","2026-06-03T12:21:06.002Z","municipal","0","Grupo WhatsApp","*🚧📛📛🚧ENTRE RIOS ENTRE SAN JUAN Y MENDOZA.... EL POTENTE OPERATIVO DE TRÁNSITO CON EL CARRETON Y ","Solo Operativos de TRÁNSITO!!! 2","*🚧📛📛🚧ENTRE RIOS ENTRE SAN JUAN Y MENDOZA.... EL POTENTE OPERATIVO DE TRÁNSITO CON EL CARRETON Y ALRREDEDORES TAMBIEN TE LLEVAN AL OPERATIVO CHUPANDO MOTOS 🛵🏍️🛵🏍️A FULL IMPACT CON EL JEFE DE DIVISION RICARDO ROHRER (ALIAS RIO RIO) CON EL TERCIO DELTA DE POLICIA MOTORIZADA.... EVITEN ZONA!!!🚧📛📛🚧*"
"-OuCXVXWsO0VXtq2z689","WhatsApp Bot","2026-06-03T12:51:34.203Z","checkpoint","0","Grupo WhatsApp","Acceso  lagos control","🚔🚨Operativos🚓 Arroyo Seco y alrededores","Acceso  lagos control"
"-OuCXyd9FVK7SPQ3OmqC","WhatsApp Bot","2026-06-03T12:53:37.508Z","checkpoint","0","Grupo WhatsApp","Entrada lagos por autopista control","🚔🚨Operativos🚓 Arroyo Seco y alrededores","Entrada lagos por autopista control"
"-OuDdOlGrFHwjX4UPsWe","WhatsApp Bot","2026-06-03T18:01:18.699Z","radar","0","Grupo WhatsApp","Pellegrini y barra (mano al este) radar movil max 60km/h","Solo Operativos de TRÁNSITO!!! 2","Pellegrini y barra (mano al este) radar movil max 60km/h"
"-OuDj4Jj4r52pfmOROnz","WhatsApp Bot","2026-06-03T18:26:07.817Z","checkpoint","0","Grupo WhatsApp","Control ingreso lagos por ruta pasando el dasarmadero","🚔🚨Operativos🚓 Arroyo Seco y alrededores","Control ingreso lagos por ruta pasando el dasarmadero"
"-OuE-szdGCLFZ2IDwY7u","WhatsApp Bot","2026-06-03T19:43:55.915Z","checkpoint","0","Grupo WhatsApp","Operativo en entrada Figueroa","🚔🚨Operativos🚓 Arroyo Seco y alrededores","Op entrada fig"
"-OuEOpmrXxI_wPhVpTHD","WhatsApp Bot","2026-06-03T21:32:56.403Z","checkpoint","0","Grupo WhatsApp","Control en la entrada de pueblo Esther shell","🚔🚨Operativos🚓 Arroyo Seco y alrededores","Control en la entrada de pueblo Esther shell"
"-OuEsOwfKI1QBV9DfxLb","WhatsApp Bot","2026-06-03T23:46:28.805Z","checkpoint","0","Grupo WhatsApp","Control sobre la ruta en lagos  cerca de tecnologos en los semáforos","🚔🚨Operativos🚓 Arroyo Seco y alrededores","Control sobre la ruta en lagos  cerca de tecnologos en los semáforos"
"-OuF0aHxrhJc5MaDKoq9","WhatsApp Bot","2026-06-04T00:26:38.680Z","checkpoint","0","Grupo WhatsApp","Control en entrada a Pueblo Esther, altura YPF","🚔🚨Operativos🚓 Arroyo Seco y alrededores","Control en la entrada a pueblo Esther a la salida de la altura de la ypf"
"-OuFRsJoJ8lXwot5cBrB","WhatsApp Bot","2026-06-04T02:25:50.417Z","police","0","Grupo WhatsApp","Policía y tránsito en la primer entrada a lagos","🚔🚨Operativos🚓 Arroyo Seco y alrededores","Policía y tránsito en la primer entrada a lagos"
"-OuF_llp-FxnbqFR8t-v","WhatsApp Bot","2026-06-04T03:04:42.898Z","checkpoint","0","Grupo WhatsApp","Armando operativo Fiocchi","🚔🚨Operativos🚓 Arroyo Seco y alrededores","Armando operativo Fiocchi"
"-OuHS-hPyAPcnXUE8cL2","WhatsApp Bot","2026-06-04T11:45:39.197Z","radar","0","Grupo WhatsApp","Radar de velocidad arijon entre bs as y bermudez max 60","Solo Operativos de TRÁNSITO!!! 2","Radar de velocidad arijon entre bs as y bermudez max 60"
"-OuHS5pjMzH4QrWf2wJM","WhatsApp Bot","2026-06-04T11:46:04.309Z","checkpoint","0","Grupo WhatsApp","Operativo en autopista","🚔🚨Operativos🚓 Arroyo Seco y alrededores","Op Acceso Lagos autopista"
"-OuHYF5yUloHZTZngoKf","WhatsApp Bot","2026-06-04T12:12:55.135Z","checkpoint","0","Grupo WhatsApp","Operativo en Entrada Norte Fighiera","🚔🚨Operativos🚓 Arroyo Seco y alrededores","Op entrada norte fighiera"
"-OuHdFtnKbHtHC9TPNuQ","WhatsApp Bot","2026-06-04T12:39:11.244Z","checkpoint","0","Grupo WhatsApp","Operativo en entrada de lagos por autopista","🚔🚨Operativos🚓 Arroyo Seco y alrededores","En la entrada de lagos por autopista"
"-OuHtfq_1dT4d_n-DdED","WhatsApp Bot","2026-06-04T13:50:55.947Z","checkpoint","0","Grupo WhatsApp","Operativo 12","🚔🚨Operativos🚓 Arroyo Seco y alrededores","Operativo 12"
"-OuICahULF8nUDJUHISq","WhatsApp Bot","2026-06-04T15:17:57.757Z","municipal","0","Grupo WhatsApp","Control de patentes","Uber motos y más, alertas!!!","Multas por patente"
"-OuIIRHQS-5EGnHkmDSW","WhatsApp Bot","2026-06-04T15:43:27.928Z","police","0","Grupo WhatsApp","A una amiga .la policía le saco la moto x que no tenía el papel y teléfono  del seguro..ojo que algu","Uber motos y más, alertas!!!","A una amiga .la policía le saco la moto x que no tenía el papel y teléfono  del seguro..ojo que alguno poli te piden todo o no..ojo con ellos."
"-OuIJfu5fGLn5v_a5jeN","WhatsApp Bot","2026-06-04T15:48:54.052Z","checkpoint","0","Grupo WhatsApp","Control en el peaje de gral lagos a bs as","🚔🚨Operativos🚓 Arroyo Seco y alrededores","Control en el peaje de gral lagos a bs as"
"-OuImxtDK1tMDnOzEtA5","WhatsApp Bot","2026-06-04T18:01:12.051Z","municipal","0","Grupo WhatsApp","*🚧📛📛🚧ATENCION ... PARAGUAY ENTRE MENDOZA Y 3 DE FEBRERO EN MINUTOS LLEGA EL POTENTE OPERATIVO DE","Solo Operativos de TRÁNSITO!!! 2","*🚧📛📛🚧ATENCION ... PARAGUAY ENTRE MENDOZA Y 3 DE FEBRERO EN MINUTOS LLEGA EL POTENTE OPERATIVO DE TRÁNSITO CON EL CARRETON Y ALRREDEDORES TAMBIEN TE LLEVAN AL OPERATIVO CHUPANDO MOTOS 🛵🏍️🛵🏍️A FULL IMPACT CON EL JEFE DE DIVISION GUILLERMO GHILARDONI (ALIAS GIGIO) Y EL TERCIO DELTA DE POLICIA MOTORIZADA... AHORA ESTAN LLEGANDO LAS GRUAS PARA LIMPIAR LA CUADRA... EVITEN ZONA!!!🚧📛📛🚧*"
"-OuIoobNr5MTZi7-_oDO","WhatsApp Bot","2026-06-04T18:09:18.332Z","police","0","Grupo WhatsApp","Policía y tránsito armando ingreso Lagos por autopista","🚔🚨Operativos🚓 Arroyo Seco y alrededores","Policía y tránsito armando ingreso Lagos por autopista"
"-OuIoov6IB3iMpNujtD7","WhatsApp Bot","2026-06-04T18:09:19.596Z","police","0","Grupo WhatsApp","Policía y tránsito armando ingreso Lagos por autopista","🚔🚨Operativos🚓 Arroyo Seco y alrededores","Policía y tránsito armando ingreso Lagos por autopista"
"-OuIxQevneLdfyLlMRWe","WhatsApp Bot","2026-06-04T18:46:55.456Z","checkpoint","0","Grupo WhatsApp","Operativo aceso autopista lagos","🚔🚨Operativos🚓 Arroyo Seco y alrededores","Operativo aceso autopista lagos"
"-OuIxR-I3MuJnJJrFtRK","WhatsApp Bot","2026-06-04T18:46:56.824Z","checkpoint","0","Grupo WhatsApp","Operativo aceso autopista lagos","🚔🚨Operativos🚓 Arroyo Seco y alrededores","Operativo aceso autopista lagos"
"-OuJ-iqm_J2a5bif24oE","WhatsApp Bot","2026-06-04T19:01:20.471Z","municipal","0","Grupo WhatsApp","*🚩🏁🚩CORDOBA ENTRE DECRETADA Y PARANÁ.... YA ESTA LIMPIO EL OPERATIVO DE (FISCA) FISCALIZACION DE ","Solo Operativos de TRÁNSITO!!! 2","*🚩🏁🚩CORDOBA ENTRE DECRETADA Y PARANÁ.... YA ESTA LIMPIO EL OPERATIVO DE (FISCA) FISCALIZACION DE TRANSPORTE🚩🏁🚩*"
"-OuJCc47R2MYY9O6MjEC","WhatsApp Bot","2026-06-04T19:57:40.588Z","municipal","0","Grupo WhatsApp","*🚩🏁🚩PARAGUAY ENTRE MENDOZA Y 3 DE FEBRERO.... YA ESTA LIMPIO EL OPERATIVO DE TRÁNSITO🚩🏁🚩*

*🚩","Solo Operativos de TRÁNSITO!!! 2","*🚩🏁🚩PARAGUAY ENTRE MENDOZA Y 3 DE FEBRERO.... YA ESTA LIMPIO EL OPERATIVO DE TRÁNSITO🚩🏁🚩*

*🚩🏁🚩AV EVA PERON PASANDO WILDE AL OESTE.... YA ESTA LIMPIO EL OPERATIVO DE (FISCA) FISCALIZACION DE TRANSPORTE🚩🏁🚩*"
"-OuJTTQGXneGDqnBLss7","WhatsApp Bot","2026-06-04T21:11:17.478Z","checkpoint","0","Grupo WhatsApp","Operativo en Acceso de Lagos por Autopista","🚔🚨Operativos🚓 Arroyo Seco y alrededores","Algo acceso de lagos por autopista"
"-OuK01OmO5AtR3K5WRr1","WhatsApp Bot","2026-06-04T23:42:17.749Z","police","0","Grupo WhatsApp","Control policial en Ruta 21 cerca de Lagos","🚔🚨Operativos🚓 Arroyo Seco y alrededores","Control por ruta 21 unos 200 metros ante de llegar a lagos policia"
"-OuK2F7y7EoEOJ0UEdrd","WhatsApp Bot","2026-06-04T23:51:58.295Z","police","0","Grupo WhatsApp","Control por ruta 21 unos 200 metros ante de llegar a lagos policia","🚔🚨Operativos🚓 Arroyo Seco y alrededores","Control por ruta 21 unos 200 metros ante de llegar a lagos policia"
"-OuK2TELK_WE7DHXzLRD","WhatsApp Bot","2026-06-04T23:52:56.047Z","police","0","Grupo WhatsApp","Control por ruta 21 unos 200 metros ante de llegar a lagos policia","🚔🚨Operativos🚓 Arroyo Seco y alrededores","Control por ruta 21 unos 200 metros ante de llegar a lagos policia"
"-OuK2_qhnDthAjrbZ3hz","WhatsApp Bot","2026-06-04T23:53:27.238Z","police","0","Grupo WhatsApp","Control por ruta 21 unos 200 metros ante de llegar a lagos policia","🚔🚨Operativos🚓 Arroyo Seco y alrededores","Control por ruta 21 unos 200 metros ante de llegar a lagos policia"
"-OuK3NYRkBjGUf8ysQuL","WhatsApp Bot","2026-06-04T23:56:54.901Z","police","0","Grupo WhatsApp","Control por ruta 21 unos 200 metros ante de llegar a lagos policia","🚔🚨Operativos🚓 Arroyo Seco y alrededores","Control por ruta 21 unos 200 metros ante de llegar a lagos policia"
"-OuK3SoorzLF1xXjJe6u","WhatsApp Bot","2026-06-04T23:57:16.493Z","police","0","Grupo WhatsApp","Control por ruta 21 unos 200 metros ante de llegar a lagos policia","🚔🚨Operativos🚓 Arroyo Seco y alrededores","Control por ruta 21 unos 200 metros ante de llegar a lagos policia"
"-OuK3VKVuC4UarSJy2Lt","WhatsApp Bot","2026-06-04T23:57:26.777Z","police","0","Grupo WhatsApp","Control por ruta 21 unos 200 metros ante de llegar a lagos policia","🚔🚨Operativos🚓 Arroyo Seco y alrededores","Control por ruta 21 unos 200 metros ante de llegar a lagos policia"
"-OuK8N8uH4AfZW9Kc2KR","WhatsApp Bot","2026-06-05T00:18:43.987Z","police","0","Grupo WhatsApp","Control en zona centro,policías y tránsito, estan en mitre y Moreno,  estan por Moreno.","🚔🚨Operativos🚓 Arroyo Seco y alrededores","Control en zona centro,policías y tránsito, estan en mitre y Moreno,  estan por Moreno."
"-OuKGHAfCHm5y4Bww56T","WhatsApp Bot","2026-06-05T00:53:16.683Z","municipal","0","Grupo WhatsApp","*🚩🏁🚩SAN JUAN ENTRE LARREA Y LINIERS .... YA ESTÁ LIMPIO EL OPERATIVO DE (FISCA) FISCALIZACION DE ","Solo Operativos de TRÁNSITO!!! 2","*🚩🏁🚩SAN JUAN ENTRE LARREA Y LINIERS .... YA ESTÁ LIMPIO EL OPERATIVO DE (FISCA) FISCALIZACION DE TRANSPORTE🚩🏁🚩* 

*⚠️RECUERDEN QUE HOY JUEVES SALE EL OPERATIVO DE ALCOHOLEMIA Y ALGO MAS DE (FISCA) MAS TARDE ...ESTEN ATENTOS!⚠️*"
"-OuKRCt2VzQQlQ1aaHXh","WhatsApp Bot","2026-06-05T01:41:02.693Z","police","0","Grupo WhatsApp","Control policial en San Martín","🚔🚨Operativos🚓 Arroyo Seco y alrededores","Control con policías en san Martin esquina banco Credicoop"
"-OuM_ElRfz3oBf9hkF3L","WhatsApp Bot","2026-06-05T11:39:44.129Z","police","0","Grupo WhatsApp","*🚧🔺🔺🚧RUTA 9 ABAJO DEL PUENTE QUE ENTRA AL AEROPUERTO MANO AL OESTE EN FUNES....TRANSITO Y POLICI","Solo Operativos de TRÁNSITO!!! 2","*🚧🔺🔺🚧RUTA 9 ABAJO DEL PUENTE QUE ENTRA AL AEROPUERTO MANO AL OESTE EN FUNES....TRANSITO Y POLICIAS PARANDO🚧🔺🔺🚧*"
"-OuMd2xSYrXd5v9_EIBm","WhatsApp Bot","2026-06-05T11:56:24.322Z","municipal","0","Grupo WhatsApp","*🚧📛📛🚧ATENCION....9.15 HS CORDOBA Y BALCARCE SE ARMA EL POTENTE OPERATIVO DE TRÁNSITO Y ALRREDEDO","Solo Operativos de TRÁNSITO!!! 2","*🚧📛📛🚧ATENCION....9.15 HS CORDOBA Y BALCARCE SE ARMA EL POTENTE OPERATIVO DE TRÁNSITO Y ALRREDEDORES TAMBIEN TE LLEVAN AL OPERATIVO CHUPANDO MOTOS A FULL IMPACT 🛵🏍️🛵🏍️CON EL JEFE DE DIVISION RICARDO ROHRER (ALIAS RIO RIO) CON EL TERCIO DELTA DE POLICIA MOTORIZADA....EVITEN ZONA!!!🚧📛📛🚧*"
"-OuNvUFuQe3c2aSXeLNr","WhatsApp Bot","2026-06-05T17:56:31.961Z","municipal","0","Grupo WhatsApp","*⚠️✖️✖️⚠️27 DE FEBRERO ENTRE CRESPO E IRIONDO MANO AL OESTE.... LLEGÓ EL OPERATIVO DE (FISCA) FISCAL","Solo Operativos de TRÁNSITO!!! 2","*⚠️✖️✖️⚠️27 DE FEBRERO ENTRE CRESPO E IRIONDO MANO AL OESTE.... LLEGÓ EL OPERATIVO DE (FISCA) FISCALIZACION DE TRANSPORTE (servicios públicos) PARANDO TAXIS Y AUTOS 🚖🚘🚖BUSCANDO REMISES TRUCHOS DE UBER DIDI Y CABIFY NO HABILITADOS CON LA PLANCHA ITALIANA IVECO⚠️✖️✖️⚠️*"
"-OuO2umeHHvqx4BgB2XS","WhatsApp Bot","2026-06-05T18:33:21.865Z","municipal","0","Grupo WhatsApp","*⚠️✖️✖️⚠️AVELLANEDA Y OCAMPO....SE MUDÓ EL OPERATIVO DE (FISCA) FISCALIZACION DE TRANSPORTE (servici","Solo Operativos de TRÁNSITO!!! 2","*⚠️✖️✖️⚠️AVELLANEDA Y OCAMPO....SE MUDÓ EL OPERATIVO DE (FISCA) FISCALIZACION DE TRANSPORTE (servicios públicos) PARANDO TAXIS Y AUTOS 🚖🚘🚖BUSCANDO REMISES TRUCHOS LOS UBER DIDI Y CABIFY NO HABILITADOS CON LA PLANCHA ITALIANA IVECO⚠️✖️✖️⚠️*"
"-OuOLnVF3o9nOgeMixVs","WhatsApp Bot","2026-06-05T19:55:52.748Z","municipal","0","Grupo WhatsApp","segui y avellaneda control con el carreton motos y autos","Solo Operativos de TRÁNSITO!!! 2","segui y avellaneda control con el carreton motos y autos"
"-OuOP9XfQV1L-0bIQJjf","WhatsApp Bot","2026-06-05T20:10:33.551Z","checkpoint","0","Grupo WhatsApp","Operativo frente al radar que está por la a012, entre las vías y la ruta 21","🚔🚨Operativos🚓 Arroyo Seco y alrededores","Operativo frente al radar que está por la a012, entre las vías y la ruta 21"
"-OuOWMDxAWKZgOrWKAz7","WhatsApp Bot","2026-06-05T20:42:00.540Z","police","0","Grupo WhatsApp","Rondeau y arroz policía parando todo","Solo Operativos de TRÁNSITO!!! 2","Rondeau y arroz policía parando todo"
"-OuOjrdNWS7dyyjFglEJ","WhatsApp Bot","2026-06-05T21:45:23.328Z","checkpoint","0","Grupo WhatsApp","Estan en fiochi haciendo control....","🚔🚨Operativos🚓 Arroyo Seco y alrededores","Estan en fiochi haciendo control...."
"-OuOqu-m6dhvBoG_Su6q","WhatsApp Bot","2026-06-05T22:16:08.026Z","police","0","Grupo WhatsApp","Mira es simple no me pagas llamo ala policía","Choferes de Uber.!! ","Mira es simple no me pagas llamo ala policía"
"-OuOrc2k5bvg52cwBb_p","WhatsApp Bot","2026-06-05T22:19:16.632Z","checkpoint","0","Grupo WhatsApp","Operativo en 9 de julio y moreno","🚔🚨Operativos🚓 Arroyo Seco y alrededores","Operativo en 9 de julio y moreno"
"-OuOriW-oJ-2yhcpwLQX","WhatsApp Bot","2026-06-05T22:19:43.080Z","municipal","0","Grupo WhatsApp","*🚩🏁🚩BV SEGUI Y FELIPE MORÈ.... SE ESTA LEVANTANDO EL OPERATIVO DE TRÁNSITO EN MINUTOS QUEDA TODO ","Solo Operativos de TRÁNSITO!!! 2","*🚩🏁🚩BV SEGUI Y FELIPE MORÈ.... SE ESTA LEVANTANDO EL OPERATIVO DE TRÁNSITO EN MINUTOS QUEDA TODO LIMPIO🚩🏁🚩*"
"-OuP5oIob0SL5jf6-jZc","WhatsApp Bot","2026-06-05T23:25:38.969Z","checkpoint","0","Grupo WhatsApp","Control mano lagos a arroyo por ruta 21","🚔🚨Operativos🚓 Arroyo Seco y alrededores","Control mano lagos a arroyo por ruta 21"
"-OuP6BOAQXAa9zbdflYV","WhatsApp Bot","2026-06-05T23:27:17.615Z","checkpoint","0","Grupo WhatsApp","Operativo frente al eden","🚔🚨Operativos🚓 Arroyo Seco y alrededores","Operativo frente al eden"
"-OuPQ3p0FTW4_uF7rHTS","WhatsApp Bot","2026-06-06T00:54:09.512Z","checkpoint","0","Grupo WhatsApp","Control en Solis entre Lejarza y Dean Funes","DIDI - Uber Rosario","Solis entre lejarza y dean funes"
"-OuPQ5kIP7lxPZuzz-04","WhatsApp Bot","2026-06-06T00:54:17.401Z","municipal","0","Grupo WhatsApp","Control municipal y policial retirando motos","DIDI - Uber Rosario","El ricky"
"-OuPQGjStvU1D2sp0xsP","WhatsApp Bot","2026-06-06T00:55:02.406Z","traffic","0","Grupo WhatsApp","Transito por mitre pasando belgrano","🚔🚨Operativos🚓 Arroyo Seco y alrededores","Transito por mitre pasando belgrano"
"-OuPX9DhxJjB6Cl-hynK","WhatsApp Bot","2026-06-06T01:25:06.644Z","checkpoint","0","Grupo WhatsApp","Operativo 9 de julio y san Martin","🚔🚨Operativos🚓 Arroyo Seco y alrededores","Operativo 9 de julio y san Martin"
"-OuQs9bzf0ALVnoNhQVL","WhatsApp Bot","2026-06-06T07:40:52.635Z","checkpoint","0","Grupo WhatsApp","Buen día Pueyrredón y salta operativo completo","Solo Operativos de TRÁNSITO!!! 2","Buen día Pueyrredón y salta operativo completo"
"-OuRuD0K1RcZ2taQDGCx","WhatsApp Bot","2026-06-06T12:29:28.053Z","municipal","0","Grupo WhatsApp","*🚧📛📛🚧27 DE FEBRERO Y VERA MUJICA ... EL POTENTE OPERATIVO DE TRÁNSITO CON EL CARRETON Y ALRREDED","Solo Operativos de TRÁNSITO!!! 2","*🚧📛📛🚧27 DE FEBRERO Y VERA MUJICA ... EL POTENTE OPERATIVO DE TRÁNSITO CON EL CARRETON Y ALRREDEDORES TAMBIEN TE LLEVAN AL OPERATIVO 🛵🏍️🛵🏍️CHUPANDO MOTOS A FULL IMPACT CON EL JEFE DE DIVISION LUIS (ALIAS JARRO) Y SUS JARROBOYS MOTORIZADOS LLEVANDO AL OPERATIVO CON EL TERCIO DELTA DE POLICIA MOTORIZADA.... EVITEN ZONA HASTA LAS 11.45 HS🚧📛📛🚧*"
"-OuSN8brT-oMf6EeTznB","WhatsApp Bot","2026-06-06T14:40:14.359Z","municipal","0","Grupo WhatsApp","*🚩🏁🚩RUEDA ENTRE MAIPU Y SAN MARTIN... YA ESTA LIMPIO EL OPERATIVO DE (FISCA) FISCALIZACION DE TRA","Solo Operativos de TRÁNSITO!!! 2","*🚩🏁🚩RUEDA ENTRE MAIPU Y SAN MARTIN... YA ESTA LIMPIO EL OPERATIVO DE (FISCA) FISCALIZACION DE TRANSPORTE🚩🏁🚩*"
"-OuSP5h-4bViRHdL2rRA","WhatsApp Bot","2026-06-06T14:48:46.687Z","checkpoint","0","Grupo WhatsApp","Control un poco más atrás de Fiocchi","🚔🚨Operativos🚓 Arroyo Seco y alrededores","Control un poco más atrás de Fiocchi"
"-OuSPB96sLbS5vJcEQqY","WhatsApp Bot","2026-06-06T14:49:09.031Z","municipal","0","Grupo WhatsApp","*🚩🏁🚩FRANCIA Y GALVEZ Y ALRREDEDORES.... YA ESTA LIMPIO EL OPERATIVO DE TRÁNSITO CON EL CARRETON🚩","Solo Operativos de TRÁNSITO!!! 2","*🚩🏁🚩FRANCIA Y GALVEZ Y ALRREDEDORES.... YA ESTA LIMPIO EL OPERATIVO DE TRÁNSITO CON EL CARRETON🚩🏁🚩*"
"-OuSPm4YXZ6Q8IZwC1QV","WhatsApp Bot","2026-06-06T14:51:44.387Z","checkpoint","0","Grupo WhatsApp","Control un poco más atrás de Fiocchi","🚔🚨Operativos🚓 Arroyo Seco y alrededores","Control un poco más atrás de Fiocchi"
"-OuSQUeKsD2YHWQjdZZ9","WhatsApp Bot","2026-06-06T14:54:51.061Z","checkpoint","0","Grupo WhatsApp","Control un poco más atrás de Fiocchi","🚔🚨Operativos🚓 Arroyo Seco y alrededores","Control un poco más atrás de Fiocchi"
"-OuSTEkXPy_3iy4RJ8_3","WhatsApp Bot","2026-06-06T15:06:52.354Z","checkpoint","0","Grupo WhatsApp","Aviso que están haciendo control","🚔🚨Operativos🚓 Arroyo Seco y alrededores","Aviso que están haciendo control"
"-OuTPPD52ktEsZ2uG2Cp","WhatsApp Bot","2026-06-06T19:29:43.839Z","municipal","0","Grupo WhatsApp","Fiscalización en El Portal Rosario","Choferes de Uber.!! ","Buenas 🙋🏻‍♂️ no vayan al portal esta Fisca 🫠"
"-OuTPPsGh2uf650Aq5gw","WhatsApp Bot","2026-06-06T19:29:46.538Z","municipal","0","Grupo WhatsApp","Control municipal en Portal Rosario","Choferes de Uber.!! ","Buenas 🙋🏻‍♂️ no vayan al portal esta Fisca 🫠"
"-OuTul-91zFh3qN4Iu1X","WhatsApp Bot","2026-06-06T21:51:05.768Z","municipal","0","Grupo WhatsApp","*🚩🏁🚩JUNIN Y SANTA MARIA DE ORO.... YA ESTA LIMPIO EL OPERATIVO DE (FISCA) FISCALIZACION DE TRANSP","Solo Operativos de TRÁNSITO!!! 2","*🚩🏁🚩JUNIN Y SANTA MARIA DE ORO.... YA ESTA LIMPIO EL OPERATIVO DE (FISCA) FISCALIZACION DE TRANSPORTE🚩🏁🚩*"
"-OuTul2pjJl0sTXOY8x2","WhatsApp Bot","2026-06-06T21:51:06.004Z","municipal","0","Grupo WhatsApp","*🚩🏁🚩JUNIN Y SANTA MARIA DE ORO.... YA ESTA LIMPIO EL OPERATIVO DE (FISCA) FISCALIZACION DE TRANSP","Solo Operativos de TRÁNSITO!!! 2","*🚩🏁🚩JUNIN Y SANTA MARIA DE ORO.... YA ESTA LIMPIO EL OPERATIVO DE (FISCA) FISCALIZACION DE TRANSPORTE🚩🏁🚩*"
"-OuU4o7rAFsoOPq7BIpP","WhatsApp Bot","2026-06-06T22:39:22.198Z","checkpoint","0","Grupo WhatsApp","Control en la entrada por autopista","🚔🚨Operativos🚓 Arroyo Seco y alrededores","Control en la entrada por autopista"
"-OuUHiCcFWoDCZGI36ER","WhatsApp Bot","2026-06-06T23:35:45.798Z","municipal","0","Grupo WhatsApp","Control municipal - zorro agarró moto","🚔🚨Operativos🚓 Arroyo Seco y alrededores","X independencia y gaboto policía zorro agarraron una moto"
"-OuUHllglMl1G-Yv9yfg","WhatsApp Bot","2026-06-06T23:36:00.413Z","police","0","Grupo WhatsApp","X independencia y gaboto policía zorro agarraron una moto","🚔🚨Operativos🚓 Arroyo Seco y alrededores","X independencia y gaboto policía zorro agarraron una moto"
"-OuUjNwM8Oqmq8onacM5","WhatsApp Bot","2026-06-07T01:41:00.856Z","checkpoint","0","Grupo WhatsApp","Control en san Martín y 9 de julio","🚔🚨Operativos🚓 Arroyo Seco y alrededores","Control en san Martín y 9 de julio"
"-OuUjOQYUq1Q9NV28INW","WhatsApp Bot","2026-06-07T01:41:02.852Z","checkpoint","0","Grupo WhatsApp","Control en san Martín y 9 de julio","🚔🚨Operativos🚓 Arroyo Seco y alrededores","Control en san Martín y 9 de julio"
"-OuUwSGbtERGTWtD9yFh","WhatsApp Bot","2026-06-07T02:38:06.472Z","municipal","0","Grupo WhatsApp","*🚧📛📛🚧OVIDIOS LAGOS Y SANTA FE .... EL POTENTE OPERATIVO DE TRÁNSITO CON ALCOHOLEMIA🗣️🗣️ NARCOL","Solo Operativos de TRÁNSITO!!! 2","*🚧📛📛🚧OVIDIOS LAGOS Y SANTA FE .... EL POTENTE OPERATIVO DE TRÁNSITO CON ALCOHOLEMIA🗣️🗣️ NARCOLEMIA Y THC CANNABIS CON EL CARRETON Y LAS GRUAS 🚘🛵🚘🛵A FULL IMPACT CON EL JEFE DE DIVISION RICARDO ROHRER (ALIAS RIO RIO) CON EL TERCIO DELTA DE POLICIA MOTORIZADA.... EVITEN ZONA!!!🚧📛📛🚧*"
"-OuV6RDF92Z2i7H9F_Nu","WhatsApp Bot","2026-06-07T03:26:05.745Z","checkpoint","0","Grupo WhatsApp","Control en Fighiera, semáforo de calle Garay","🚔🚨Operativos🚓 Arroyo Seco y alrededores","Control en Fighiera, semáforo de calle Garay"
"-OuV7XyUY8243wwMsdSA","WhatsApp Bot","2026-06-07T03:30:55.552Z","checkpoint","0","Grupo WhatsApp","Operativo en fig en el semáforo","🚔🚨Operativos🚓 Arroyo Seco y alrededores","Operativo en fig en el semáforo"
"-OuVDF3WgYvJqJlNHaW4","WhatsApp Bot","2026-06-07T03:55:50.978Z","checkpoint","0","Grupo WhatsApp","Sigue el operativo en fighiera o se fueron ya","🚔🚨Operativos🚓 Arroyo Seco y alrededores","Sigue el operativo en fighiera o se fueron ya"
"-OuVDFNIyKuREPNuKvdP","WhatsApp Bot","2026-06-07T03:55:52.244Z","checkpoint","0","Grupo WhatsApp","Sigue el operativo en fighiera o se fueron ya","🚔🚨Operativos🚓 Arroyo Seco y alrededores","Sigue el operativo en fighiera o se fueron ya"
"-OuVG7PehQZgQiYe63KP","WhatsApp Bot","2026-06-07T04:08:26.058Z","checkpoint","0","Grupo WhatsApp","Todavía está el operativo","🚔🚨Operativos🚓 Arroyo Seco y alrededores","Todavía está el operativo"
"-OuVP0FlhFj1u6630cYI","WhatsApp Bot","2026-06-07T04:47:16.050Z","municipal","0","Grupo WhatsApp","*🚧📛📛🚧URQUIZA Y VERA MUJICA.... LLEGANDO EL OTRO POTENTE OPERATIVO DE TRÁNSITO CON ALCOHOLEMIA🗣️","Solo Operativos de TRÁNSITO!!! 2","*🚧📛📛🚧URQUIZA Y VERA MUJICA.... LLEGANDO EL OTRO POTENTE OPERATIVO DE TRÁNSITO CON ALCOHOLEMIA🗣️🗣️ NARCOLEMIA Y THC CANNABIS EL CARRETON Y LAS GRUAS 🚘🛵🚘🛵Q FULL IMPACT CON EL JEFE DE DIVISION GUSTAVO ROJO ( ALIAS DEMONIO) .... EVITEN ZONA Y ALRREDEDORES TAMBIEN!!!🚧📛📛🚧*"
"-OuVZvabSjyeiiQ30jrN","WhatsApp Bot","2026-06-07T05:34:56.454Z","municipal","0","Grupo WhatsApp","*⚠️✖️✖️⚠️JUJUY Y DORREGO.... SE MUDÓ EL OPERATIVO DE (FISCA) FISCALIZACION DE TRANSPORTE (SERVICIOS ","Solo Operativos de TRÁNSITO!!! 2","*⚠️✖️✖️⚠️JUJUY Y DORREGO.... SE MUDÓ EL OPERATIVO DE (FISCA) FISCALIZACION DE TRANSPORTE (SERVICIOS PÚBLICOS) 🚖🚘🚘🚖CON LA PLANCHA ITALIANA IVECO CON ALCOHOLEMIA🗣️🗣️ Y NARCOLEMIA⚠️✖️✖️⚠️*"
"-OuVekgUC3S3P-AAcwar","WhatsApp Bot","2026-06-07T06:00:24.638Z","checkpoint","0","Grupo WhatsApp","*🚩🏁🚩SANTA FE Y OVIDIOS LAGOS... YA ESTA LIMPIO UNO DE LOS OPERATIVOS DE TRÁNSITO🚩🏁🚩* 

*🚧📛🚧","Solo Operativos de TRÁNSITO!!! 2","*🚩🏁🚩SANTA FE Y OVIDIOS LAGOS... YA ESTA LIMPIO UNO DE LOS OPERATIVOS DE TRÁNSITO🚩🏁🚩* 

*🚧📛🚧URQUIZA Y VERA MUJICA.... SIGUEN A FULL IMPACT🚧📛🚧*"
"-OuVhke_iLwwTFhNy01n","WhatsApp Bot","2026-06-07T06:13:30.948Z","municipal","0","Grupo WhatsApp","*🚩🏁🚩URQUIZA Y VERA MUJICA.... SE ESTA YENDO EL OPERATIVO DE TRÁNSITO EN MINUTOS QUEDA LIMPIO DEFI","Solo Operativos de TRÁNSITO!!! 2","*🚩🏁🚩URQUIZA Y VERA MUJICA.... SE ESTA YENDO EL OPERATIVO DE TRÁNSITO EN MINUTOS QUEDA LIMPIO DEFINITIVAMENTE!!!🚩🏁🚩*"
"-OuVo9YDQnPj37AJvO7Y","WhatsApp Bot","2026-06-07T06:41:29.835Z","municipal","0","Grupo WhatsApp","Montevideo entre oroño y alvear fisca","Solo Operativos de TRÁNSITO!!! 2","Montevideo entre oroño y alvear fisca"
"-OuX7P9V2sDyp0eoDVQm","WhatsApp Bot","2026-06-07T12:49:33.881Z","checkpoint","0","Grupo WhatsApp","Entrasa d areollo control pasando el cristo a dentro","🚔🚨Operativos🚓 Arroyo Seco y alrededores","Entrasa d areollo control pasando el cristo a dentro"
"-OuXR0ffo-4blNJc5Ggv","WhatsApp Bot","2026-06-07T14:15:16.484Z","checkpoint","0","Grupo WhatsApp","Operativo por ruta 21 ante de llegar al cotolengo","🚔🚨Operativos🚓 Arroyo Seco y alrededores","Operativo por ruta 21 ante de llegar al cotolengo"
"-OuXVlvRjilN_Z0xdwDk","WhatsApp Bot","2026-06-07T14:36:02.678Z","municipal","0","Grupo WhatsApp","Pasaron x la ruta los zorros y policia para el lado d lagos","🚔🚨Operativos🚓 Arroyo Seco y alrededores","Pasaron x la ruta los zorros y policia para el lado d lagos"
"-OuXbgOol_bev-WkeZq1","WhatsApp Bot","2026-06-07T15:06:15.054Z","police","0","Grupo WhatsApp","*🚔🚧🚔RUTA 18 KM 2 AMBAS MANOS..... POLICIAS PARANDO🚔🚧🚔*","🚔🚨Operativos🚓 Arroyo Seco y alrededores","*🚔🚧🚔RUTA 18 KM 2 AMBAS MANOS..... POLICIAS PARANDO🚔🚧🚔*"
"-OuYN2iAzXtDLOMxdkFQ","WhatsApp Bot","2026-06-07T18:37:33.485Z","police","0","Grupo WhatsApp","Operativo policía parando por independencia antes del cristo","🚔🚨Operativos🚓 Arroyo Seco y alrededores","Operativo policía parando por independencia antes del cristo"
"-OuZ1uDkkS5MXXKCWUbT","WhatsApp Bot","2026-06-07T21:44:46.802Z","checkpoint","0","Grupo WhatsApp","Operativo 9 de julio entre Moreno y belgrano y por Moreno también están en la cuadra de la Santa luc","🚔🚨Operativos🚓 Arroyo Seco y alrededores","Operativo 9 de julio entre Moreno y belgrano y por Moreno también están en la cuadra de la Santa lucia"
"-OuZimMVuKtedh4k77UF","WhatsApp Bot","2026-06-08T00:56:28.938Z","police","0","Grupo WhatsApp","Tenes 3 horas gratis","Choferes de Uber.!! ","Tenes 3 horas gratis"
"-OuafAOpqFqdcEoAU0ru","WhatsApp Bot","2026-06-08T09:59:57.333Z","checkpoint","0","Grupo WhatsApp","Dame Fuerza Ma,Xq Todo Se Me Esta Saliendo De Control😔
La Falta Q Me Haces Es Muy Grande💔","Admin Privado","Dame Fuerza Ma,Xq Todo Se Me Esta Saliendo De Control😔
La Falta Q Me Haces Es Muy Grande💔"
"-OucUfyjoeKluZ5TeJZ9","WhatsApp Bot","2026-06-08T18:28:59.474Z","checkpoint","0","Grupo WhatsApp","🚨🚨🚨atento control en la salida de figuiera ruta 21  llendo para pavón están parando a moto y auto","🚔🚨Operativos🚓 Arroyo Seco y alrededores","🚨🚨🚨atento control en la salida de figuiera ruta 21  llendo para pavón están parando a moto y auto"
"-OucyDVVX6h9pcSceQGz","WhatsApp Bot","2026-06-08T20:42:25.221Z","municipal","0","Grupo WhatsApp","Les comparto Auxilio mecanico en autos y motos","Uber Didi Rosario y alrededores","Les comparto Auxilio mecanico en autos y motos"
"-OudYxNaf7eyijeN6TYm","WhatsApp Bot","2026-06-08T23:27:16.542Z","checkpoint","0","Grupo WhatsApp","Control en entrada a Lagos","🚔🚨Operativos🚓 Arroyo Seco y alrededores","Control entrando a lagos"
"-OudYy6V7LclnQbNpGht","WhatsApp Bot","2026-06-08T23:27:19.544Z","checkpoint","0","Grupo WhatsApp","Control entrando a General Lagos","🚔🚨Operativos🚓 Arroyo Seco y alrededores","Control entrando a lagos"
"-Oug14Pjuc5wOkVRhkEx","WhatsApp Bot","2026-06-09T10:58:08.195Z","police","0","Grupo WhatsApp","Estaba canal 3 en la puerta del colegio jajja la agarraron para hablar a mi hijastra 😂","Choferes de Uber.!! ","Estaba canal 3 en la puerta del colegio jajja la agarraron para hablar a mi hijastra 😂"
"-Oug8rBTvxbUIeioZDsF","WhatsApp Bot","2026-06-09T11:32:07.089Z","firetruck","0","Grupo WhatsApp","Me voy a despedir prendiendo fuego too","Choferes de Uber.!! ","Me voy a despedir prendiendo fuego too"
"-Oug9I4axGhK8jlRu1X3","WhatsApp Bot","2026-06-09T11:34:01.338Z","police","0","Grupo WhatsApp","Te van a meter en cana rapido","Choferes de Uber.!! ","Te van a meter en cana rapido"
"-OugERtHFO5URJiFwLkW","WhatsApp Bot","2026-06-09T11:56:32.230Z","checkpoint","0","Grupo WhatsApp","Peaje en ambas manos operativo","🚔🚨Operativos🚓 Arroyo Seco y alrededores","Peaje en ambas manos operativo"
"-OugXIEZCFCxH5_NcZgm","WhatsApp Bot","2026-06-09T13:18:53.432Z","checkpoint","0","Grupo WhatsApp","Política y control","🚔🚨Operativos🚓 Arroyo Seco y alrededores","Política y control"
"-OugcW1WqZOy-UJuGduc","WhatsApp Bot","2026-06-09T13:46:02.822Z","checkpoint","0","Grupo WhatsApp","Control en el peaje","🚔🚨Operativos🚓 Arroyo Seco y alrededores","Control en el peaje"
"-OugcXP71qI9P5nfkhex","WhatsApp Bot","2026-06-09T13:46:08.430Z","checkpoint","0","Grupo WhatsApp","Control en el peaje","🚔🚨Operativos🚓 Arroyo Seco y alrededores","Control en el peaje"
"-OugisO1oy84yeqx_9G9","WhatsApp Bot","2026-06-09T14:13:51.336Z","checkpoint","0","Grupo WhatsApp","Operativo antes de llegar al cotolengo de lagos y en la entrada de pueblo Esther","🚔🚨Operativos🚓 Arroyo Seco y alrededores","Operativo antes de llegar al cotolengo de lagos y en la entrada de pueblo Esther"
"-OuhS6KEREsnsw6wdeKU","WhatsApp Bot","2026-06-09T17:35:51.157Z","checkpoint","0","Grupo WhatsApp","Control x ruta antes de llegar a Deyfrus","🚔🚨Operativos🚓 Arroyo Seco y alrededores","Control x ruta antes de llegar a Deyfrus"
"-OuhS7aGUI3b5nmERZo1","WhatsApp Bot","2026-06-09T17:35:56.343Z","police","0","Grupo WhatsApp","Solo la policia","🚔🚨Operativos🚓 Arroyo Seco y alrededores","Solo la policia"
"-OuhSCxoFYjd26GOQAx6","WhatsApp Bot","2026-06-09T17:36:18.330Z","police","0","Grupo WhatsApp","Solo la policia","🚔🚨Operativos🚓 Arroyo Seco y alrededores","Solo la policia"
"-OuhSEJ709p6wmA5yvHM","WhatsApp Bot","2026-06-09T17:36:23.854Z","checkpoint","0","Grupo WhatsApp","Control x ruta antes de llegar a Deyfrus","🚔🚨Operativos🚓 Arroyo Seco y alrededores","Control x ruta antes de llegar a Deyfrus"
"-OuhV_ZlYyqKqdftqjih","WhatsApp Bot","2026-06-09T17:51:01.462Z","checkpoint","0","Grupo WhatsApp","Control en la shell de pueblo esther y en dreyfus también","🚔🚨Operativos🚓 Arroyo Seco y alrededores","Control en la shell de pueblo esther y en dreyfus también"
"-Ouh_6BHQavGPmuaXK13","WhatsApp Bot","2026-06-09T18:10:47.736Z","municipal","0","Grupo WhatsApp","*🚧📛📛🚧ATENCION .... PARAGUAY ENTRE MENDOZA Y 3 DE FEBRERO...EN MINUTOS LLEGA EL POTENTE OPERATIVO","Solo Operativos de TRÁNSITO!!! 2","*🚧📛📛🚧ATENCION .... PARAGUAY ENTRE MENDOZA Y 3 DE FEBRERO...EN MINUTOS LLEGA EL POTENTE OPERATIVO DE TRÁNSITO CON EL CARRETON Y ALRREDEDORES TAMBIEN TE LLEVAN AL OPERATIVO CHUPANDO MOTOS 🛵🏍️🛵🏍️A FULL IMPACT CON EL JEFE DE DIVISION GUILLERMO GHILARDONI (ALIAS TOPO GIGIO) CON EL TERCIO DELTA DE POLICIA MOTORIZADA..... EVITEN ZONA!!!🚧📛📛🚧*"
"-OuhdxJM2rlIBL4O5ERg","WhatsApp Bot","2026-06-09T18:31:58.011Z","checkpoint","0","Grupo WhatsApp","Control vías de Lagos por ruta 21","🚔🚨Operativos🚓 Arroyo Seco y alrededores","Control vías de Lagos por ruta 21"
"-OuhdxSyPL9xD1bfioGh","WhatsApp Bot","2026-06-09T18:31:58.627Z","checkpoint","0","Grupo WhatsApp","Control vías de Lagos por ruta 21","🚔🚨Operativos🚓 Arroyo Seco y alrededores","Control vías de Lagos por ruta 21"
"-Ouhe71yZUTDljZ4iQa9","WhatsApp Bot","2026-06-09T18:32:41.955Z","checkpoint","0","Grupo WhatsApp","X las dudas arijon al 700 control y retiro de autos Rosario🤦🏻‍♀️","🚔🚨Operativos🚓 Arroyo Seco y alrededores","X las dudas arijon al 700 control y retiro de autos Rosario🤦🏻‍♀️"
"-OuhzOY7USZy7At5RhAH","WhatsApp Bot","2026-06-09T20:05:38.666Z","municipal","0","Grupo WhatsApp","*🚩🏁🚩AV DEL ROSARIO Y CASTRO BARROS.... YA ESTA LIMPIO EL OPERATIVO DE (FISCA) FISCALIZACION DE TR","Solo Operativos de TRÁNSITO!!! 2","*🚩🏁🚩AV DEL ROSARIO Y CASTRO BARROS.... YA ESTA LIMPIO EL OPERATIVO DE (FISCA) FISCALIZACION DE TRANSPORTE🚩🏁🚩*

*🚩🏁🚩PARAGUAY ENTRE MENDOZA Y 3 DE FEBRERO.... YA ESTA LIMPIO EL OPERATIVO DE TRÁNSITO🚩🏁🚩*"
"-OuiIu4lMwIJT1-gXysj","WhatsApp Bot","2026-06-09T21:35:14.835Z","checkpoint","0","Grupo WhatsApp","Control antes de llegar a la shell en pueblo Esther","🚔🚨Operativos🚓 Arroyo Seco y alrededores","Control antes de llegar a la shell en pueblo Esther"
"-OuiIuTcjJIQKw8ozzfo","WhatsApp Bot","2026-06-09T21:35:16.426Z","checkpoint","0","Grupo WhatsApp","Control antes de llegar a la shell en pueblo Esther","🚔🚨Operativos🚓 Arroyo Seco y alrededores","Control antes de llegar a la shell en pueblo Esther"
"-Ouio6ZLPFt1HVTl4gb4","WhatsApp Bot","2026-06-09T23:55:58.649Z","municipal","0","Grupo WhatsApp","*🚧🚥🚥🚧RUTA 21 Y OROÑO ENTRADA A PUEBLO ESTHER DESDE ALVEAR.... OPERATIVO DE TRÁNSITO (EL CAU cont","Solo Operativos de TRÁNSITO!!! 2","*🚧🚥🚥🚧RUTA 21 Y OROÑO ENTRADA A PUEBLO ESTHER DESDE ALVEAR.... OPERATIVO DE TRÁNSITO (EL CAU control y asistencia urbana) CON LA POLICÍA VIAL CON ALCOHOLEMIA🗣️🗣️🚧🚥🚥🚧*"
"-OujJowD6QpQT2KXLnAn","WhatsApp Bot","2026-06-10T02:18:53.107Z","checkpoint","0","Grupo WhatsApp","Operativo ao12 y las vías","🚔🚨Operativos🚓 Arroyo Seco y alrededores","Operativo ao12 y las vías"
"-OujJpB_P36cnk4QW9x6","WhatsApp Bot","2026-06-10T02:18:54.154Z","checkpoint","0","Grupo WhatsApp","Operativo ao12 y las vías","🚔🚨Operativos🚓 Arroyo Seco y alrededores","Operativo ao12 y las vías"
"-Oujb3QaFknApUcSP5ZI","WhatsApp Bot","2026-06-10T03:38:35.147Z","checkpoint","0","Grupo WhatsApp","Operativo entre la fiochi y la Shell","🚔🚨Operativos🚓 Arroyo Seco y alrededores","Operativo entre la fiochi y la Shell"
"-Oujna9hO9F5zJU0AdXS","WhatsApp Bot","2026-06-10T04:33:19.053Z","checkpoint","0","Grupo WhatsApp","oroño y ruta 21 hay operativo","🚔🚨Operativos🚓 Arroyo Seco y alrededores","oroño y ruta 21 hay operativo"
"-OujnaZWn1CG_4tPmVGG","WhatsApp Bot","2026-06-10T04:33:20.706Z","checkpoint","0","Grupo WhatsApp","oroño y ruta 21 hay operativo","🚔🚨Operativos🚓 Arroyo Seco y alrededores","oroño y ruta 21 hay operativo"
"-OulHnGiCt_n5amT7NPs","WhatsApp Bot","2026-06-10T11:29:16.433Z","checkpoint","0","Grupo WhatsApp","Operativo acceso Arroyo","🚔🚨Operativos🚓 Arroyo Seco y alrededores","Operativo acceso Arroyo"
"-OulHna5mhm0kxxAiEvJ","WhatsApp Bot","2026-06-10T11:29:17.737Z","checkpoint","0","Grupo WhatsApp","Operativo peaje en ambas manos","🚔🚨Operativos🚓 Arroyo Seco y alrededores","Operativo peaje en ambas manos"
"-OulRRmw6qYkc3UdwAVg","WhatsApp Bot","2026-06-10T12:11:25.791Z","radar","0","Grupo WhatsApp","Junín al 1300 cámara","Solo Operativos de TRÁNSITO!!! 2","Junín al 1300 cámara"
"-OulRS6gqNbeXPsZxRS9","WhatsApp Bot","2026-06-10T12:11:27.119Z","radar","0","Grupo WhatsApp","Junín al 1300 cámara","Solo Operativos de TRÁNSITO!!! 2","Junín al 1300 cámara"
"-OulV-R9gD_jOuXpWMEA","WhatsApp Bot","2026-06-10T12:26:58.221Z","municipal","0","Grupo WhatsApp","*🚧🚥🚥🚧RUTA 18 KM 3 AMBAS MANOS.... OPERATIVO DE TRANSITO DE ALVEAR DE UN LADO Y PIÑERO DEL OTRO A","Solo Operativos de TRÁNSITO!!! 2","*🚧🚥🚥🚧RUTA 18 KM 3 AMBAS MANOS.... OPERATIVO DE TRANSITO DE ALVEAR DE UN LADO Y PIÑERO DEL OTRO A FULL🚧🚥🚥🚧*"
"-Oum2WlOi6chMAlfBueN","WhatsApp Bot","2026-06-10T15:02:09.787Z","firetruck","0","Grupo WhatsApp","Dicen q estan como matafuego .","🚔🚨Operativos🚓 Arroyo Seco y alrededores","Dicen q estan como matafuego ."
"-Oum2X3dXZ88P25IuRfC","WhatsApp Bot","2026-06-10T15:02:11.020Z","firetruck","0","Grupo WhatsApp","Dicen q estan como matafuego .","🚔🚨Operativos🚓 Arroyo Seco y alrededores","Dicen q estan como matafuego ."
"-OumcOFI7Sk4XnoxucN0","WhatsApp Bot","2026-06-10T17:43:14.229Z","municipal","0","Grupo WhatsApp","*🚧📛📛🚧ATENCION PASADAS LAS 15 HS.... SARMIENTO ENTRE URQUIZA Y SAN LORENZO.... SE ARMA EL POTENTE","Solo Operativos de TRÁNSITO!!! 2","*🚧📛📛🚧ATENCION PASADAS LAS 15 HS.... SARMIENTO ENTRE URQUIZA Y SAN LORENZO.... SE ARMA EL POTENTE OPERATIVO DE TRÁNSITO CON EL CARRETON Y ALRREDEDORES TAMBIEN TE LLEVAN AL OPERATIVO CHUPANDO MOTOS 🛵🏍️🛵🏍️A FULL IMPACT CON EL JEFE DE DIVISION DAMIAN FERNÁNDEZ (ALIAS CHUPACHICHI) CON EL TERCIO DELTA DE POLICIA MOTORIZADA.... EVITEN ZONA A PARTIR DE ESE HORARIO!!🚧📛📛🚧*"
"-Oumg7dO_8qf0dRMcYmR","WhatsApp Bot","2026-06-10T17:59:34.780Z","police","0","Grupo WhatsApp","Control tierra de sueños policía parando en la ruta apenas pasan la entrada a tierra","🚔🚨Operativos🚓 Arroyo Seco y alrededores","Control tierra de sueños policía parando en la ruta apenas pasan la entrada a tierra"
"-OumivmA_wYQscV2Vzmg","WhatsApp Bot","2026-06-10T18:11:48.526Z","police","0","Grupo WhatsApp","Policía ingreso a lagos por autopista policía","🚔🚨Operativos🚓 Arroyo Seco y alrededores","Policía ingreso a lagos por autopista policía"
"-OumivvXSS5Cj2fHYz0X","WhatsApp Bot","2026-06-10T18:11:49.125Z","police","0","Grupo WhatsApp","Policía ingreso a lagos por autopista policía","🚔🚨Operativos🚓 Arroyo Seco y alrededores","Policía ingreso a lagos por autopista policía"
"-Oumj0FjqzJYkfiMpE1Q","WhatsApp Bot","2026-06-10T18:12:10.962Z","police","0","Grupo WhatsApp","Un móvil y 2 policías","🚔🚨Operativos🚓 Arroyo Seco y alrededores","Un móvil y 2 policías"
"-OumkAUrtYj1FON9tWN_","WhatsApp Bot","2026-06-10T18:17:15.033Z","police","0","Grupo WhatsApp","Policia por el ingreso al boulevard velez sarfiel y ruta 21","🚔🚨Operativos🚓 Arroyo Seco y alrededores","Policia por el ingreso al boulevard velez sarfiel y ruta 21"
"-OumkArlitXED26-I4Z0","WhatsApp Bot","2026-06-10T18:17:16.564Z","police","0","Grupo WhatsApp","Policia por el ingreso al boulevard velez sarfiel y ruta 21","🚔🚨Operativos🚓 Arroyo Seco y alrededores","Policia por el ingreso al boulevard velez sarfiel y ruta 21"
"-OumpQnHt4UZsDTtD2dr","WhatsApp Bot","2026-06-10T18:40:12.533Z","police","0","Grupo WhatsApp","Es 1 patrullero ( policía) con dos conos","🚔🚨Operativos🚓 Arroyo Seco y alrededores","Es 1 patrullero ( policía) con dos conos"
"-OumqN7-CGWh9baRy_bq","WhatsApp Bot","2026-06-10T18:44:19.618Z","checkpoint","0","Grupo WhatsApp","Sigue el operativo en tierra de sueños","🚔🚨Operativos🚓 Arroyo Seco y alrededores","Sigue el operativo en tierra de sueños"
"-OumrnwVG3ZAKMioZ72F","WhatsApp Bot","2026-06-10T18:50:35.714Z","municipal","0","Grupo WhatsApp","*⚠️✖️✖️⚠️VICTOR MERCANTE ENTRE NANSEN Y BENITO PEREZ GALDOZ ( SHOPPING PORTAL ROSARIO).... SE MUDÓ E","Solo Operativos de TRÁNSITO!!! 2","*⚠️✖️✖️⚠️VICTOR MERCANTE ENTRE NANSEN Y BENITO PEREZ GALDOZ ( SHOPPING PORTAL ROSARIO).... SE MUDÓ EL OPERATIVO DE FISCA FISCALIZACION DE TRANSPORTE (servicios públicos) 🚖🚘🚘🚖CON LA PLANCHA ITALIANA IVECO⚠️✖️✖️⚠️*"
"-Oumtlzt3tWLMqBEzzm_","WhatsApp Bot","2026-06-10T18:59:12.028Z","checkpoint","0","Grupo WhatsApp","Operativo en colectora de autopista cerca de micropi","🚔🚨Operativos🚓 Arroyo Seco y alrededores","Operativo en colectora de autopista cerca de micropi"
"-Oun0scAz4Fucaw_NoZH","WhatsApp Bot","2026-06-10T19:34:36.334Z","municipal","0","Grupo WhatsApp","*🚩🏁🚩SARMIENTO ENTRE URQUIZA Y SAN LORENZO.... YA ESTA LIMPIO EL OPERATIVO DE TRÁNSITO🚩🏁🚩*","Solo Operativos de TRÁNSITO!!! 2","*🚩🏁🚩SARMIENTO ENTRE URQUIZA Y SAN LORENZO.... YA ESTA LIMPIO EL OPERATIVO DE TRÁNSITO🚩🏁🚩*"
"-Oun5vU7_eH2FNPXk7SD","WhatsApp Bot","2026-06-10T19:56:38.763Z","municipal","0","Grupo WhatsApp","*🚩🏁🚩VICTOR MERCANTE ENTRE NANSEN Y BENITO PEREZ GALDOZ.... YA ESTA LIMPIO (FISCA) FISCALIZACION D","Solo Operativos de TRÁNSITO!!! 2","*🚩🏁🚩VICTOR MERCANTE ENTRE NANSEN Y BENITO PEREZ GALDOZ.... YA ESTA LIMPIO (FISCA) FISCALIZACION DE TRANSPORTE🚩🏁🚩*"
"-OunJESPPlH9gmgEtC-L","WhatsApp Bot","2026-06-10T20:54:48.444Z","municipal","0","Grupo WhatsApp","Anda gendarmería pegando vueltas en las motos","🚔🚨Operativos🚓 Arroyo Seco y alrededores","Anda gendarmería pegando vueltas en las motos"
"-OunWHio0c4fyEyW8AZE","WhatsApp Bot","2026-06-10T21:51:49.719Z","police","0","Grupo WhatsApp","Los padres del curso de Joaquín quieren viajar todos gratis a Bariloche","Choferes de Uber.!! ","Los padres del curso de Joaquín quieren viajar todos gratis a Bariloche"
"-OunXujf5J2n876LupLy","WhatsApp Bot","2026-06-10T21:58:55.758Z","checkpoint","0","Grupo WhatsApp","Vamos Laura toma el control del grupo ese","Choferes de Uber.!! ","Vamos Laura toma el control del grupo ese"
"-Ouo67--nIt2WWfF4Umg","WhatsApp Bot","2026-06-11T00:37:07.238Z","checkpoint","0","Grupo WhatsApp","Control en Pueblo Esther cerca de YPF","🚔🚨Operativos🚓 Arroyo Seco y alrededores","Control en pueblo Esther a la altura de la ypf"
"-OuoW05FCaVrGZqLaqmc","WhatsApp Bot","2026-06-11T02:30:14.696Z","checkpoint","0","Grupo WhatsApp","Control Ao12 y las vías","🚔🚨Operativos🚓 Arroyo Seco y alrededores","Control Ao12 y las vías"
"-OuqRMPWCuMpssO7P4B5","WhatsApp Bot","2026-06-11T11:29:09.818Z","checkpoint","0","Grupo WhatsApp","Acceso arroyo por autopista control","🚔🚨Operativos🚓 Arroyo Seco y alrededores","Acceso arroyo por autopista control"
"-OuqVPw_GjJ8VZU2t75K","WhatsApp Bot","2026-06-11T11:46:52.862Z","police","0","Grupo WhatsApp","Entrada a Fighiera, policía ,vialidad y balanza","🚔🚨Operativos🚓 Arroyo Seco y alrededores","Entrada a Fighiera, policía ,vialidad y balanza"
"-OuqVQ-4t9JGHIz5j5sH","WhatsApp Bot","2026-06-11T11:46:53.086Z","police","0","Grupo WhatsApp","Entrada a Fighiera, policía ,vialidad y balanza","🚔🚨Operativos🚓 Arroyo Seco y alrededores","Entrada a Fighiera, policía ,vialidad y balanza"
"-OuqWcUvKRpcJv4uDskI","WhatsApp Bot","2026-06-11T11:52:10.516Z","checkpoint","0","Grupo WhatsApp","Control acceso arroyo seco, ambas manos","🚔🚨Operativos🚓 Arroyo Seco y alrededores","Control acceso arroyo seco, ambas manos"
"-OuqfjDV5FVPWYWMoryb","WhatsApp Bot","2026-06-11T12:36:19.513Z","police","0","Grupo WhatsApp","En Fighiera es groso el operativo, ahora llego una tráfic de policías y se bajaron como 15","🚔🚨Operativos🚓 Arroyo Seco y alrededores","En Fighiera es groso el operativo, ahora llego una tráfic de policías y se bajaron como 15"
"-Ouqh_VCokEOBW59f3pd","WhatsApp Bot","2026-06-11T12:44:23.974Z","checkpoint","0","Grupo WhatsApp","Control entrada a lagos por ruta","🚔🚨Operativos🚓 Arroyo Seco y alrededores","Control entrada a lagos por ruta"
"-Ouqh_yeibvBAM5_k0mU","WhatsApp Bot","2026-06-11T12:44:25.923Z","checkpoint","0","Grupo WhatsApp","Control entrada a lagos por ruta","🚔🚨Operativos🚓 Arroyo Seco y alrededores","Control entrada a lagos por ruta"
"-Ouqm0B5w39la3UL2gzd","WhatsApp Bot","2026-06-11T13:03:45.951Z","municipal","0","Grupo WhatsApp","*🚩🏁🚩BV SEGUI ENTRE SANTIAGO Y ALVEAR.... YA ESTA LIMPIO EL OPERATIVO DE (FISCA) FISCALIZACION DE ","Solo Operativos de TRÁNSITO!!! 2","*🚩🏁🚩BV SEGUI ENTRE SANTIAGO Y ALVEAR.... YA ESTA LIMPIO EL OPERATIVO DE (FISCA) FISCALIZACION DE TRANSPORTE🚩🏁🚩*"
"-Ouqm0LZOMAGU6Q_Em5X","WhatsApp Bot","2026-06-11T13:03:46.621Z","municipal","0","Grupo WhatsApp","*🚩🏁🚩BV SEGUI ENTRE SANTIAGO Y ALVEAR.... YA ESTA LIMPIO EL OPERATIVO DE (FISCA) FISCALIZACION DE ","Solo Operativos de TRÁNSITO!!! 2","*🚩🏁🚩BV SEGUI ENTRE SANTIAGO Y ALVEAR.... YA ESTA LIMPIO EL OPERATIVO DE (FISCA) FISCALIZACION DE TRANSPORTE🚩🏁🚩*"
"-Ouqtld6kxOt4karcG19","WhatsApp Bot","2026-06-11T13:37:39.424Z","checkpoint","0","Grupo WhatsApp","Control","🚔🚨Operativos🚓 Arroyo Seco y alrededores","Control"
"-OuqtlvigVtC09ovfsPM","WhatsApp Bot","2026-06-11T13:37:40.615Z","checkpoint","0","Grupo WhatsApp","Control","🚔🚨Operativos🚓 Arroyo Seco y alrededores","Control"
"-OuqydpowV9KGaKLdIYr","WhatsApp Bot","2026-06-11T13:58:58.189Z","firetruck","0","Grupo WhatsApp","Hasta que no se prenda fuego la aplicación de Santander no paro","Choferes de Uber.!! ","Hasta que no se prenda fuego la aplicación de Santander no paro"
"-Our7CqkxJnObourh3n8","WhatsApp Bot","2026-06-11T14:40:45.000Z","checkpoint","0","Grupo WhatsApp","Sigue el operativo","🚔🚨Operativos🚓 Arroyo Seco y alrededores","Sigue el operativo"
"-Ourgsc-xwuFX2CPZOC-","WhatsApp Bot","2026-06-11T17:20:57.399Z","police","0","Grupo WhatsApp","Fue a buscar un pedido q habían hecho en una tienda y cuando llegó lo estaba esperando la policía al","Choferes de Uber.!! ","Fue a buscar un pedido q habían hecho en una tienda y cuando llegó lo estaba esperando la policía al parecer le había hecho una estafa virtual la cosa q al loco hasta lo ficharon no hubo manera de q entiendan q el no tenía nada q ver"
"-OuruEUGrqYyVRos8Vh0","WhatsApp Bot","2026-06-11T18:19:18.890Z","checkpoint","0","Grupo WhatsApp","Control ingreso a lagos","🚔🚨Operativos🚓 Arroyo Seco y alrededores","Control ingreso a lagos"
"-Ous0QhzATGT2jJ6z1xs","WhatsApp Bot","2026-06-11T18:50:43.991Z","checkpoint","0","Grupo WhatsApp","Ahí Maxi me dijo … ese número es el que tenemos en el wp de los controles de tránsito","Choferes de Uber.!! ","Ahí Maxi me dijo … ese número es el que tenemos en el wp de los controles de tránsito"
"-Ous0tkrgVFNukODC25m","WhatsApp Bot","2026-06-11T18:52:47.056Z","checkpoint","0","Grupo WhatsApp","Control en la entrada de lago por autopista","🚔🚨Operativos🚓 Arroyo Seco y alrededores","Control en la entrada de lago por autopista"
"-Ous0u479aMZWnxr215W","WhatsApp Bot","2026-06-11T18:52:48.353Z","checkpoint","0","Grupo WhatsApp","Control en la entrada de lago por autopista","🚔🚨Operativos🚓 Arroyo Seco y alrededores","Control en la entrada de lago por autopista"
"-OusAnzYPE-_pL-2rlt4","WhatsApp Bot","2026-06-11T19:36:04.867Z","municipal","0","Grupo WhatsApp","*🚩🏁🚩AYOLAS Y BUENOS AIRES.... YA ESTA LIMPIO EL OPERATIVO DE (FISCA) FISCALIZACION DE TRANSPORTE?","Solo Operativos de TRÁNSITO!!! 2","*🚩🏁🚩AYOLAS Y BUENOS AIRES.... YA ESTA LIMPIO EL OPERATIVO DE (FISCA) FISCALIZACION DE TRANSPORTE🚩🏁🚩*"
"-OusmhXAO7yuMQoluuN6","WhatsApp Bot","2026-06-11T22:26:02.022Z","police","0","Grupo WhatsApp","Entrando a Pueblo Ester, viniendo de Alvear, se está por poner la policía y control urbano","🚔🚨Operativos🚓 Arroyo Seco y alrededores","Entrando a Pueblo Ester, viniendo de Alvear, se está por poner la policía y control urbano"
"-OusmqGPbN4IH5BiV_Pf","WhatsApp Bot","2026-06-11T22:26:37.813Z","police","0","Grupo WhatsApp","Entrando a Pueblo Ester, viniendo de Alvear, se está por poner la policía y control urbano","🚔🚨Operativos🚓 Arroyo Seco y alrededores","Entrando a Pueblo Ester, viniendo de Alvear, se está por poner la policía y control urbano"
"-Ousp1vpW4BR6OAyq3h6","WhatsApp Bot","2026-06-11T22:36:13.968Z","municipal","0","Grupo WhatsApp","Liberta y rutA 21 n arroyo están lo zorros parando","🚔🚨Operativos🚓 Arroyo Seco y alrededores","Liberta y rutA 21 n arroyo están lo zorros parando"
"-OutLm-ChCJqEMSh6uTW","WhatsApp Bot","2026-06-12T01:03:37.510Z","municipal","0","Grupo WhatsApp","*🚩🏁🚩CORRIENTES Y JUAN FRANCISCO SEGUI.... YA ESTA LIMPIO EL OPERATIVO DE (FISCA)🚩🏁🚩*","Solo Operativos de TRÁNSITO!!! 2","*🚩🏁🚩CORRIENTES Y JUAN FRANCISCO SEGUI.... YA ESTA LIMPIO EL OPERATIVO DE (FISCA)🚩🏁🚩*"
"-OuvnygtQQYU5cwSeJQ6","WhatsApp Bot","2026-06-12T12:30:26.140Z","radar","0","Grupo WhatsApp","Moreno y la paz la camara.","Solo Operativos de TRÁNSITO!!! 2","Moreno y la paz la camara."
"-Ouvnysu8gla-Ykpq0l1","WhatsApp Bot","2026-06-12T12:30:26.909Z","radar","0","Grupo WhatsApp","Moreno y la paz la camara.","Solo Operativos de TRÁNSITO!!! 2","Moreno y la paz la camara."
"-Ouvsj7hNz0OSln4S7fj","WhatsApp Bot","2026-06-12T12:51:13.104Z","municipal","0","Grupo WhatsApp","*⚠️✖️✖️⚠️27 DE FEBRERO Y LARREA AMBAS MANOS.....EL OPERATIVO DE (FISCA) FISCALIZACION DE TRANSPORTE ","Solo Operativos de TRÁNSITO!!! 2","*⚠️✖️✖️⚠️27 DE FEBRERO Y LARREA AMBAS MANOS.....EL OPERATIVO DE (FISCA) FISCALIZACION DE TRANSPORTE (servicios públicos) PARANDO TAXIS Y AUTOS 🚖🚘🚖BUSCANDO REMISES TRUCHOS LOS UBER DIDI Y CABIFY NO HABILITADOS CON LA ASIATICA HYUNDAI⚠️✖️✖️⚠️*"
"-Ouw5C3vETda0lI4k8DB","WhatsApp Bot","2026-06-12T13:50:03.614Z","municipal","0","Grupo WhatsApp","*🚩🏁🚩27 Y LARREA.... YA ESTA LIMPIO (FISCA) FISCALIZACION DE TRANSPORTE🚩🏁🚩*","Solo Operativos de TRÁNSITO!!! 2","*🚩🏁🚩27 Y LARREA.... YA ESTA LIMPIO (FISCA) FISCALIZACION DE TRANSPORTE🚩🏁🚩*"
"-OuwPErv1VszCckXqGDb","WhatsApp Bot","2026-06-12T15:17:37.950Z","municipal","0","Grupo WhatsApp","Operativo ruta 21 a la altura del puente paran autos y motos","🚔🚨Operativos🚓 Arroyo Seco y alrededores","Operativo ruta 21 a la altura del puente paran autos y motos"
"-OuwPFIk0WJmrJoLD0l7","WhatsApp Bot","2026-06-12T15:17:39.731Z","municipal","0","Grupo WhatsApp","Operativo ruta 21 a la altura del puente paran autos y motos","🚔🚨Operativos🚓 Arroyo Seco y alrededores","Operativo ruta 21 a la altura del puente paran autos y motos"
"-Ouwa3a51nIP-jWhPLec","WhatsApp Bot","2026-06-12T16:09:17.481Z","checkpoint","0","Grupo WhatsApp","El control en ADM NO ESTA MAS","🚔🚨Operativos🚓 Arroyo Seco y alrededores","El control en ADM NO ESTA MAS"
"-OuwsL_ZaaHZCNBu1qfE","WhatsApp Bot","2026-06-12T17:29:09.767Z","checkpoint","0","Grupo WhatsApp","Operativo entre la Shell y fiochi pueblo esther","🚔🚨Operativos🚓 Arroyo Seco y alrededores","Operativo entre la Shell y fiochi pueblo esther"
"-OuwsLlHaI9i4G5pOSTC","WhatsApp Bot","2026-06-12T17:29:10.517Z","checkpoint","0","Grupo WhatsApp","Operativo entre la Shell y fiochi pueblo esther","🚔🚨Operativos🚓 Arroyo Seco y alrededores","Operativo entre la Shell y fiochi pueblo esther"
"-Ouwx5OXs5QD_n6fQW1V","WhatsApp Bot","2026-06-12T17:49:54.181Z","police","0","Grupo WhatsApp","Pueblo Esther Ruta 21 y 27 febrero Cau y policía parando ambas manos","Solo Operativos de TRÁNSITO!!! 2","Pueblo Esther Ruta 21 y 27 febrero Cau y policía parando ambas manos"
"-Oux-2WVIy8AEKz7nHUs","WhatsApp Bot","2026-06-12T18:02:48.835Z","municipal","0","Grupo WhatsApp","*🚧📛📛🚧ATENCION ... 15.15 HS .... PARAGUAY ENTRE MENDOZA Y 3 DE FEBRERO.... LLEGA EL POTENTE OPERA","Solo Operativos de TRÁNSITO!!! 2","*🚧📛📛🚧ATENCION ... 15.15 HS .... PARAGUAY ENTRE MENDOZA Y 3 DE FEBRERO.... LLEGA EL POTENTE OPERATIVO DE TRÁNSITO CON EL CARRETON Y ALRREDEDORES TAMBIEN TE LLEVAN AL OPERATIVO CHUPANDO MOTOS 🛵🏍️🛵🏍️A FULL IMPACT CON EL JEFE DE DIVISION DAMIAN FERNÁNDEZ (EL CHUPACHICHI) CON EL TERCIO DELTA DE POLICIA MOTORIZADA..... EVITEN ZONA A PARTIR DE AHORA!!!🚧📛📛🚧*"
"-Oux4eas-SCUWfnKq00c","WhatsApp Bot","2026-06-12T18:27:19.643Z","checkpoint","0","Grupo WhatsApp","Operativo ingreso a lagos por ruta","🚔🚨Operativos🚓 Arroyo Seco y alrededores","Operativo ingreso a lagos por ruta"
"-Oux4eoP9F74XIMH-f6x","WhatsApp Bot","2026-06-12T18:27:20.509Z","checkpoint","0","Grupo WhatsApp","Operativo ingreso a lagos por ruta","🚔🚨Operativos🚓 Arroyo Seco y alrededores","Operativo ingreso a lagos por ruta"
"-Oux8qB5ZjKHT4Ca2W1L","WhatsApp Bot","2026-06-12T18:45:35.657Z","checkpoint","0","Grupo WhatsApp","En lagos están haciendo control por lisandro de la torre","🚔🚨Operativos🚓 Arroyo Seco y alrededores","En lagos están haciendo control por lisandro de la torre"
"-Oux8qOSe1Ij3gfppQi_","WhatsApp Bot","2026-06-12T18:45:36.512Z","checkpoint","0","Grupo WhatsApp","En lagos están haciendo control por lisandro de la torre","🚔🚨Operativos🚓 Arroyo Seco y alrededores","En lagos están haciendo control por lisandro de la torre"
"-Oux8qcvMWkf6YVgg2Fu","WhatsApp Bot","2026-06-12T18:45:37.502Z","checkpoint","0","Grupo WhatsApp","En lagos están haciendo control por lisandro de la torre","🚔🚨Operativos🚓 Arroyo Seco y alrededores","En lagos están haciendo control por lisandro de la torre"
"-OuxAjrJW_wodSxHwTrY","WhatsApp Bot","2026-06-12T18:53:54.038Z","traffic","0","Grupo WhatsApp","Yo salgo en rato corte como a la 1","Choferes de Uber.!! ","Yo salgo en rato corte como a la 1"
"-OuxBDCn9pK5XYog2nN_","WhatsApp Bot","2026-06-12T18:55:58.358Z","firetruck","0","Grupo WhatsApp","Esta prendido fuego","Choferes de Uber.!! ","Esta prendido fuego"
"-OuxLjtBLtPa9ncg9Lc9","WhatsApp Bot","2026-06-12T19:41:57.743Z","police","0","Grupo WhatsApp","En Villa Banana mataron a un policía de civil ojo la zona que es un caos el paso nivel esta cortado","Choferes de Uber.!! ","En Villa Banana mataron a un policía de civil ojo la zona que es un caos el paso nivel esta cortado"
"-OuxLq3uARKafLpmfyZq","WhatsApp Bot","2026-06-12T19:42:23.069Z","checkpoint","0","Grupo WhatsApp","Y van a estar hiper cargoso los polis con el tema de controles ahora me pararon","Choferes de Uber.!! ","Y van a estar hiper cargoso los polis con el tema de controles ahora me pararon"
"-OuxPdkF2f0qfCd89CP-","WhatsApp Bot","2026-06-12T19:59:01.170Z","municipal","0","Grupo WhatsApp","*🚩🏁🚩JUNIN Y FORMOSA.... YA ESTA LIMPIO EL OPERATIVO DE FISCA FISCALIZACION DE TRANSPORTE🚩🏁🚩* 
","Solo Operativos de TRÁNSITO!!! 2","*🚩🏁🚩JUNIN Y FORMOSA.... YA ESTA LIMPIO EL OPERATIVO DE FISCA FISCALIZACION DE TRANSPORTE🚩🏁🚩* 

*🚩🏁🚩PARAGUAY ENTRE MENDOZA Y 3 DE FEBRERO.... YA ESTA LIMPIO EL OPERATIVO DE TRÁNSITO🚩🏁🚩*"
"-OuxXMLuqJpQIXu4W8Ii","WhatsApp Bot","2026-06-12T20:32:42.973Z","police","0","Grupo WhatsApp","Estaba la policía en tierra de sueño hace media hora","🚔🚨Operativos🚓 Arroyo Seco y alrededores","Estaba la policía en tierra de sueño hace media hora"
"-OuxXRbtN3yr5SmbdRHb","WhatsApp Bot","2026-06-12T20:33:04.540Z","police","0","Grupo WhatsApp","Estaba la policía en tierra de sueño hace media hora","🚔🚨Operativos🚓 Arroyo Seco y alrededores","Estaba la policía en tierra de sueño hace media hora"
"-OuxXbHbUQrTjBJLWAId","WhatsApp Bot","2026-06-12T20:33:48.234Z","police","0","Grupo WhatsApp","Está la policía y frenan de las dos manos","🚔🚨Operativos🚓 Arroyo Seco y alrededores","Está la policía y frenan de las dos manos"
"-OuxXbPHPaRXLq0CKgxr","WhatsApp Bot","2026-06-12T20:33:48.725Z","police","0","Grupo WhatsApp","Está la policía y frenan de las dos manos","🚔🚨Operativos🚓 Arroyo Seco y alrededores","Está la policía y frenan de las dos manos"
"-OuxxFtavEB_ucxzbQ4W","WhatsApp Bot","2026-06-12T22:30:14.409Z","checkpoint","0","Grupo WhatsApp","operativos por san juan y ruta 21","🚔🚨Operativos🚓 Arroyo Seco y alrededores","operativos por san juan y ruta 21"
"-OuxxGG1VfWq-sRYYaVx","WhatsApp Bot","2026-06-12T22:30:15.909Z","checkpoint","0","Grupo WhatsApp","operativos por san juan y ruta 21","🚔🚨Operativos🚓 Arroyo Seco y alrededores","operativos por san juan y ruta 21"
"-Ouy1vQ4WO1r5bHNi32j","WhatsApp Bot","2026-06-12T22:54:59.304Z","firetruck","0","Grupo WhatsApp","CHOFERES DE ROSARIO 🔥
PROMO ESPECIAL DE SEGURIDAD
Si trabajás en Taxi, Uber o Didi, esto es para vo","Uber Didi Rosario y alrededores","CHOFERES DE ROSARIO 🔥
PROMO ESPECIAL DE SEGURIDAD
Si trabajás en Taxi, Uber o Didi, esto es para vos.
📲 Aplicación de alertas monitoreada las 24 hs
🚨 Botón de emergencia por:
✅ Robo
✅ Violencia de género
✅ Emergencia médica
✅ Incendio
📡 Atención inmediata desde central de monitoreo
👨‍⚕️ Asistencia médica
Médico hasta donde se encuentre el chofer.
💲 PROMOCIÓN EXCLUSIVA PARA CONDUCTORES
$10.000 POR SEMANA o $ 30.000 en un solo pago para todo el mes 
📲 Pedila hoy por WhatsApp
+54 341 7406783"
"-Ouy1vd4A0WCkQ_9POa3","WhatsApp Bot","2026-06-12T22:55:00.200Z","firetruck","0","Grupo WhatsApp","CHOFERES DE ROSARIO 🔥
PROMO ESPECIAL DE SEGURIDAD
Si trabajás en Taxi, Uber o Didi, esto es para vo","Uber Didi Rosario y alrededores","CHOFERES DE ROSARIO 🔥
PROMO ESPECIAL DE SEGURIDAD
Si trabajás en Taxi, Uber o Didi, esto es para vos.
📲 Aplicación de alertas monitoreada las 24 hs
🚨 Botón de emergencia por:
✅ Robo
✅ Violencia de género
✅ Emergencia médica
✅ Incendio
📡 Atención inmediata desde central de monitoreo
👨‍⚕️ Asistencia médica
Médico hasta donde se encuentre el chofer.
💲 PROMOCIÓN EXCLUSIVA PARA CONDUCTORES
$10.000 POR SEMANA o $ 30.000 en un solo pago para todo el mes 
📲 Pedila hoy por WhatsApp
+54 341 7406783"
"-Ouy3BMBwdvNQWoU-8JC","WhatsApp Bot","2026-06-12T23:00:30.831Z","checkpoint","0","Grupo WhatsApp","Super operativo en las vías de pueblo Esther","🚔🚨Operativos🚓 Arroyo Seco y alrededores","Super operativo en las vías de pueblo Esther"
"-Ouy8gkOZ_VbpgP2IaeU","WhatsApp Bot","2026-06-12T23:24:34.236Z","checkpoint","0","Grupo WhatsApp","Operativo en la entrada de p.esther en oroño","🚔🚨Operativos🚓 Arroyo Seco y alrededores","Operativo en la entrada de p.esther en oroño"
"-OuyDMDf7y1dC4Uq6Us-","WhatsApp Bot","2026-06-12T23:44:56.771Z","checkpoint","0","Grupo WhatsApp","Operativo en Pueblo Esther","🚔🚨Operativos🚓 Arroyo Seco y alrededores","Algo en pueblo ester"
"-OuyTSmHmaNmiGq7PlmC","WhatsApp Bot","2026-06-13T00:55:17.940Z","municipal","0","Grupo WhatsApp","*🚩🏁🚩27 DE FEBRERO Y CASTELLANOS.... YA ESTA LIMPIO EL OPERATIVO DE (FISCA) FISCALIZACION DE TRANS","Solo Operativos de TRÁNSITO!!! 2","*🚩🏁🚩27 DE FEBRERO Y CASTELLANOS.... YA ESTA LIMPIO EL OPERATIVO DE (FISCA) FISCALIZACION DE TRANSPORTE🚩🏁🚩*"
"-OuyTT76fXc5rF01wnpg","WhatsApp Bot","2026-06-13T00:55:19.337Z","municipal","0","Grupo WhatsApp","*🚧🚥🚥🚧RUTA 33 ENTRADA A PEREZ ALTURA EL CEMENTERIO EL PRADO AMBAS MANOS.... OPERATIVO DE TRÁNSITO","Solo Operativos de TRÁNSITO!!! 2","*🚧🚥🚥🚧RUTA 33 ENTRADA A PEREZ ALTURA EL CEMENTERIO EL PRADO AMBAS MANOS.... OPERATIVO DE TRÁNSITO CON ALCOHOLEMIA 🗣️🗣️Y POLICIA A FULL🚧🚥🚥🚧*"
"-OuycsRDPE0EtJYMQN0B","WhatsApp Bot","2026-06-13T01:40:48.560Z","checkpoint","0","Grupo WhatsApp","Entrando a lagos control por ruta 21","🚔🚨Operativos🚓 Arroyo Seco y alrededores","Entrando a lagos control por ruta 21"
"-OuycspF8wZyQ86GcaiP","WhatsApp Bot","2026-06-13T01:40:50.163Z","checkpoint","0","Grupo WhatsApp","Entrando a lagos control por ruta 21","🚔🚨Operativos🚓 Arroyo Seco y alrededores","Entrando a lagos control por ruta 21"
"-Ouyn3AApJ_x3gv0JZru","WhatsApp Bot","2026-06-13T02:25:18.062Z","checkpoint","0","Grupo WhatsApp","En fighe hay 4 patrulleros y los de transito tengan cuidado que estan por hacer control","🚔🚨Operativos🚓 Arroyo Seco y alrededores","En fighe hay 4 patrulleros y los de transito tengan cuidado que estan por hacer control"
"-Ouyn3QocHA0oPl5h3wd","WhatsApp Bot","2026-06-13T02:25:19.127Z","checkpoint","0","Grupo WhatsApp","En fighe hay 4 patrulleros y los de transito tengan cuidado que estan por hacer control","🚔🚨Operativos🚓 Arroyo Seco y alrededores","En fighe hay 4 patrulleros y los de transito tengan cuidado que estan por hacer control"
"-OuypKnjY8b3JUxLFuoP","WhatsApp Bot","2026-06-13T02:35:14.577Z","municipal","0","Grupo WhatsApp","*🚧📛📛🚧MONTEVIDEO Y SAN NICOLÁS Y CAFFERATA TAMBIEN.... EL POTENTE OPERATIVO DE TRÁNSITO CON ALCOH","Solo Operativos de TRÁNSITO!!! 2","*🚧📛📛🚧MONTEVIDEO Y SAN NICOLÁS Y CAFFERATA TAMBIEN.... EL POTENTE OPERATIVO DE TRÁNSITO CON ALCOHOLEMIA🗣️🗣️ NARCOLEMIA Y THC CANNABIS CON EL CARRETON Y LAS GRUAS 🚘🛵🚘🛵A FULL IMPACT CON EL JEFE DE DIVISION HORACIO CAMERO (ALIAS CAMARON) Y .... EVITEN ZONA!!!🚧📛📛🚧*"
"-OuypKokB37WiZTPHR1b","WhatsApp Bot","2026-06-13T02:35:14.643Z","municipal","0","Grupo WhatsApp","*🚧📛📛🚧MONTEVIDEO Y SAN NICOLÁS Y CAFFERATA TAMBIEN.... EL POTENTE OPERATIVO DE TRÁNSITO CON ALCOH","Solo Operativos de TRÁNSITO!!! 2","*🚧📛📛🚧MONTEVIDEO Y SAN NICOLÁS Y CAFFERATA TAMBIEN.... EL POTENTE OPERATIVO DE TRÁNSITO CON ALCOHOLEMIA🗣️🗣️ NARCOLEMIA Y THC CANNABIS CON EL CARRETON Y LAS GRUAS 🚘🛵🚘🛵A FULL IMPACT CON EL JEFE DE DIVISION HORACIO CAMERO (ALIAS CAMARON) Y .... EVITEN ZONA!!!🚧📛📛🚧*"
"-OuyyJQ2iyVaPMs-wLW6","WhatsApp Bot","2026-06-13T03:14:28.197Z","checkpoint","0","Grupo WhatsApp","Operativo en la esquina de la virgencita","🚔🚨Operativos🚓 Arroyo Seco y alrededores","Operativo en la esquina de la virgencita"
"-OuyyKrz9YEoEM7Q2zvl","WhatsApp Bot","2026-06-13T03:14:34.146Z","checkpoint","0","Grupo WhatsApp","Operativo en la esquina de la virgencita","🚔🚨Operativos🚓 Arroyo Seco y alrededores","Operativo en la esquina de la virgencita"
"-OuzNiR707_GEd3nMNp7","WhatsApp Bot","2026-06-13T05:09:50.507Z","municipal","0","Grupo WhatsApp","*🚧📛📛🚧MONTEVIDEO Y SAN NICOLÁS Y CAFFERATA TAMBIEN.... EL POTENTE OPERATIVO DE TRÁNSITO CON ALCOH","Solo Operativos de TRÁNSITO!!! 2","*🚧📛📛🚧MONTEVIDEO Y SAN NICOLÁS Y CAFFERATA TAMBIEN.... EL POTENTE OPERATIVO DE TRÁNSITO CON ALCOHOLEMIA🗣️🗣️ NARCOLEMIA Y THC CANNABIS CON EL CARRETON Y LAS GRUAS 🚘🛵🚘🛵A FULL IMPACT CON EL JEFE DE DIVISION HORACIO CAMERO (ALIAS CAMARON) Y .... EVITEN ZONA!!!🚧📛📛🚧*"
"-OuzOpZ-A1qSawFPhXI8","WhatsApp Bot","2026-06-13T05:14:41.826Z","municipal","0","Grupo WhatsApp","*🚧📛📛OVIDIOS LAGOS Y 9 DE JULIO....SE MUDO UNO DE LOS POTENTE OPERATIVO DE TRÁNSITO CON ALCOHOLEMI","Solo Operativos de TRÁNSITO!!! 2","*🚧📛📛OVIDIOS LAGOS Y 9 DE JULIO....SE MUDO UNO DE LOS POTENTE OPERATIVO DE TRÁNSITO CON ALCOHOLEMIA🗣️🗣️ NARCOLEMIA Y THC CANNABIS CON EL CARRETON Y LAS GRUAS 🚘🛵🚘🛵A FULL IMPACT CON EL JEFE DE DIVISION HORACIO CAMERO (ALIAS CAMARON) Y .... EVITEN ZONA!!!🚧📛📛🚧*"
"-OuzQ_aImVj3Hckautg9","WhatsApp Bot","2026-06-13T05:22:20.726Z","municipal","0","Grupo WhatsApp","*🚩🏁🚩MONTEVIDEO Y CAFFERATA.... YA ESTA LIMPIO EL OPERATIVO DE TRÁNSITO🚩🏁🚩*","Solo Operativos de TRÁNSITO!!! 2","*🚩🏁🚩MONTEVIDEO Y CAFFERATA.... YA ESTA LIMPIO EL OPERATIVO DE TRÁNSITO🚩🏁🚩*"
"-OuzZsDGnzn7o39DkgeP","WhatsApp Bot","2026-06-13T06:02:56.308Z","municipal","0","Grupo WhatsApp","*🚩🏁🚩SALTA Y PUEYRREDÓN... YA ESTA LIMPIO EL OPERATIVO DE TRÁNSITO🚩🏁🚩*","Solo Operativos de TRÁNSITO!!! 2","*🚩🏁🚩SALTA Y PUEYRREDÓN... YA ESTA LIMPIO EL OPERATIVO DE TRÁNSITO🚩🏁🚩*"
"-OuzZsaHLik5r9kWtNjn","WhatsApp Bot","2026-06-13T06:02:57.845Z","municipal","0","Grupo WhatsApp","*🚩🏁🚩OVIDIOS LAGOS Y 9 DE JULIO.... YA ESTA LIMPIO EL OPERATIVO DE TRÁNSITO🚩🏁🚩*","Solo Operativos de TRÁNSITO!!! 2","*🚩🏁🚩OVIDIOS LAGOS Y 9 DE JULIO.... YA ESTA LIMPIO EL OPERATIVO DE TRÁNSITO🚩🏁🚩*"
"-Ouz_VBWyiJGum_N3PQp","WhatsApp Bot","2026-06-13T06:05:40.036Z","municipal","0","Grupo WhatsApp","*🚧📛📛🚧SANTA FE Y DORREGO.... LLEGANDO EL POTENTE OPERATIVO DE TRÁNSITO (2DA ETAPA) CON ALCOHOLEMI","Solo Operativos de TRÁNSITO!!! 2","*🚧📛📛🚧SANTA FE Y DORREGO.... LLEGANDO EL POTENTE OPERATIVO DE TRÁNSITO (2DA ETAPA) CON ALCOHOLEMIA🗣️🗣️ NARCOLEMIA Y THC CANNABIS CON EL CARRETON Y LAS GRUAS 🚘🛵🚘🛵A FULL IMPACT CON EL JEFE DE DIVISION HORACIO CAMERO (ALIAS CAMARON) ... EVITEN ZONA!!!🚧📛📛🚧*"
"-Ouzi1vWU3Q99O7XA_rg","WhatsApp Bot","2026-06-13T06:42:59.460Z","municipal","0","Grupo WhatsApp","*🚩🏁🚩JUJUY Y DORREGO.... YA ESTA LIMPIO EL OPERATIVO DE (FISCA) FISCALIZACION DE TRANSPORTE🚩🏁🚩*","Solo Operativos de TRÁNSITO!!! 2","*🚩🏁🚩JUJUY Y DORREGO.... YA ESTA LIMPIO EL OPERATIVO DE (FISCA) FISCALIZACION DE TRANSPORTE🚩🏁🚩*"
"-OuzlnkOrYfjP9Eztpbx","WhatsApp Bot","2026-06-13T06:59:25.884Z","municipal","0","Grupo WhatsApp","*🚧📛📛🚧SANTA FE Y OVIDIOS LAGOS.... LLEGANDO EL OTRO Y POTENTE OPERATIVO DE TRÁNSITO (2DA ETAPA) C","Solo Operativos de TRÁNSITO!!! 2","*🚧📛📛🚧SANTA FE Y OVIDIOS LAGOS.... LLEGANDO EL OTRO Y POTENTE OPERATIVO DE TRÁNSITO (2DA ETAPA) CON ALCOHOLEMIA🗣️🗣️ NARCOLEMIA Y THC CANNABIS CON EL CARRETON Y LAS GRUAS 🚘🛵🚘🛵A FULL IMPACT CON EL JEFE DE DIVISION  CARLOS TALDO ( ALIAS TANGO 3)... EVITEN ZONA!!!🚧📛📛🚧*"
"-Ouzmo8OPAw-w6LBNXPa","WhatsApp Bot","2026-06-13T07:03:49.628Z","municipal","0","Grupo WhatsApp","*SE CORRIO EL OPERATIVO DE TRÁNSITO.... ATENTOS☝️*","Solo Operativos de TRÁNSITO!!! 2","*SE CORRIO EL OPERATIVO DE TRÁNSITO.... ATENTOS☝️*"
"-OuzoA5aHko1BgcmWM45","WhatsApp Bot","2026-06-13T07:09:45.800Z","municipal","0","Grupo WhatsApp","*☝️☝️SUIPACHA Y SANTA FE FINALMENTE ESTA EL OPERATIVO DE TRÁNSITO☝️☝️*","Solo Operativos de TRÁNSITO!!! 2","*☝️☝️SUIPACHA Y SANTA FE FINALMENTE ESTA EL OPERATIVO DE TRÁNSITO☝️☝️*"
"-Ouzzsf8MhcYPum6c8oN","WhatsApp Bot","2026-06-13T08:00:56.043Z","police","0","Grupo WhatsApp","Frente de gm por ao12  policía parando","🚔🚨Operativos🚓 Arroyo Seco y alrededores","Frente de gm por ao12  policía parando"
"-Ov-yrOdpEjyg0-FaKIH","WhatsApp Bot","2026-06-13T12:36:05.899Z","municipal","0","Grupo WhatsApp","*🚧📛📛🚧AVELLANEDA ENTRE OCAMPO Y VIAMONTE ...EL POTENTE OPERATIVO DE TRÁNSITO CON EL CARRETON Y AL","Solo Operativos de TRÁNSITO!!! 2","*🚧📛📛🚧AVELLANEDA ENTRE OCAMPO Y VIAMONTE ...EL POTENTE OPERATIVO DE TRÁNSITO CON EL CARRETON Y ALRREDEDORES TAMBIEN TE LLEVAN AL OPERATIVO CHUPANDO MOTOS 🛵🏍️🛵🏍️A FULL IMPACT CON EL JEFE DE DIVISION LUIS (ALIAS JARRO) Y SUS JARROBOYS MOTORIZADOS LLEVANDO AL OPERATIVO CON EL TERCIO DELTA DE POLICIA MOTORIZADA... EVITEN ZONA HASTA LAS 11.45 HS🚧📛📛🚧*"
"-Ov-yrXFDMg2VwHcLUct","WhatsApp Bot","2026-06-13T12:36:06.449Z","municipal","0","Grupo WhatsApp","*🚧📛📛🚧AVELLANEDA ENTRE OCAMPO Y VIAMONTE ...EL POTENTE OPERATIVO DE TRÁNSITO CON EL CARRETON Y AL","Solo Operativos de TRÁNSITO!!! 2","*🚧📛📛🚧AVELLANEDA ENTRE OCAMPO Y VIAMONTE ...EL POTENTE OPERATIVO DE TRÁNSITO CON EL CARRETON Y ALRREDEDORES TAMBIEN TE LLEVAN AL OPERATIVO CHUPANDO MOTOS 🛵🏍️🛵🏍️A FULL IMPACT CON EL JEFE DE DIVISION LUIS (ALIAS JARRO) Y SUS JARROBOYS MOTORIZADOS LLEVANDO AL OPERATIVO CON EL TERCIO DELTA DE POLICIA MOTORIZADA... EVITEN ZONA HASTA LAS 11.45 HS🚧📛📛🚧*"
"-Ov-zSn_XhXK15bFDYgN","WhatsApp Bot","2026-06-13T12:38:43.207Z","municipal","0","Grupo WhatsApp","*⚠️✖️✖️⚠️OROÑO ENTRE SAAVEDRA Y URUGUAY MANO AL NORTE.... EL ATROZ OPERATIVO DE (FISCA) FISCALIZACIO","Solo Operativos de TRÁNSITO!!! 2","*⚠️✖️✖️⚠️OROÑO ENTRE SAAVEDRA Y URUGUAY MANO AL NORTE.... EL ATROZ OPERATIVO DE (FISCA) FISCALIZACION DE TRANSPORTE (Servicios públicos) PARANDO TAXIS Y AUTOS 🚖🚘🚖BUSCANDO REMISES TRUCHOS LOS UBER DIDI Y CABIFY NO HABILITADOS CON LA PLANCHA ITALIANA IVECO⚠️✖️✖️⚠️*"
"-Ov03yKvXXBmVs2iGL6X","WhatsApp Bot","2026-06-13T13:02:47.197Z","checkpoint","0","Grupo WhatsApp","Control tierra del sueño mano de fig a arroyo","🚔🚨Operativos🚓 Arroyo Seco y alrededores","Control tierra del sueño mano de fig a arroyo"
"-Ov03y_NMRIgLrEcFb-K","WhatsApp Bot","2026-06-13T13:02:48.186Z","checkpoint","0","Grupo WhatsApp","Control tierra del sueño mano de fig a arroyo","🚔🚨Operativos🚓 Arroyo Seco y alrededores","Control tierra del sueño mano de fig a arroyo"
"-Ov0DHexeR9yS1Tficn1","WhatsApp Bot","2026-06-13T13:43:29.759Z","checkpoint","0","Grupo WhatsApp","Control en la entrada a la costa de Lagos","🚔🚨Operativos🚓 Arroyo Seco y alrededores","Control en la entrada a la costa de Lagos"
"-Ov0DHxmSKAgToY-G1XU","WhatsApp Bot","2026-06-13T13:43:30.964Z","checkpoint","0","Grupo WhatsApp","Control en la entrada a la costa de Lagos","🚔🚨Operativos🚓 Arroyo Seco y alrededores","Control en la entrada a la costa de Lagos"
"-Ov0Kcre5wQVWG3jVA80","WhatsApp Bot","2026-06-13T14:15:35.691Z","municipal","0","Grupo WhatsApp","*🚩🏁🚩OROÑO ENTRE SAAVEDRA Y URUGUAY.... YA ESTA LIMPIO EL OPERATIVO DE (FISCA) FISCALIZACION DE TR","Solo Operativos de TRÁNSITO!!! 2","*🚩🏁🚩OROÑO ENTRE SAAVEDRA Y URUGUAY.... YA ESTA LIMPIO EL OPERATIVO DE (FISCA) FISCALIZACION DE TRANSPORTE🚩🏁🚩*"
"-Ov0QyWPByR0AWR0hTv_","WhatsApp Bot","2026-06-13T14:43:17.244Z","checkpoint","0","Grupo WhatsApp","Operativo en Fiocchi","🚔🚨Operativos🚓 Arroyo Seco y alrededores","Operativo en Fiocchi"
"-Ov13zO3Cn4s7vhM-y4n","WhatsApp Bot","2026-06-13T17:42:28.702Z","checkpoint","0","Grupo WhatsApp","Control sobre 21 en fiochi p.esther","🚔🚨Operativos🚓 Arroyo Seco y alrededores","Control sobre 21 en fiochi p.esther"
"-Ov140qk8LLi0sxuBtcP","WhatsApp Bot","2026-06-13T17:42:38.794Z","checkpoint","0","Grupo WhatsApp","Control sobre 21 en fiochi p.esther","🚔🚨Operativos🚓 Arroyo Seco y alrededores","Control sobre 21 en fiochi p.esther"
"-Ov15Enpz7cYqUUQPXdY","WhatsApp Bot","2026-06-13T17:47:58.095Z","accident","0","Grupo WhatsApp","🚖🔥 CHOFERES DE ROSARIO: PROTEGÉ TU TRABAJO Y TU SEGURIDAD 🔥🚖
Si trabajás en Taxi, Uber o Didi, t","Uber Didi Rosario y alrededores","🚖🔥 CHOFERES DE ROSARIO: PROTEGÉ TU TRABAJO Y TU SEGURIDAD 🔥🚖
Si trabajás en Taxi, Uber o Didi, tenemos una solución pensada para vos.
📲 APP DE SEGURIDAD INTEGRAL ✅ Monitoreo profesional las 24 horas, los 365 días del año. ✅ Botón de pánico ante robo o situación de riesgo. ✅ Emergencias médicas. ✅ Violencia de género. ✅ Incendios. ✅ Atención inmediata desde nuestra Central de Monitoreo.
👨‍⚕️ SERVICIO MÉDICO EN CALLE Ante una emergencia médica, enviamos asistencia hasta el lugar donde te encuentres.
📍 FUNCIÓN ALERTA GEOLOCALIZADA Con solo presionar """"Alerta"""" podés informar: 🚧 Accidentes de tránsito. 👮 Controles policiales. 🚓 Operativos de tránsito. ⚠️ Situaciones de riesgo en la vía pública.
Toda la información se comparte de manera geolocalizada para brindar mayor seguridad a la comunidad de conductores.
💲 PROMOCIÓN ESPECIAL PARA CHOFERES Solo $10.000 por semana.
📲 Consultas y contratación: WhatsApp: +54 341 740 6783
GRUPO ALAS SERVICIOS INTEGRALES Comprometidos con tu seguridad, estés donde estés."
"-Ov15F5CUmLvFIT3CacD","WhatsApp Bot","2026-06-13T17:47:59.271Z","accident","0","Grupo WhatsApp","🚖🔥 CHOFERES DE ROSARIO: PROTEGÉ TU TRABAJO Y TU SEGURIDAD 🔥🚖
Si trabajás en Taxi, Uber o Didi, t","Uber Didi Rosario y alrededores","🚖🔥 CHOFERES DE ROSARIO: PROTEGÉ TU TRABAJO Y TU SEGURIDAD 🔥🚖
Si trabajás en Taxi, Uber o Didi, tenemos una solución pensada para vos.
📲 APP DE SEGURIDAD INTEGRAL ✅ Monitoreo profesional las 24 horas, los 365 días del año. ✅ Botón de pánico ante robo o situación de riesgo. ✅ Emergencias médicas. ✅ Violencia de género. ✅ Incendios. ✅ Atención inmediata desde nuestra Central de Monitoreo.
👨‍⚕️ SERVICIO MÉDICO EN CALLE Ante una emergencia médica, enviamos asistencia hasta el lugar donde te encuentres.
📍 FUNCIÓN ALERTA GEOLOCALIZADA Con solo presionar """"Alerta"""" podés informar: 🚧 Accidentes de tránsito. 👮 Controles policiales. 🚓 Operativos de tránsito. ⚠️ Situaciones de riesgo en la vía pública.
Toda la información se comparte de manera geolocalizada para brindar mayor seguridad a la comunidad de conductores.
💲 PROMOCIÓN ESPECIAL PARA CHOFERES Solo $10.000 por semana.
📲 Consultas y contratación: WhatsApp: +54 341 740 6783
GRUPO ALAS SERVICIOS INTEGRALES Comprometidos con tu seguridad, estés donde estés."
"-Ov1_Ur9p46nsDquPAs3","WhatsApp Bot","2026-06-13T20:04:30.308Z","checkpoint","0","Grupo WhatsApp","En el radar de la 012 operativo","🚔🚨Operativos🚓 Arroyo Seco y alrededores","En el radar de la 012 operativo"
"-Ov1eiLntzCZ7r8LunuQ","WhatsApp Bot","2026-06-13T20:27:20.396Z","police","0","Grupo WhatsApp","Gratis son mis besos","Choferes de Uber.!! ","Gratis son mis besos"
"-Ov1fz2lrYuC1trONovZ","WhatsApp Bot","2026-06-13T20:32:50.954Z","police","0","Grupo WhatsApp","100÷gratis","Choferes de Uber.!! ","100÷gratis"
"-Ov1n3AMN6ycF3UjZqrw","WhatsApp Bot","2026-06-13T21:03:46.929Z","police","0","Grupo WhatsApp","Una picana","Choferes de Uber.!! ","Una picana"
"-Ov1x-i1Z38vlh-5vl7x","WhatsApp Bot","2026-06-13T21:47:14.203Z","municipal","0","Grupo WhatsApp","*🚩🏁🚩JUNIN Y SANTA MARÍA DE ORO.... YA ESTA LIMPIO EL OPERATIVO DE (FISCA) FISCALIZACION DE TRANSP","Solo Operativos de TRÁNSITO!!! 2","*🚩🏁🚩JUNIN Y SANTA MARÍA DE ORO.... YA ESTA LIMPIO EL OPERATIVO DE (FISCA) FISCALIZACION DE TRANSPORTE🚩🏁🚩*"
"-Ov22Uk7B0RY_gJx4E1v","WhatsApp Bot","2026-06-13T22:15:34.177Z","traffic","0","Grupo WhatsApp","9 de julio entre Moreno y Belgrano
Mitre entre Moreno y Belgrano 
Está tránsito parando","🚔🚨Operativos🚓 Arroyo Seco y alrededores","9 de julio entre Moreno y Belgrano
Mitre entre Moreno y Belgrano 
Está tránsito parando"
"-Ov22V5DYfGZIGUI-OFw","WhatsApp Bot","2026-06-13T22:15:35.591Z","traffic","0","Grupo WhatsApp","9 de julio entre Moreno y Belgrano
Mitre entre Moreno y Belgrano 
Está tránsito parando","🚔🚨Operativos🚓 Arroyo Seco y alrededores","9 de julio entre Moreno y Belgrano
Mitre entre Moreno y Belgrano 
Está tránsito parando"
"-Ov22ym0Ih9RRZCz3_Zs","WhatsApp Bot","2026-06-13T22:17:41.274Z","checkpoint","0","Grupo WhatsApp","Control en el acesso de lagos","🚔🚨Operativos🚓 Arroyo Seco y alrededores","Control en el acesso de lagos"
"-Ov24SyPv9LYda5XWK9B","WhatsApp Bot","2026-06-13T22:24:11.194Z","checkpoint","0","Grupo WhatsApp","Control en el puente de pueblo Esther justo en el puente","🚔🚨Operativos🚓 Arroyo Seco y alrededores","Control en el puente de pueblo Esther justo en el puente"
"-Ov2WRtuJtiXrLaNdVIp","WhatsApp Bot","2026-06-14T00:26:26.841Z","checkpoint","0","Grupo WhatsApp","Operativo en 9 de Julio y Mitre (frente Grido)","🚔🚨Operativos🚓 Arroyo Seco y alrededores","Se están poniendo devuelta en la 9 de julio por mitre y enfrente de Grido"
"-Ov2k6InZALDHAisCSLD","WhatsApp Bot","2026-06-14T01:30:30.537Z","checkpoint","0","Grupo WhatsApp","Control en 9 de Julio y Mitre, frente a Grido","🚔🚨Operativos🚓 Arroyo Seco y alrededores","Se están poniendo devuelta en la 9 de julio por mitre y enfrente de Grido"
"-Ov2uGG1f85IJb0iKboa","WhatsApp Bot","2026-06-14T02:14:52.770Z","police","0","Grupo WhatsApp","control policial a 500 metros dice la gallega","Chat Privado","control policial a 500 metros dice la gallega"
"-Ov2u_NFImDPbPWYLM99","WhatsApp Bot","2026-06-14T02:16:15.155Z","checkpoint","0","Grupo WhatsApp","Operativo en Buenos Aires y Pellegrini","Chat Privado","yo dije operativo en buenos aires y Pellegrini nomas"
"-Ov2uitd1RRKqDVIcdt6","WhatsApp Bot","2026-06-14T02:16:54.155Z","checkpoint","0","Grupo WhatsApp","dejala abierto un rato asi escuchas si alguien pasa operativos","Admin Privado","dejala abierto un rato asi escuchas si alguien pasa operativos"
"-Ov2uqh3kfuOnYCY7RRR","WhatsApp Bot","2026-06-14T02:17:26.117Z","checkpoint","0","Grupo WhatsApp","dejala abierto un rato asi escuchas si alguien pasa operativos","Admin Privado","dejala abierto un rato asi escuchas si alguien pasa operativos"
"-Ov2ux8yEdCcgQlKlFrl","WhatsApp Bot","2026-06-14T02:17:52.544Z","checkpoint","0","Grupo WhatsApp","dejala abierto un rato asi escuchas si alguien pasa operativos","Admin Privado","dejala abierto un rato asi escuchas si alguien pasa operativos"
"-Ov2v45dkrljobu9XhlQ","WhatsApp Bot","2026-06-14T02:18:25.100Z","checkpoint","0","Grupo WhatsApp","dejala abierto un rato asi escuchas si alguien pasa operativos","Admin Privado","dejala abierto un rato asi escuchas si alguien pasa operativos"
"-Ov3Ad7PXv9Vxat8bP8O","WhatsApp Bot","2026-06-14T03:30:46.969Z","checkpoint","0","Grupo WhatsApp","ahí me llegó una alerta que decía operativo a 500 metross","Chat Privado","ahí me llegó una alerta que decía operativo a 500 metross"
"-Ov3Ag141JjGEvDTh1cy","WhatsApp Bot","2026-06-14T03:30:58.852Z","police","0","Grupo WhatsApp","control policial a 500 metros","Chat Privado","control policial a 500 metros"
"-Ov3JiKhyk9k6Y8RD2Hw","WhatsApp Bot","2026-06-14T04:10:27.597Z","municipal","0","Grupo WhatsApp","Tengo el auto en san lorenzo y vera mújica y esta fizca","Choferes de Uber.!! ","Tengo el auto en san lorenzo y vera mújica y esta fizca"
"-Ov3LxbpVZhgr5lgrsZn","WhatsApp Bot","2026-06-14T04:20:14.485Z","checkpoint","0","Grupo WhatsApp","Operativo por r21 pavon","🚔🚨Operativos🚓 Arroyo Seco y alrededores","Operativo por r21 pavon"
"-Ov3Lxpa9EUj8a3D7b1b","WhatsApp Bot","2026-06-14T04:20:15.366Z","checkpoint","0","Grupo WhatsApp","Operativo por r21 pavon","🚔🚨Operativos🚓 Arroyo Seco y alrededores","Operativo por r21 pavon"
"-Ov3MmF9ZQWMBQUWuylW","WhatsApp Bot","2026-06-14T04:23:50.054Z","municipal","0","Grupo WhatsApp","Todo sea por fizca","Choferes de Uber.!! ","Todo sea por fizca"
"-Ov3QOjaJiWNO0oAxZ9p","WhatsApp Bot","2026-06-14T04:39:38.240Z","municipal","0","Grupo WhatsApp","*🚩🏁🚩CATAMARCA ENTRE OROÑO Y ALVEAR.... QUEDO LIMPIO (FISCA) RECIEN SE VAN PARA OTRO LUGAR🚩🏁🚩*","Solo Operativos de TRÁNSITO!!! 2","*🚩🏁🚩CATAMARCA ENTRE OROÑO Y ALVEAR.... QUEDO LIMPIO (FISCA) RECIEN SE VAN PARA OTRO LUGAR🚩🏁🚩*"
"-Ov3QOlrcOJ_6u7-RWol","WhatsApp Bot","2026-06-14T04:39:38.386Z","municipal","0","Grupo WhatsApp","*🚩🏁🚩CATAMARCA ENTRE OROÑO Y ALVEAR.... QUEDO LIMPIO (FISCA) RECIEN SE VAN PARA OTRO LUGAR🚩🏁🚩*","Solo Operativos de TRÁNSITO!!! 2","*🚩🏁🚩CATAMARCA ENTRE OROÑO Y ALVEAR.... QUEDO LIMPIO (FISCA) RECIEN SE VAN PARA OTRO LUGAR🚩🏁🚩*"
"-Ov3RIJxDhqB3O0CSpnR","WhatsApp Bot","2026-06-14T04:43:34.113Z","municipal","0","Grupo WhatsApp","Operativo de tránsito urgente con vehículo y conos","Solo Operativos de TRÁNSITO!!! 2","[IMAGEN] Operativo de tránsito urgente con vehículo y conos"
"-Ov3RIK26-MzM4RTIyrb","WhatsApp Bot","2026-06-14T04:43:34.120Z","municipal","0","Grupo WhatsApp","Operativo de tránsito con vehículo y conos","Solo Operativos de TRÁNSITO!!! 2","[IMAGEN] Operativo de tránsito con vehículo y conos"
"-Ov3TfQR70u67iOD9b-u","WhatsApp Bot","2026-06-14T04:53:57.120Z","municipal","0","Grupo WhatsApp","Operativo de fiscalización con conos y patrulla","Solo Operativos de TRÁNSITO!!! 2","[IMAGEN] Operativo de fiscalización con conos y patrulla"
"-Ov3TfxnQKJ8B9GdvCmx","WhatsApp Bot","2026-06-14T04:53:59.319Z","municipal","0","Grupo WhatsApp","Operativo de fiscalización con conos y patrulla","Solo Operativos de TRÁNSITO!!! 2","[IMAGEN] Operativo de fiscalización con conos y patrulla"
"-Ov3g6alKAokjIL-TaL3","WhatsApp Bot","2026-06-14T05:52:40.398Z","municipal","0","Grupo WhatsApp","*🚩🏁🚩PELLEGRINI ENTRE SARMIENTO Y MITRE YA ESTA LIMPIO EL OPERATIVO DE (FISCA) FISCALIZACION DE TR","Solo Operativos de TRÁNSITO!!! 2","*🚩🏁🚩PELLEGRINI ENTRE SARMIENTO Y MITRE YA ESTA LIMPIO EL OPERATIVO DE (FISCA) FISCALIZACION DE TRANSPORTE🚩🏁🚩* 

*🚩🏁🚩URQUIZA Y VERA MUJICA... SE ESTAN RETIRANDO EN MINUTOS QUEDA LIMPIO EL OPERATIVO DE TRÁNSITO🚩🏁🚩*"
"-Ov3g6eEB7H-xmj7Q5Pn","WhatsApp Bot","2026-06-14T05:52:40.620Z","municipal","0","Grupo WhatsApp","*🚩🏁🚩PELLEGRINI ENTRE SARMIENTO Y MITRE YA ESTA LIMPIO EL OPERATIVO DE (FISCA) FISCALIZACION DE TR","Solo Operativos de TRÁNSITO!!! 2","*🚩🏁🚩PELLEGRINI ENTRE SARMIENTO Y MITRE YA ESTA LIMPIO EL OPERATIVO DE (FISCA) FISCALIZACION DE TRANSPORTE🚩🏁🚩* 

*🚩🏁🚩URQUIZA Y VERA MUJICA... SE ESTAN RETIRANDO EN MINUTOS QUEDA LIMPIO EL OPERATIVO DE TRÁNSITO🚩🏁🚩*"
"-Ov5EulrlMYCX7K4ohgy","WhatsApp Bot","2026-06-14T13:08:42.256Z","checkpoint","0","Grupo WhatsApp","Operativo en las vías de pueblo Esther","🚔🚨Operativos🚓 Arroyo Seco y alrededores","Operativo en las vías de pueblo Esther"
"-Ov5aStdsCFY-fo27AS8","WhatsApp Bot","2026-06-14T14:47:13.283Z","police","0","Grupo WhatsApp","Control policia en la ruta llegando a mitre","🚔🚨Operativos🚓 Arroyo Seco y alrededores","Control policia en la ruta llegando a mitre"
"-Ov6D9S1cxzAS4e_mXpx","WhatsApp Bot","2026-06-14T17:40:39.387Z","checkpoint","0","Grupo WhatsApp","Control en 27 de febrero p.esther","🚔🚨Operativos🚓 Arroyo Seco y alrededores","Control en 27 de febrero p.esther"
"-Ov6D9lYgffylogCNIP3","WhatsApp Bot","2026-06-14T17:40:40.701Z","checkpoint","0","Grupo WhatsApp","Control en 27 de febrero p.esther","🚔🚨Operativos🚓 Arroyo Seco y alrededores","Control en 27 de febrero p.esther"
"-Ov6R2XyaFUE3hWsCt6x","WhatsApp Bot","2026-06-14T18:41:21.112Z","checkpoint","0","Grupo WhatsApp","También operativos a veces","Uber Didi Rosario y alrededores","También operativos a veces"
"-Ov6_k7FMLP5GR9-49Ho","WhatsApp Bot","2026-06-14T19:23:43.018Z","municipal","0","Grupo WhatsApp","Calle Baigorria, zona norte la policía sacando motos, llaman a tránsito entre Casiano casas y cavia","Solo Operativos de TRÁNSITO!!! 2","Calle Baigorria, zona norte la policía sacando motos, llaman a tránsito entre Casiano casas y cavia"
"-Ov6iF_HUXn0fkNt8NWv","WhatsApp Bot","2026-06-14T20:00:53.097Z","checkpoint","0","Grupo WhatsApp","Agente uniformado y cono en control.","Solo Operativos de TRÁNSITO!!! 2","[IMAGEN] Agente uniformado y cono en control."
"-Ov6iG9lkNEipaWVk41m","WhatsApp Bot","2026-06-14T20:00:55.496Z","municipal","0","Grupo WhatsApp","Operativo urgente de fiscalización con conos","Solo Operativos de TRÁNSITO!!! 2","[IMAGEN] Operativo urgente de fiscalización con conos"
"-Ov6iGkKzjV1LBiWSewA","WhatsApp Bot","2026-06-14T20:00:57.900Z","municipal","0","Grupo WhatsApp","Cono de tránsito y persona en posible control","Solo Operativos de TRÁNSITO!!! 2","[IMAGEN] Cono de tránsito y persona en posible control"
"-Ov6iHgW0pXaC_NlDtnG","WhatsApp Bot","2026-06-14T20:01:01.752Z","municipal","0","Grupo WhatsApp","Operativo de fiscalización con conos y vehículo control","Solo Operativos de TRÁNSITO!!! 2","[IMAGEN] Operativo de fiscalización con conos y vehículo control"
"-Ov6q87YjylWdKMqvyXc","WhatsApp Bot","2026-06-14T20:35:19.740Z","municipal","0","Grupo WhatsApp","*🚩🏁🚩CAFFERATA ENTRE SANTA FE Y CÓRDOBA...YA ESTA LIMPIO EL OPERATIVO DE (FISCA) FISCALIZACION DE ","Solo Operativos de TRÁNSITO!!! 2","*🚩🏁🚩CAFFERATA ENTRE SANTA FE Y CÓRDOBA...YA ESTA LIMPIO EL OPERATIVO DE (FISCA) FISCALIZACION DE TRANSPORTE🚩🏁🚩*"
"-Ov6q8Ak_Y35MKeFsjI6","WhatsApp Bot","2026-06-14T20:35:19.945Z","municipal","0","Grupo WhatsApp","*🚩🏁🚩CAFFERATA ENTRE SANTA FE Y CÓRDOBA...YA ESTA LIMPIO EL OPERATIVO DE (FISCA) FISCALIZACION DE ","Solo Operativos de TRÁNSITO!!! 2","*🚩🏁🚩CAFFERATA ENTRE SANTA FE Y CÓRDOBA...YA ESTA LIMPIO EL OPERATIVO DE (FISCA) FISCALIZACION DE TRANSPORTE🚩🏁🚩*"
"-Ov72ixNMrPeke8OmrVF","WhatsApp Bot","2026-06-14T21:34:42.554Z","checkpoint","0","Grupo WhatsApp","Armando control enfrente de la shell pueblo esther","🚔🚨Operativos🚓 Arroyo Seco y alrededores","Armando control enfrente de la shell pueblo esther"
"-Ov72jIfkiHE6Zf-ducD","WhatsApp Bot","2026-06-14T21:34:43.982Z","checkpoint","0","Grupo WhatsApp","Armando control enfrente de la shell pueblo esther","🚔🚨Operativos🚓 Arroyo Seco y alrededores","Armando control enfrente de la shell pueblo esther"
"-Ov74Eetg5AosPNMeSGp","WhatsApp Bot","2026-06-14T21:41:18.685Z","accident","0","Grupo WhatsApp","Accidente vehicular: auto volcado","🚔🚨Operativos🚓 Arroyo Seco y alrededores","Accidente pasando tierra de sueños volco un auto"
"-Ov76uZb44euAqtbctwl","WhatsApp Bot","2026-06-14T21:52:58.690Z","checkpoint","0","Grupo WhatsApp","Gran operativo","Chat Privado","Roti.juanchi"
"-Ov7CjBqHAmr96YjmReW","WhatsApp Bot","2026-06-14T22:18:24.978Z","checkpoint","0","Grupo WhatsApp","es x control del auto","Admin Privado","es x control del auto"
"-Ov7D2ysMUz3br0My8kC","WhatsApp Bot","2026-06-14T22:19:50.095Z","checkpoint","0","Grupo WhatsApp","es x control del auto","Admin Privado","es x control del auto"
"-Ov7D3kE7snXx9JF91qc","WhatsApp Bot","2026-06-14T22:19:53.255Z","checkpoint","0","Grupo WhatsApp","es x control del auto","Admin Privado","es x control del auto"
"-Ov7GhFDF6bM4RPI7NDH","WhatsApp Bot","2026-06-14T22:35:45.575Z","checkpoint","0","Grupo WhatsApp","Control en el puente de oroño en pueblo esther","🚔🚨Operativos🚓 Arroyo Seco y alrededores","Control en el puente de oroño en pueblo esther"
"-Ov7MSKHNxPufYHMKduk","WhatsApp Bot","2026-06-14T23:00:53.235Z","checkpoint","0","Grupo WhatsApp","Control  colon y la ruta","🚔🚨Operativos🚓 Arroyo Seco y alrededores","Control  colon y la ruta"
"-Ov86nTQbjYpS6vydRuo","WhatsApp Bot","2026-06-15T02:32:06.870Z","municipal","0","Grupo WhatsApp","*🚧📛📛🚧AV ESTANISLAO LOPEZ Y OROÑO ALTURA LOS SILOS DAVIS.... LLEGÓ EL POTENTE OPERATIVO DE TRÁNSI","Solo Operativos de TRÁNSITO!!! 2","*🚧📛📛🚧AV ESTANISLAO LOPEZ Y OROÑO ALTURA LOS SILOS DAVIS.... LLEGÓ EL POTENTE OPERATIVO DE TRÁNSITO CON ALCOHOLEMIA🗣️🗣️ NARCOLEMIA Y THC CANNABIS CON EL CARRETON Y LAS GRUAS 🚘🛵🚘🛵 A FULL IMPACT CON EL JEFE DE DIVISION SEBASTIAN VALLEJOS (ALIAS ESPALDA Y OLOR A PATA).... EVITEN ZONA!!!🚧📛📛🚧*"
"-Ov8OFfeUI0Z-VRcX196","WhatsApp Bot","2026-06-15T03:48:22.923Z","municipal","0","Grupo WhatsApp","*⚠️✖️✖️⚠️MITRE Y COCHABAMBA POR AMBAS CALLES.....EL OPERATIVO DE (FISCA) FISCALIZACION DE TRANSPORTE","Solo Operativos de TRÁNSITO!!! 2","*⚠️✖️✖️⚠️MITRE Y COCHABAMBA POR AMBAS CALLES.....EL OPERATIVO DE (FISCA) FISCALIZACION DE TRANSPORTE (servicios públicos) PARANDO TAXIS Y AUTOS 🚖🚘🚖BUSCANDO REMISES TRUCHOS LOS UBER DIDI Y CABIFY NO HABILITADOS CON LA PLANCHA ITALIANA IVECO CON ALCOHOLEMIA🗣️🗣️Y NARCOLEMIA⚠️✖️✖️⚠️*"
"-Ov8OFq1SksLuUxEchdw","WhatsApp Bot","2026-06-15T03:48:23.587Z","municipal","0","Grupo WhatsApp","*⚠️✖️✖️⚠️MITRE Y COCHABAMBA POR AMBAS CALLES.....EL OPERATIVO DE (FISCA) FISCALIZACION DE TRANSPORTE","Solo Operativos de TRÁNSITO!!! 2","*⚠️✖️✖️⚠️MITRE Y COCHABAMBA POR AMBAS CALLES.....EL OPERATIVO DE (FISCA) FISCALIZACION DE TRANSPORTE (servicios públicos) PARANDO TAXIS Y AUTOS 🚖🚘🚖BUSCANDO REMISES TRUCHOS LOS UBER DIDI Y CABIFY NO HABILITADOS CON LA PLANCHA ITALIANA IVECO CON ALCOHOLEMIA🗣️🗣️Y NARCOLEMIA⚠️✖️✖️⚠️*"
"-Ov8eZ7U_Flr6e1D15B3","WhatsApp Bot","2026-06-15T05:03:59.040Z","municipal","0","Grupo WhatsApp","*🚧🚥🚥🚧RUTA 21 Y GOBERNADOR OROÑO ENTRADA A PUEBLO ESTHER DESDE ALVEAR....EL OPERATIVO DE TRÁNSITO","Solo Operativos de TRÁNSITO!!! 2","*🚧🚥🚥🚧RUTA 21 Y GOBERNADOR OROÑO ENTRADA A PUEBLO ESTHER DESDE ALVEAR....EL OPERATIVO DE TRÁNSITO (EL CAU control y asistencia urbana) CON LA POLICIA CON ALCOHOLEMIA🗣️🗣️ A FULL🚧🚥🚥🚧*"
"-Ov8hh94bbeo3YIw8_Fc","WhatsApp Bot","2026-06-15T05:17:42.438Z","municipal","0","Grupo WhatsApp","*⚠️✖️✖️⚠️URQUIZA ENTRE OROÑO Y ALVEAR.....SE MUDÓ EL OPERATIVO DE (FISCA) FISCALIZACION DE TRANSPORT","Solo Operativos de TRÁNSITO!!! 2","*⚠️✖️✖️⚠️URQUIZA ENTRE OROÑO Y ALVEAR.....SE MUDÓ EL OPERATIVO DE (FISCA) FISCALIZACION DE TRANSPORTE (servicios públicos) PARANDO TAXIS Y AUTOS 🚖🚘🚖BUSCANDO REMISES TRUCHOS LOS UBER DIDI Y CABIFY NO HABILITADOS CON LA PLANCHA ITALIANA IVECO CON ALCOHOLEMIA🗣️🗣️Y NARCOLEMIA⚠️✖️✖️⚠️*"
"-Ov8iil2vIV3jUAw39Pp","WhatsApp Bot","2026-06-15T05:22:11.168Z","municipal","0","Grupo WhatsApp","*🚩🏁🚩AV ESTANISLAO LOPEZ ALTURA SILOS DAVIS... YA ESTA LIMPIO EL OPERATIVO DE TRÁNSITO🚩🏁🚩*","Solo Operativos de TRÁNSITO!!! 2","*🚩🏁🚩AV ESTANISLAO LOPEZ ALTURA SILOS DAVIS... YA ESTA LIMPIO EL OPERATIVO DE TRÁNSITO🚩🏁🚩*"
"-Ov8iivWp5XbrGWnvu9r","WhatsApp Bot","2026-06-15T05:22:11.838Z","municipal","0","Grupo WhatsApp","*🚩🏁🚩AV ESTANISLAO LOPEZ ALTURA SILOS DAVIS... YA ESTA LIMPIO EL OPERATIVO DE TRÁNSITO🚩🏁🚩*","Solo Operativos de TRÁNSITO!!! 2","*🚩🏁🚩AV ESTANISLAO LOPEZ ALTURA SILOS DAVIS... YA ESTA LIMPIO EL OPERATIVO DE TRÁNSITO🚩🏁🚩*"
"-Ov904_R1El8pElyoRJf","WhatsApp Bot","2026-06-15T06:42:23.237Z","municipal","0","Grupo WhatsApp","*🚧📛📛🚧COCHABAMBA Y ENTRE RIOS (2DA ETAPA).... LLEGÓ EL POTENTE OPERATIVO DE TRÁNSITO CON ALCOHOLE","Solo Operativos de TRÁNSITO!!! 2","*🚧📛📛🚧COCHABAMBA Y ENTRE RIOS (2DA ETAPA).... LLEGÓ EL POTENTE OPERATIVO DE TRÁNSITO CON ALCOHOLEMIA🗣️🗣️ NARCOLEMIA Y THC CANNABIS CON EL CARRETON Y LAS GRUAS 🚘🛵🚘🛵 A FULL IMPACT CON EL JEFE DE DIVISION SEBASTIAN VALLEJOS (ALIAS ESPALDA Y OLOR A PATA).... EVITEN ZONA!!!🚧📛📛🚧*"
"-Ov904iqC26is41PFhzq","WhatsApp Bot","2026-06-15T06:42:23.839Z","municipal","0","Grupo WhatsApp","*🚧📛📛🚧COCHABAMBA Y ENTRE RIOS (2DA ETAPA).... LLEGÓ EL POTENTE OPERATIVO DE TRÁNSITO CON ALCOHOLE","Solo Operativos de TRÁNSITO!!! 2","*🚧📛📛🚧COCHABAMBA Y ENTRE RIOS (2DA ETAPA).... LLEGÓ EL POTENTE OPERATIVO DE TRÁNSITO CON ALCOHOLEMIA🗣️🗣️ NARCOLEMIA Y THC CANNABIS CON EL CARRETON Y LAS GRUAS 🚘🛵🚘🛵 A FULL IMPACT CON EL JEFE DE DIVISION SEBASTIAN VALLEJOS (ALIAS ESPALDA Y OLOR A PATA).... EVITEN ZONA!!!🚧📛📛🚧*"
"-OvAZ-hvv2Kf49kWF6le","WhatsApp Bot","2026-06-15T13:54:35.540Z","police","0","Grupo WhatsApp","Policía y caí en pueblo Ester yendo para Alvear ambas manos","🚔🚨Operativos🚓 Arroyo Seco y alrededores","Policía y caí en pueblo Ester yendo para Alvear ambas manos"
"-OvAaeW0Q4knvVPfensj","WhatsApp Bot","2026-06-15T14:06:11.033Z","checkpoint","0","Grupo WhatsApp","Operativo entrada pueblo ester a012 y oroño te revisan hasta el ojo de boga","🚔🚨Operativos🚓 Arroyo Seco y alrededores","Operativo entrada pueblo ester a012 y oroño te revisan hasta el ojo de boga"
"-OvBUAnEiecoVgkjvrzE","WhatsApp Bot","2026-06-15T18:13:07.463Z","checkpoint","0","Grupo WhatsApp","igual q no me dió ningún aviso de operativo","Chat Privado","igual q no me dió ningún aviso de operativo"
"-OvBVjzzTvxf4A6Y5qDp","WhatsApp Bot","2026-06-15T18:19:57.880Z","checkpoint","0","Grupo WhatsApp","primero se sentó atrás, sabiendo que podía haber operativo en oroño","Chat Privado","primero se sentó atrás, sabiendo que podía haber operativo en oroño"
"-OvBZkRqdn6M5czJxyJH","WhatsApp Bot","2026-06-15T18:37:28.269Z","municipal","0","Grupo WhatsApp","*🚧📛📛🚧FRANCIA ENTRE ARENALES Y JUNIN (BARQUITO DE PAPEL).... EL POTENTE OPERATIVO DE TRÁNSITO CON","Solo Operativos de TRÁNSITO!!! 2","*🚧📛📛🚧FRANCIA ENTRE ARENALES Y JUNIN (BARQUITO DE PAPEL).... EL POTENTE OPERATIVO DE TRÁNSITO CON EL CARRETON Y ALRREDEDORES TAMBIEN TE LLEVAN AL OPERATIVO CHUPANDO MOTOS 🛵🏍️🛵🏍️A FULL IMPACT CON EL JEFE DE DIVISION HORACIO CAMERO (ALIAS CAMARON).... EVITEN ZONA DEL BARQUITO Y LAS TORRES🚧📛📛🚧*"
"-OvBg--zg4u_5kDjhVJH","WhatsApp Bot","2026-06-15T19:09:07.040Z","helicopter","0","Grupo WhatsApp","*🚩🏁🚩SUSPENDIDO (Q.R.U) EL CODIGO ROJO EN EL HECA ... TODO LIMPIO🚩🏁🚩*","Solo Operativos de TRÁNSITO!!! 2","*🚩🏁🚩SUSPENDIDO (Q.R.U) EL CODIGO ROJO EN EL HECA ... TODO LIMPIO🚩🏁🚩*"
"-OvBi3xpEaC0p8zRAXnv","WhatsApp Bot","2026-06-15T19:18:11.606Z","municipal","0","Grupo WhatsApp","*⚠️✖️✖️⚠️VICTOR MERCANTE Y NANSEN POR AMBAS CALLES.....EL ATROZ OPERATIVO DE (FISCA) FISCALIZACION D","Solo Operativos de TRÁNSITO!!! 2","*⚠️✖️✖️⚠️VICTOR MERCANTE Y NANSEN POR AMBAS CALLES.....EL ATROZ OPERATIVO DE (FISCA) FISCALIZACION DE TRANSPORTE (servicios públicos) PARANDO TAXIS Y AUTOS 🚖🚘🚖BUSCANDO REMISES TRUCHOS LOS UBER DIDI Y CABIFY NO HABILITADOS CON LA PLANCHA ITALIANA IVECO CON ALCOHOLEMIA🗣️🗣️⚠️✖️✖️⚠️*"
"-OvBroKnSPcCic5T0ZiJ","WhatsApp Bot","2026-06-15T20:00:44.948Z","checkpoint","0","Grupo WhatsApp","Control en calle Salta e Iriondo.","Solo Operativos de TRÁNSITO!!! 2","Control en calle Salta e Iriondo."
"-OvC9oA7QPXKRkhQd96n","WhatsApp Bot","2026-06-15T21:23:45.018Z","checkpoint","0","Grupo WhatsApp","Operativo en la 247 sobre la ruta","🚔🚨Operativos🚓 Arroyo Seco y alrededores","Operativo en la 247 sobre la ruta"
"-OvCCVAc5ROF9iUc2O6x","WhatsApp Bot","2026-06-15T21:35:29.539Z","municipal","0","Grupo WhatsApp","*🚩🏁🚩JUNIN Y SANTA MARIA DE ORO.... YA ESTA LIMPIO EL OPERATIVO DE (FISCA) FISCALIZACION DE TRANSP","Solo Operativos de TRÁNSITO!!! 2","*🚩🏁🚩JUNIN Y SANTA MARIA DE ORO.... YA ESTA LIMPIO EL OPERATIVO DE (FISCA) FISCALIZACION DE TRANSPORTE🚩🏁🚩*"
"-OvCxrsM0n5YZMTsuXQw","WhatsApp Bot","2026-06-16T01:06:49.522Z","municipal","0","Grupo WhatsApp","*🚧📛📛🚧OVIDIOS LAGOS Y CATAMARCA.... EL POTENTE OPERATIVO DE TRÁNSITO CON ALCOHOLEMIA🗣️🗣️ NARCOL","Solo Operativos de TRÁNSITO!!! 2","*🚧📛📛🚧OVIDIOS LAGOS Y CATAMARCA.... EL POTENTE OPERATIVO DE TRÁNSITO CON ALCOHOLEMIA🗣️🗣️ NARCOLEMIA Y THC CANNABIS CON EL CARRETON Y LAS GRUAS 🚘🛵🚘🛵Q FULL IMPACT CON LA JEFA DE DIVISION TERESA BARBOSA ( LA CHOBORRA QUE NO SE QUIERE JUBILAR).... EVITEN LA ZONA!!!🚧📛📛🚧*"
"-OvDEdVCRA1RC0uDDPkA","WhatsApp Bot","2026-06-16T02:24:29.223Z","checkpoint","0","Grupo WhatsApp","Control por el acceso de lagos entrando por ruta 21","🚔🚨Operativos🚓 Arroyo Seco y alrededores","Control por el acceso de lagos entrando por ruta 21"
"-OvDPYYiqY0Q5fm_PS2r","WhatsApp Bot","2026-06-16T03:12:08.456Z","municipal","0","Grupo WhatsApp","*⚠️✖️✖️⚠️ CAFFERATA ENTRE SALTA Y CATAMARCA.....EL ATROZ OPERATIVO DE (FISCA) FISCALIZACION DE TRANS","Solo Operativos de TRÁNSITO!!! 2","*⚠️✖️✖️⚠️ CAFFERATA ENTRE SALTA Y CATAMARCA.....EL ATROZ OPERATIVO DE (FISCA) FISCALIZACION DE TRANSPORTE (servicios públicos) PARANDO TAXIS Y AUTOS 🚖🚘🚖BUSCANDO REMISES TRUCHOS LOS UBER DIDI Y CABIFY NO HABILITADOS CON LA PLANCHA ITALIANA IVECO CON ALCOHOLEMIA🗣️🗣️⚠️✖️✖️⚠️*"
"-OvDlhhScULVf8fEBgL6","WhatsApp Bot","2026-06-16T04:53:19.351Z","municipal","0","Grupo WhatsApp","Lpm me enganchó fiscalización y me sacaron el auto","Choferes de Uber.!! ","Lpm me enganchó fiscalización y me sacaron el auto"
"-OvDlhyxFGNnQTUUz7gm","WhatsApp Bot","2026-06-16T04:53:20.471Z","municipal","0","Grupo WhatsApp","Lpm me enganchó fiscalización y me sacaron el auto","Choferes de Uber.!! ","Lpm me enganchó fiscalización y me sacaron el auto"
"-OvDrXxiyCNAncXIoecZ","WhatsApp Bot","2026-06-16T05:18:48.200Z","checkpoint","0","Grupo WhatsApp","Noo  que garrón!! Igual lo pasaron en el grupo de operativo.","Choferes de Uber.!! ","Noo  que garrón!! Igual lo pasaron en el grupo de operativo."
"-OvDrbrZrDA-2M5bLrPX","WhatsApp Bot","2026-06-16T05:19:08.286Z","municipal","0","Grupo WhatsApp","No hay q pasar nunca x ahí, si no están los municipales está la policía","Choferes de Uber.!! ","No hay q pasar nunca x ahí, si no están los municipales está la policía"
"-OvDrbtPM4TrXfnOo491","WhatsApp Bot","2026-06-16T05:19:08.404Z","police","0","Grupo WhatsApp","Me regalé, pensé que estaba la policía sola","Choferes de Uber.!! ","Me regalé, pensé que estaba la policía sola"
"-OvEeLtvpXimsfSg55YB","WhatsApp Bot","2026-06-16T09:00:48.149Z","checkpoint","0","Grupo WhatsApp","Que cagada Alexis pero sabemos que si están los controles ni cerca hay que pasar","Choferes de Uber.!! ","Que cagada Alexis pero sabemos que si están los controles ni cerca hay que pasar"
"-OvF0XtaKChpnjlYfELX","WhatsApp Bot","2026-06-16T10:42:06.591Z","checkpoint","0","Grupo WhatsApp","Ahí un montón de gente que se piensa que no pasa nada Lau es más no está en los grupos de operativo ","Choferes de Uber.!! ","Ahí un montón de gente que se piensa que no pasa nada Lau es más no está en los grupos de operativo para no pasarle $ al administrador"
"-OvF6DHoUUh0NI5bH8zA","WhatsApp Bot","2026-06-16T11:06:55.054Z","municipal","0","Grupo WhatsApp","*🚧🚥🚥🚧RUTA 21 Y OROÑO ENTRADA A PUEBLO ESTHER DE ESA MANO SOLA.... EL OPERATIVO DE TRÁNSITO ( EL ","SOLO OPERATIVOS DE TRÁNSITO (2)","*🚧🚥🚥🚧RUTA 21 Y OROÑO ENTRADA A PUEBLO ESTHER DE ESA MANO SOLA.... EL OPERATIVO DE TRÁNSITO ( EL CAU control y asistencia urbana) CON LA POLICIA VIAL PARANDO🚧🚥🚥🚧*"
"-OvFDzXy05a0l95h5SIJ","WhatsApp Bot","2026-06-16T11:40:51.799Z","checkpoint","0","Grupo WhatsApp","Control por ruta 21 a la altura de la comería de cachilo","🚔🚨Operativos🚓 Arroyo Seco y alrededores","Control por ruta 21 a la altura de la comería de cachilo"
"-OvFDzqzI-1EvNt1RDP2","WhatsApp Bot","2026-06-16T11:40:53.081Z","checkpoint","0","Grupo WhatsApp","Control por ruta 21 a la altura de la comería de cachilo","🚔🚨Operativos🚓 Arroyo Seco y alrededores","Control por ruta 21 a la altura de la comería de cachilo"
"-OvFGRQy4CGFRp6rVhg6","WhatsApp Bot","2026-06-16T11:51:34.424Z","ambulance","0","Grupo WhatsApp","*❌🚧❌ATENCION... 9 HS ... JUNIN Y RAWSON (SHOPPING ALTO ROSARIO) HAY UN SIMULACRO POR SI VEN MOVIMIE","SOLO OPERATIVOS DE TRÁNSITO (2)","*❌🚧❌ATENCION... 9 HS ... JUNIN Y RAWSON (SHOPPING ALTO ROSARIO) HAY UN SIMULACRO POR SI VEN MOVIMIENTOS EN TODA LA ZONA DE (POLICIAS BOMBEROS AMBULANCIAS Y DEMAS)❌🚧❌*"
"-OvFIKMtEEW5r8BTkfer","WhatsApp Bot","2026-06-16T11:59:49.779Z","radar","0","Grupo WhatsApp","Radar móvil Gorriti 400 Max 40","SOLO OPERATIVOS DE TRÁNSITO (2)","Radar móvil Gorriti 400 Max 40"
"-OvFIKNQWXEMpt3eDWyB","WhatsApp Bot","2026-06-16T11:59:49.813Z","radar","0","Grupo WhatsApp","Radar móvil Gorriti 400 Max 40","SOLO OPERATIVOS DE TRÁNSITO (2)","Radar móvil Gorriti 400 Max 40"
"-OvFMU2KyaQlyRXeV4Sq","WhatsApp Bot","2026-06-16T12:17:57.999Z","checkpoint","0","Grupo WhatsApp","Control en fighiera por ruta 21 en el desvío de camiones","🚔🚨Operativos🚓 Arroyo Seco y alrededores","Control en fighiera por ruta 21 en el desvío de camiones"
"-OvFMUJLnpu_b_6Qf6VM","WhatsApp Bot","2026-06-16T12:17:59.088Z","checkpoint","0","Grupo WhatsApp","Control en fighiera por ruta 21 en el desvío de camiones","🚔🚨Operativos🚓 Arroyo Seco y alrededores","Control en fighiera por ruta 21 en el desvío de camiones"
"-OvFWnFzHp1S0VXhUccU","WhatsApp Bot","2026-06-16T13:03:02.232Z","police","0","Grupo WhatsApp","Acceso lagos x 21 la policía solo no paran","🚔🚨Operativos🚓 Arroyo Seco y alrededores","Acceso lagos x 21 la policía solo no paran"
"-OvFXSYNL9fzzmx8Y-ci","WhatsApp Bot","2026-06-16T13:05:55.442Z","checkpoint","0","Grupo WhatsApp","Control en ruta 21entrada de fig primer paso nivel de desvio de camiones","🚔🚨Operativos🚓 Arroyo Seco y alrededores","Control en ruta 21entrada de fig primer paso nivel de desvio de camiones"
"-OvFYvuPQzhWmv66EV55","WhatsApp Bot","2026-06-16T13:12:21.940Z","checkpoint","0","Grupo WhatsApp","Tengan cuidado que en fighiera están haciendo control","🚔🚨Operativos🚓 Arroyo Seco y alrededores","Tengan cuidado que en fighiera están haciendo control"
"-OvFZ006DbkbSxIS9ZaI","WhatsApp Bot","2026-06-16T13:12:42.849Z","police","0","Grupo WhatsApp","Frente el desvío de los camiones ay como 7 móvil policial","🚔🚨Operativos🚓 Arroyo Seco y alrededores","Frente el desvío de los camiones ay como 7 móvil policial"
"-OvFo228HAcLodH0_c9n","WhatsApp Bot","2026-06-16T14:22:45.475Z","checkpoint","0","Grupo WhatsApp","Operativo grande en el primer pasaje de camiones en figuiera","🚔🚨Operativos🚓 Arroyo Seco y alrededores","Operativo grande en el primer pasaje de camiones en figuiera"
"-OvG25C7vt5QCPUQCrh9","WhatsApp Bot","2026-06-16T15:28:30.562Z","traffic","0","Grupo WhatsApp","Si puede ser porque está todo así en tránsito  nada baja de 100","Choferes de Uber.!! ","Si puede ser porque está todo así en tránsito  nada baja de 100"
"-OvG3PgVMbkyumuAL59p","WhatsApp Bot","2026-06-16T15:34:16.633Z","municipal","0","Grupo WhatsApp","Es injusto Pablo, yo tengo carnet habilitante para transportar pasajeros, me sacan el auto por la ap","Choferes de Uber.!! ","Es injusto Pablo, yo tengo carnet habilitante para transportar pasajeros, me sacan el auto por la app Uber, interrogan a los acompañantes, sacan fotos a la app, eso tendría que ser ilegal, en un control de tránsito tienen que pedir la documentación del vehículo, no interrogar a los acompañantes con fines de lucro"
"-OvG6W99c0H13WxBMnFo","WhatsApp Bot","2026-06-16T15:47:49.540Z","accident","0","Grupo WhatsApp","Atención Avellaneda y Marcos paz cortado x accidente mano al norte caos de transito tanto por avella","SOLO OPERATIVOS DE TRÁNSITO (2)","Atención Avellaneda y Marcos paz cortado x accidente mano al norte caos de transito tanto por avellaneda cómo x Mendoza"
"-OvGB8ADXfBoErzBr51S","WhatsApp Bot","2026-06-16T16:08:02.024Z","municipal","0","Grupo WhatsApp","Vehículo siendo remolcado a Funes","Choferes de Uber.!! ","Tampoco… se lo llevan a Funes"
"-OvGB8oB9BlAY_43LrQT","WhatsApp Bot","2026-06-16T16:08:04.646Z","municipal","0","Grupo WhatsApp","Vehículo remolcado a Funes","Choferes de Uber.!! ","Tampoco… se lo llevan a Funes"
"-OvGfaHisH5_BrtVH5wF","WhatsApp Bot","2026-06-16T18:25:27.756Z","checkpoint","0","Grupo WhatsApp","Acceso lagos por ruta control","🚔🚨Operativos🚓 Arroyo Seco y alrededores","Acceso lagos por ruta control"
"-OvGqiwYn-iE3CI8EiVf","WhatsApp Bot","2026-06-16T19:14:06.788Z","radar","0","Grupo WhatsApp","Radar móvil moreno 2100 max 40","SOLO OPERATIVOS DE TRÁNSITO (2)","Radar móvil moreno 2100 max 40"
"-OvGv6kEiPC9xkuljZrm","WhatsApp Bot","2026-06-16T19:33:16.964Z","checkpoint","0","Grupo WhatsApp","Control en alvear","🚔🚨Operativos🚓 Arroyo Seco y alrededores","Control en alvear"
"-OvGv7Jcc3ywHQAWYg3n","WhatsApp Bot","2026-06-16T19:33:19.294Z","checkpoint","0","Grupo WhatsApp","Control en alvear","🚔🚨Operativos🚓 Arroyo Seco y alrededores","Control en alvear"
"-OvGz-HJHmDoZ8UuL89S","WhatsApp Bot","2026-06-16T19:50:14.953Z","checkpoint","0","Grupo WhatsApp","Por lagos en el acceso antes de llegar a rt 21 control de las 2manos","🚔🚨Operativos🚓 Arroyo Seco y alrededores","Por lagos en el acceso antes de llegar a rt 21 control de las 2manos"
"-OvH8cRENLB0yzvnWH8a","WhatsApp Bot","2026-06-16T20:36:40.869Z","checkpoint","0","Grupo WhatsApp","Control en figihera frente el supermercado chino","🚔🚨Operativos🚓 Arroyo Seco y alrededores","Control en figihera frente el supermercado chino"
"-OvHSB2_WpcJeNdOrReQ","WhatsApp Bot","2026-06-16T22:02:07.486Z","checkpoint","0","Grupo WhatsApp","Control en 27 y 21","🚔🚨Operativos🚓 Arroyo Seco y alrededores","Control en 27 y 21"
"-OvHYnYdfRtRLZDRNz4r","WhatsApp Bot","2026-06-16T22:31:02.148Z","municipal","0","Grupo WhatsApp","Control de tránsito y asistencia urbana CAU","SOLO OPERATIVOS DE TRÁNSITO (2)","[IMAGEN] Control de tránsito y asistencia urbana CAU"
"-OvHd8a-vmY2is6VETTZ","WhatsApp Bot","2026-06-16T22:54:23.138Z","police","0","Grupo WhatsApp","Tampoco voy a trabajar gratis","Choferes de Uber.!! ","Tampoco voy a trabajar gratis"
"-OvHm4nNg5jpT1ryQdr5","WhatsApp Bot","2026-06-16T23:33:26.900Z","municipal","0","Grupo WhatsApp","Avellaneda entre la paz y riobamba mano al rio, está fisca","SOLO OPERATIVOS DE TRÁNSITO (2)","Avellaneda entre la paz y riobamba mano al rio, está fisca"
"-OvHvO_zUO4seNveJ_EA","WhatsApp Bot","2026-06-17T00:14:07.261Z","checkpoint","0","Grupo WhatsApp","En pueblo Esther operativo en frente de la ypf","🚔🚨Operativos🚓 Arroyo Seco y alrededores","En pueblo Esther operativo en frente de la ypf"
"-OvHvP3Cs3y5BYH6ZpyY","WhatsApp Bot","2026-06-17T00:14:09.195Z","checkpoint","0","Grupo WhatsApp","En pueblo Esther operativo en frente de la ypf","🚔🚨Operativos🚓 Arroyo Seco y alrededores","En pueblo Esther operativo en frente de la ypf"
"-OvKpjI9chylcinlCfRR","WhatsApp Bot","2026-06-17T13:48:14.959Z","checkpoint","0","Grupo WhatsApp","Control de tránsito saliendo de Fighiera","🚔🚨Operativos🚓 Arroyo Seco y alrededores","Control de fighiera a pavon, saliendo de fighiera"
"-OvL7JRfrD25_osDDARy","WhatsApp Bot","2026-06-17T15:09:25.697Z","police","0","Grupo WhatsApp","Sii yo pasé hace 10 minutos y estaban, solo policías te piden licencia y tarjeta Verde","🚔🚨Operativos🚓 Arroyo Seco y alrededores","Sii yo pasé hace 10 minutos y estaban, solo policías te piden licencia y tarjeta Verde"
"-OvLCNKcwMZSARAhBAQM","WhatsApp Bot","2026-06-17T15:31:32.350Z","checkpoint","0","Grupo WhatsApp","Hay operativo entre fiochi y la Shell sobre la ruta 21 en pueblo esther","🚔🚨Operativos🚓 Arroyo Seco y alrededores","Hay operativo entre fiochi y la Shell sobre la ruta 21 en pueblo esther"
"-OvLCNh5H0UqSTyqIQ1e","WhatsApp Bot","2026-06-17T15:31:33.852Z","checkpoint","0","Grupo WhatsApp","Hay operativo entre fiochi y la Shell sobre la ruta 21 en pueblo esther","🚔🚨Operativos🚓 Arroyo Seco y alrededores","Hay operativo entre fiochi y la Shell sobre la ruta 21 en pueblo esther"
"-OvLho9ytrQRfTF7K7-g","WhatsApp Bot","2026-06-17T17:53:14.964Z","municipal","0","Grupo WhatsApp","*🚧🚥🚥🚧RUTA 21 Y 27 DE FEBRERO ENTRADA A PUEBLO ESTHER DESDE GRAL LAGOS.... EL OPERATIVO DE TRÁNSI","SOLO OPERATIVOS DE TRÁNSITO (2)","*🚧🚥🚥🚧RUTA 21 Y 27 DE FEBRERO ENTRADA A PUEBLO ESTHER DESDE GRAL LAGOS.... EL OPERATIVO DE TRÁNSITO (EL CAU control y asistencia urbana) CON LA POLICIA VIAL CON ALCOHOLEMIA🗣️🗣️🚧🚥🚥🚧*"
"-OvLoc8XRifQICeSaNWy","WhatsApp Bot","2026-06-17T18:23:00.728Z","traffic","0","Grupo WhatsApp","A partir de las 15hs está el corte de vecinos en la ruta 21 y acceso al puerto","🚔🚨Operativos🚓 Arroyo Seco y alrededores","A partir de las 15hs está el corte de vecinos en la ruta 21 y acceso al puerto"
"-OvM5DJE7X0y1TIPFowq","WhatsApp Bot","2026-06-17T19:39:53.508Z","traffic","0","Grupo WhatsApp","Es por esto el corte en ruta 21 y  la via de dreyfus ,hacen desviar por camino de tierra !","🚔🚨Operativos🚓 Arroyo Seco y alrededores","Es por esto el corte en ruta 21 y  la via de dreyfus ,hacen desviar por camino de tierra !"
"-OvM5DcstbHAFt_FfD1_","WhatsApp Bot","2026-06-17T19:39:54.830Z","traffic","0","Grupo WhatsApp","Es por esto el corte en ruta 21 y  la via de dreyfus ,hacen desviar por camino de tierra !","🚔🚨Operativos🚓 Arroyo Seco y alrededores","Es por esto el corte en ruta 21 y  la via de dreyfus ,hacen desviar por camino de tierra !"
"-OvM9h1-tzf4x4Amjt57","WhatsApp Bot","2026-06-17T19:59:27.894Z","traffic","0","Grupo WhatsApp","A las cinco levantan el corté","🚔🚨Operativos🚓 Arroyo Seco y alrededores","A las cinco levantan el corté"
"-OvMaZ3p45QPcD-XAokA","WhatsApp Bot","2026-06-17T22:01:11.252Z","checkpoint","0","Grupo WhatsApp","Control x calle cardozo","🚔🚨Operativos🚓 Arroyo Seco y alrededores","Control x calle cardozo"
"-OvMfhoMI3Xocgjljs4H","WhatsApp Bot","2026-06-17T22:23:41.877Z","checkpoint","0","Grupo WhatsApp","Operativo en la entrada de arroyo  al frente de la shell","🚔🚨Operativos🚓 Arroyo Seco y alrededores","Operativo en la entrada de arroyo  al frente de la shell"
"-OvN_EZ0a5WAMXjesrXy","WhatsApp Bot","2026-06-18T02:35:02.304Z","checkpoint","0","Grupo WhatsApp","Ruta 21 y Alvear operativo","🚔🚨Operativos🚓 Arroyo Seco y alrededores","Ruta 21 y Alvear operativo"
"-OvN_EnGNJx78C2aLNL6","WhatsApp Bot","2026-06-18T02:35:03.279Z","checkpoint","0","Grupo WhatsApp","Ruta 21 y Alvear operativo","🚔🚨Operativos🚓 Arroyo Seco y alrededores","Ruta 21 y Alvear operativo"
"-OvPUxa86K2pBWuvm09f","WhatsApp Bot","2026-06-18T11:31:12.425Z","checkpoint","0","Grupo WhatsApp","Operativo en el acceso de arroyo enfrente de la shell","🚔🚨Operativos🚓 Arroyo Seco y alrededores","Operativo en el acceso de arroyo enfrente de la shell"
"-OvPkKHJn_N4lHfDyHuD","WhatsApp Bot","2026-06-18T12:42:43.764Z","checkpoint","0","Grupo WhatsApp","Operativo en el semáforo de general lagos","🚔🚨Operativos🚓 Arroyo Seco y alrededores","Operativo en el semáforo de general lagos"
"-OvPkNuhVpilcTaasMNb","WhatsApp Bot","2026-06-18T12:42:58.637Z","police","0","Grupo WhatsApp","Policía 
Zorro 
Vial","🚔🚨Operativos🚓 Arroyo Seco y alrededores","Policía 
Zorro 
Vial"
"-OvPl6EEXo9Nf6zBI4Xs","WhatsApp Bot","2026-06-18T12:46:08.367Z","checkpoint","0","Grupo WhatsApp","Operativo semaforo lagos ruta 21","🚔🚨Operativos🚓 Arroyo Seco y alrededores","Operativo semaforo lagos ruta 21"
"-OvPl6SLxCwLrUA3vLXh","WhatsApp Bot","2026-06-18T12:46:09.270Z","checkpoint","0","Grupo WhatsApp","Operativo semaforo lagos ruta 21","🚔🚨Operativos🚓 Arroyo Seco y alrededores","Operativo semaforo lagos ruta 21"
"-OvR3wfUVB-XnXi2Na10","WhatsApp Bot","2026-06-18T18:52:25.204Z","radar","0","Grupo WhatsApp","Seguro que ahi camaras","Admin Privado","Seguro que ahi camaras"
"-OvR3xvCaUob_hFuGn3z","WhatsApp Bot","2026-06-18T18:52:30.306Z","radar","0","Grupo WhatsApp","Seguro que ahi camaras","Admin Privado","Seguro que ahi camaras"
"-OvRD6d7zN5uzAFokflz","WhatsApp Bot","2026-06-18T19:32:29.405Z","accident","0","Grupo WhatsApp","Si tampoco es necesario saber la hora, estas en un choque lo que menos miras ez la hora","Admin Privado","Si tampoco es necesario saber la hora, estas en un choque lo que menos miras ez la hora"
"-OvRJ80X-iPGk4CTitp5","WhatsApp Bot","2026-06-18T19:58:47.927Z","accident","0","Grupo WhatsApp","el seguro del otro no se lop pedi, xq yo lo choque","Admin Privado","el seguro del otro no se lop pedi, xq yo lo choque"
"-OvUmcKFujUxbDPm1RiT","WhatsApp Bot","2026-06-19T12:10:52.135Z","radar","0","Grupo WhatsApp","Radar móvil gorriti 400 max 40","SOLO OPERATIVOS DE TRÁNSITO (2)","Radar móvil gorriti 400 max 40"
"-OvUqWVrnk2Gn4Ff5OkN","WhatsApp Bot","2026-06-19T12:27:52.782Z","municipal","0","Grupo WhatsApp","*⚠️OJO CON FISCA☝️⚠️*","SOLO OPERATIVOS DE TRÁNSITO (2)","*⚠️OJO CON FISCA☝️⚠️*"
"-OvUxSplL2SVOK69BUAm","WhatsApp Bot","2026-06-19T12:58:12.744Z","police","0","Grupo WhatsApp","Colectora circunvalación altura del Makro mano al sur tránsito y la policía parando todo","SOLO OPERATIVOS DE TRÁNSITO (2)","Colectora circunvalación altura del Makro mano al sur tránsito y la policía parando todo"
"-OvUxcODBBLyUFFElRz8","WhatsApp Bot","2026-06-19T12:58:55.973Z","police","0","Grupo WhatsApp","Op  policíal entre lagos y arroyo seco","🚔🚨Operativos🚓 Arroyo Seco y alrededores","Op  policíal entre lagos y arroyo seco"
"-OvW1fP2ZJaW5DlN7-9-","WhatsApp Bot","2026-06-19T18:00:36.250Z","police","0","Grupo WhatsApp","Op frente a moro 
Cana y cau","🚔🚨Operativos🚓 Arroyo Seco y alrededores","Op frente a moro 
Cana y cau"
"-OvWhupmwYzluCsbLpOZ","WhatsApp Bot","2026-06-19T21:09:31.656Z","accident","0","Grupo WhatsApp","Edo es del último choque","Admin Privado","Edo es del último choque"
"-OvWlE_oAcOmxh8HfUqb","WhatsApp Bot","2026-06-19T21:24:03.086Z","checkpoint","0","Grupo WhatsApp","Operativo en el ingreso a General Lagos","🚔🚨Operativos🚓 Arroyo Seco y alrededores","Entrada lagos operativo"
"-OvWo41nMlk8OTeHC-OP","WhatsApp Bot","2026-06-19T21:36:26.322Z","police","0","Grupo WhatsApp","R21 frente a moro 
Op cana y cau","🚔🚨Operativos🚓 Arroyo Seco y alrededores","R21 frente a moro 
Op cana y cau"
"-OvWuXCsvq88CnQhK28j","WhatsApp Bot","2026-06-19T22:04:38.679Z","checkpoint","0","Grupo WhatsApp","Operativo en moreno y 9 de julio","🚔🚨Operativos🚓 Arroyo Seco y alrededores","Operativo en moreno y 9 de julio"
"-OvXL8AeKvTFYd7GyjQR","WhatsApp Bot","2026-06-20T00:05:16.169Z","checkpoint","0","Grupo WhatsApp","te lo llevo a que lo controles y listo","Admin Privado","te lo llevo a que lo controles y listo"
"-OvXO7X3m7nCVBAydiDd","WhatsApp Bot","2026-06-20T00:18:19.938Z","checkpoint","0","Grupo WhatsApp","no no, vos haces control de calidad nada mas jajajaja","Admin Privado","no no, vos haces control de calidad nada mas jajajaja"
"-OvYP7FUA-PhXCQJqhjO","WhatsApp Bot","2026-06-20T05:02:18.174Z","municipal","0","Grupo WhatsApp","*⚠️✖️✖️⚠️DORREGO Y 9 DE JULIO.... SE MUDÓ EL OPERATIVO DE FISCA FISCALIZACION DE TRANSPORTE ( servic","SOLO OPERATIVOS DE TRÁNSITO (2)","*⚠️✖️✖️⚠️DORREGO Y 9 DE JULIO.... SE MUDÓ EL OPERATIVO DE FISCA FISCALIZACION DE TRANSPORTE ( servicios públicos) PARANDO TAXIS Y AUTOS 🚖🚘🚖BUSCANDO REMISES TRUCHOS LOS UBER DIDI Y CABIFY NO HABILITADOS CON LA PLANCHA ITALIANA IVECO Y UNA GRUA RASTRILLO CON ALCOHOLEMIA 🗣️🗣️Y NARCOLEMIA⚠️✖️✖️⚠️*"
"-Ova5pV_Yd4Cu3ixNFKy","WhatsApp Bot","2026-06-20T17:36:52.285Z","checkpoint","0","Grupo WhatsApp","control en la shell de pueblo","🚔🚨Operativos🚓 Arroyo Seco y alrededores","control en la shell de pueblo"
"-Ova5pxADD-lPh0jQVNx","WhatsApp Bot","2026-06-20T17:36:54.115Z","checkpoint","0","Grupo WhatsApp","control en la shell de pueblo","🚔🚨Operativos🚓 Arroyo Seco y alrededores","control en la shell de pueblo"
"-OvaPbu8Oz3ITsoJVYEy","WhatsApp Bot","2026-06-20T19:03:19.463Z","police","0","Grupo WhatsApp","Estaba la policia sola recien...","🚔🚨Operativos🚓 Arroyo Seco y alrededores","Estaba la policia sola recien..."
"-OvaUrisgiRlDsrrlZsf","WhatsApp Bot","2026-06-20T19:26:14.999Z","municipal","0","Grupo WhatsApp","*⚠️✖️✖️⚠️JUNIN Y SANTA MARÍA DE ORO.... AHORA ESTA EL OPERATIVO DE (FISCA) FISCALIZACION DE TRANSPOR","SOLO OPERATIVOS DE TRÁNSITO (2)","*⚠️✖️✖️⚠️JUNIN Y SANTA MARÍA DE ORO.... AHORA ESTA EL OPERATIVO DE (FISCA) FISCALIZACION DE TRANSPORTE (servicios públicos)'PARANDO TAXIS Y AUTOS🚖🚘🚖 BUSCANDO REMISES TRUCHOS LOS UBER DIDI Y CABIFY NO HABILITADOS CON LA PLANCHA ITALIANA IVECO CON ALCOHOLEMIA🗣️🗣️⚠️✖️✖️⚠️*"
"-Ovax1eLt3fk6PAAC_TX","WhatsApp Bot","2026-06-20T21:33:41.930Z","checkpoint","0","Grupo WhatsApp","control en toda la plaza 9 de julio","🚔🚨Operativos🚓 Arroyo Seco y alrededores","control en toda la plaza 9 de julio"
"-Ovax2LKYs4CzqkSUf50","WhatsApp Bot","2026-06-20T21:33:44.746Z","checkpoint","0","Grupo WhatsApp","control en toda la plaza 9 de julio","🚔🚨Operativos🚓 Arroyo Seco y alrededores","control en toda la plaza 9 de julio"
"-Ovazz_9QMNO-zWyuMkD","WhatsApp Bot","2026-06-20T21:46:35.742Z","checkpoint","0","Grupo WhatsApp","Operativo por mitre y belgrano","🚔🚨Operativos🚓 Arroyo Seco y alrededores","Operativo por mitre y belgrano"
"-OvazzxiRnta_DrGj-cF","WhatsApp Bot","2026-06-20T21:46:37.314Z","checkpoint","0","Grupo WhatsApp","Operativo por mitre y belgrano","🚔🚨Operativos🚓 Arroyo Seco y alrededores","Operativo por mitre y belgrano"
"-OvbMyK3Pl3BpKOhb0eb","WhatsApp Bot","2026-06-20T23:31:22.083Z","checkpoint","0","Grupo WhatsApp","*LOS QUE NO PUEDAN ENTRAR POR EL LINK ME MANDAN POR PRIVADO Y TENGAN PACIENCIA HASTA QUE SE CIERRE W","SOLO OPERATIVOS DE TRÁNSITO (2)","*LOS QUE NO PUEDAN ENTRAR POR EL LINK ME MANDAN POR PRIVADO Y TENGAN PACIENCIA HASTA QUE SE CIERRE WL GRUPO LOS OPERATIVOS SE VAN A PASAR IGUAL*"
"-OvbMySYebrtCk5gJ76R","WhatsApp Bot","2026-06-20T23:31:22.625Z","checkpoint","0","Grupo WhatsApp","*LOS QUE NO PUEDAN ENTRAR POR EL LINK ME MANDAN POR PRIVADO Y TENGAN PACIENCIA HASTA QUE SE CIERRE W","SOLO OPERATIVOS DE TRÁNSITO (2)","*LOS QUE NO PUEDAN ENTRAR POR EL LINK ME MANDAN POR PRIVADO Y TENGAN PACIENCIA HASTA QUE SE CIERRE WL GRUPO LOS OPERATIVOS SE VAN A PASAR IGUAL*"
"-OvbXguTiwtc5lN78KCm","WhatsApp Bot","2026-06-21T00:18:14.325Z","municipal","0","Grupo WhatsApp","Control en la esquina de la fiscal por moreno y mitre","🚔🚨Operativos🚓 Arroyo Seco y alrededores","Control en la esquina de la fiscal por moreno y mitre"
"-OvbXiLdY5iFcg5RBBBa","WhatsApp Bot","2026-06-21T00:18:20.224Z","municipal","0","Grupo WhatsApp","Control en la esquina de la fiscal por moreno y mitre","🚔🚨Operativos🚓 Arroyo Seco y alrededores","Control en la esquina de la fiscal por moreno y mitre"
"-OvcKGYbYTw5AvynSgSc","WhatsApp Bot","2026-06-21T03:59:11.613Z","municipal","0","Grupo WhatsApp","*⚠️✖️✖️⚠️SANTA FE ENTRE ORONO Y ALVEAR.... EL FEROZ OPERATIVO DE (FISCA) FISCALIZACION DE TRANSPORTE","SOLO OPERATIVOS DE TRÁNSITO (2)","*⚠️✖️✖️⚠️SANTA FE ENTRE ORONO Y ALVEAR.... EL FEROZ OPERATIVO DE (FISCA) FISCALIZACION DE TRANSPORTE (servicios públicos) PARANDO TAXIS Y AUTOS 🚖🚘🚖BUSCANDO REMISES TRUCHOS LOS UBER DIDI Y CABIFY NO HABILITADOS CON LA PLANCHA ITALIANA IVECO CON ALCOHOLEMIA🗣️🗣️ Y NARCOLEMIA⚠️✖️✖️⚠️*"
"-OvcLSywbPMax4gnbN8i","WhatsApp Bot","2026-06-21T04:04:24.659Z","municipal","0","Grupo WhatsApp","*⚠️✖️✖️⚠️ CORRIENTES ENTRE CATAMARCA Y SALTA.... EL FEROZ OPERATIVO DE (FISCA) FISCALIZACION DE TRAN","SOLO OPERATIVOS DE TRÁNSITO (2)","*⚠️✖️✖️⚠️ CORRIENTES ENTRE CATAMARCA Y SALTA.... EL FEROZ OPERATIVO DE (FISCA) FISCALIZACION DE TRANSPORTE (servicios públicos) PARANDO TAXIS Y AUTOS 🚖🚘🚖BUSCANDO REMISES TRUCHOS LOS UBER DIDI Y CABIFY NO HABILITADOS CON LA PLANCHA ITALIANA IVECO CON ALCOHOLEMIA🗣️🗣️ Y NARCOLEMIA⚠️✖️✖️⚠️*"
"-OvcOEfyRpjTNiuEo5M_","WhatsApp Bot","2026-06-21T04:16:32.533Z","municipal","0","Grupo WhatsApp","*🚧🔺🔺🚧FILLIPPINI Y SAENZ PEÑA EN VGG..... OPERATIVO DE TRÁNSITO CON ALCOHOLEMIA🚧🔺🔺🚧*","SOLO OPERATIVOS DE TRÁNSITO (2)","*🚧🔺🔺🚧FILLIPPINI Y SAENZ PEÑA EN VGG..... OPERATIVO DE TRÁNSITO CON ALCOHOLEMIA🚧🔺🔺🚧*"
"-OvcP8e0Xwp_h11RFQaD","WhatsApp Bot","2026-06-21T04:20:29.976Z","municipal","0","Grupo WhatsApp","*🚧📛📛🚧URQUIZA Y VERA MUJICA.... EL POTENTE OPERATIVO DE TRÁNSITO CON ALCOHOLEMIA🗣️🗣️ NARCOLEMIA","SOLO OPERATIVOS DE TRÁNSITO (2)","*🚧📛📛🚧URQUIZA Y VERA MUJICA.... EL POTENTE OPERATIVO DE TRÁNSITO CON ALCOHOLEMIA🗣️🗣️ NARCOLEMIA Y THC CANNABIS CON EL CARRETON Y LAS GRUAS 🚘🛵🚘🛵A FULL IMPACT CON EL JEFE DE DIVISION.... SEBASTIAN VALLEJOS (ALIAS ESPALDA Y OLOR A PATA) ..... EVITEN ZONA!!!🚧📛📛🚧*"
"-OvdB0cTTmYoJ9kcQmSl","WhatsApp Bot","2026-06-21T07:58:24.316Z","municipal","0","Grupo WhatsApp","Operativo de tránsito Montevideo y Oroño","SOLO OPERATIVOS DE TRÁNSITO (2)","Operativo de tránsito Montevideo y Oroño"
"-OvdKNni8d0biz9ji4sT","WhatsApp Bot","2026-06-21T08:39:18.540Z","checkpoint","0","Grupo WhatsApp","En pueblo Esther control🚨","🚔🚨Operativos🚓 Arroyo Seco y alrededores","En pueblo Esther control🚨"
"-OveONuA7tXQUCqitCaV","WhatsApp Bot","2026-06-21T13:36:24.745Z","municipal","0","Grupo WhatsApp","Sorrento y calvo. Policia, se llevan las motos ya saben.","SOLO OPERATIVOS DE TRÁNSITO (2)","Sorrento y calvo. Policia, se llevan las motos ya saben."
"-OveOO9G_UVmtGOQly7J","WhatsApp Bot","2026-06-21T13:36:25.775Z","municipal","0","Grupo WhatsApp","Sorrento y calvo. Policia, se llevan las motos ya saben.","SOLO OPERATIVOS DE TRÁNSITO (2)","Sorrento y calvo. Policia, se llevan las motos ya saben."
"-Ovff9iDWrIrvoZ-mpnw","WhatsApp Bot","2026-06-21T19:33:42.444Z","radar","0","Grupo WhatsApp","Pero se están por poner en el radar que está por ao12 entre las vías y la 21","🚔🚨Operativos🚓 Arroyo Seco y alrededores","Pero se están por poner en el radar que está por ao12 entre las vías y la 21"
"-OvgDpZ37XUgT_qhlb_g","WhatsApp Bot","2026-06-21T22:09:32.962Z","checkpoint","0","Grupo WhatsApp","Operativo en la plaza 9 de julio","🚔🚨Operativos🚓 Arroyo Seco y alrededores","Operativo en la plaza 9 de julio"
"-OvgDyE_U6KVrr2xq_ev","WhatsApp Bot","2026-06-21T22:10:08.515Z","checkpoint","0","Grupo WhatsApp","operativo","🚔🚨Operativos🚓 Arroyo Seco y alrededores","operativo"
"-OvgE8QUn8W4uqTzlqXE","WhatsApp Bot","2026-06-21T22:10:54.333Z","checkpoint","0","Grupo WhatsApp","Ao12 y las vía pueblo estee seguridad 
Vial asiendo operativo","🚔🚨Operativos🚓 Arroyo Seco y alrededores","Ao12 y las vía pueblo estee seguridad 
Vial asiendo operativo"
"-OvgJbtETtzTetG_qBtv","WhatsApp Bot","2026-06-21T22:34:49.829Z","municipal","0","Grupo WhatsApp","*🚧🚥🚥🚧RUTA AO12 Y LA VIA ENTRADA A PUEBLO ESTHER.... OPERATIVO DE TRÁNSITO (EL CAU control y asis","SOLO OPERATIVOS DE TRÁNSITO (2)","*🚧🚥🚥🚧RUTA AO12 Y LA VIA ENTRADA A PUEBLO ESTHER.... OPERATIVO DE TRÁNSITO (EL CAU control y asistencia urbana) CON ALCOHOLEMIA🗣️🗣️ Y POLICIA VIAL🚧🚥🚥🚧*"
"-OvgPpCMz9E9xa4ozScd","WhatsApp Bot","2026-06-21T23:01:57.229Z","checkpoint","0","Grupo WhatsApp","Control en ruta 21 y colon","🚔🚨Operativos🚓 Arroyo Seco y alrededores","Control en ruta 21 y colon"
"-OvgkmMELqqjzHckCJ6A","WhatsApp Bot","2026-06-22T00:37:52.740Z","municipal","0","Grupo WhatsApp","*🚧📛📛🚧OVIDIOS LAGOS Y CATAMARCA.... EL POTENTE OPERATIVO DE TRÁNSITO CON ALCOHOLEMIA🗣️🗣️ NARCOL","SOLO OPERATIVOS DE TRÁNSITO (2)","*🚧📛📛🚧OVIDIOS LAGOS Y CATAMARCA.... EL POTENTE OPERATIVO DE TRÁNSITO CON ALCOHOLEMIA🗣️🗣️ NARCOLEMIA Y THC CANNABIS CON EL CARRETON Y LAS GRUAS 🚘🛵🚘🛵A FULL IMPACT CON LA JEFA DE DIVISION TERESA BARBOSA (LA CHOBORRA ) .... EVITEN ZONA!!!🚧📛📛🚧*"
"-Ovh9cMnsDjXdmjcuzBQ","WhatsApp Bot","2026-06-22T02:30:47.561Z","municipal","0","Grupo WhatsApp","*🚧📛📛🚧ATENCION.... OVIDIOS LAGOS Y CATAMARCA.. SIGUE A FULL EL OPERATIVO DE TRÁNSITO🚧📛📛🚧*","SOLO OPERATIVOS DE TRÁNSITO (2)","*🚧📛📛🚧ATENCION.... OVIDIOS LAGOS Y CATAMARCA.. SIGUE A FULL EL OPERATIVO DE TRÁNSITO🚧📛📛🚧*"
"-OvhAXy3-NBheF6PuRAT","WhatsApp Bot","2026-06-22T02:34:47.578Z","municipal","0","Grupo WhatsApp","*⚠️✖️✖️⚠️OROÑO ENTRE MONTEVIDEO Y PELLEGRINI MANO AL SUR.... EL OPERATIVO DE (FISCA) FISCALIZACION D","SOLO OPERATIVOS DE TRÁNSITO (2)","*⚠️✖️✖️⚠️OROÑO ENTRE MONTEVIDEO Y PELLEGRINI MANO AL SUR.... EL OPERATIVO DE (FISCA) FISCALIZACION DE TRANSPORTE (servicios públicos) PARANDO TAXIS Y AUTOS 🚖🚘🚖 BUSCANDO REMISES TRUCHOS LOS UBER DIDI Y CABIFY NO HABILITADOS CON LA PLANCHA ITALIANA IVECO CON ALCOHOLEMIA 🗣️🗣️Y NARCOLEMIA⚠️✖️✖️⚠️*"
"-OvhQIvXAPe4KyCxLjr9","WhatsApp Bot","2026-06-22T03:43:40.280Z","municipal","0","Grupo WhatsApp","*⚠️✖️✖️⚠️ SALTA Y ALVEAR....SE MUDÓ EL OPERATIVO DE (FISCA) FISCALIZACION DE TRANSPORTE (servicios p","SOLO OPERATIVOS DE TRÁNSITO (2)","*⚠️✖️✖️⚠️ SALTA Y ALVEAR....SE MUDÓ EL OPERATIVO DE (FISCA) FISCALIZACION DE TRANSPORTE (servicios públicos) PARANDO TAXIS Y AUTOS 🚖🚘🚖 BUSCANDO REMISES TRUCHOS LOS UBER DIDI Y CABIFY NO HABILITADOS CON LA PLANCHA ITALIANA IVECO CON ALCOHOLEMIA 🗣️🗣️Y NARCOLEMIA⚠️✖️✖️⚠️*"
"-OvjHGsCDXZ7htgcqdLa","WhatsApp Bot","2026-06-22T12:23:27.007Z","police","0","Grupo WhatsApp","Op cana y cau 
A012 y vias","🚔🚨Operativos🚓 Arroyo Seco y alrededores","Op cana y cau 
A012 y vias"
"-Ovj_8SlQtjcHm0UWrPK","WhatsApp Bot","2026-06-22T13:45:53.283Z","traffic","0","Grupo WhatsApp","R21 y cotolengo 
Op tránsito gral lagos","🚔🚨Operativos🚓 Arroyo Seco y alrededores","R21 y cotolengo 
Op tránsito gral lagos"
"-Ovja74DYu86DeMyO89x","WhatsApp Bot","2026-06-22T13:50:09.760Z","police","0","Grupo WhatsApp","Op cana y cau 
A012 y vias","🚔🚨Operativos🚓 Arroyo Seco y alrededores","Op cana y cau 
A012 y vias"
"-OvjglvFJHlnkolBeC8d","WhatsApp Bot","2026-06-22T14:19:14.018Z","checkpoint","0","Grupo WhatsApp","Operativo en la entrada de fighiera","🚔🚨Operativos🚓 Arroyo Seco y alrededores","Operativo en la entrada de fighiera"
"-OvjgmJR9BfysLZDW4Cy","WhatsApp Bot","2026-06-22T14:19:15.630Z","checkpoint","0","Grupo WhatsApp","Operativo en la entrada de fighiera","🚔🚨Operativos🚓 Arroyo Seco y alrededores","Operativo en la entrada de fighiera"
"-OvkIn5jdR2mvs3AB24w","WhatsApp Bot","2026-06-22T17:09:42.465Z","checkpoint","0","Grupo WhatsApp","Control 27 de febrero y 21","🚔🚨Operativos🚓 Arroyo Seco y alrededores","Control 27 de febrero y 21"
"-OvkInIsRsg7j2t-oe0i","WhatsApp Bot","2026-06-22T17:09:43.306Z","checkpoint","0","Grupo WhatsApp","Control 27 de febrero y 21","🚔🚨Operativos🚓 Arroyo Seco y alrededores","Control 27 de febrero y 21"
"-Ovkx6rgumowm8p3U5BP","WhatsApp Bot","2026-06-22T20:10:15.421Z","checkpoint","0","Grupo WhatsApp","Es gigante el operativo que ai gente paran a todos","🚔🚨Operativos🚓 Arroyo Seco y alrededores","Es gigante el operativo que ai gente paran a todos"
"-Ovl5kXViXmMRBANgFl1","WhatsApp Bot","2026-06-22T20:52:21.298Z","checkpoint","0","Grupo WhatsApp","Que paso algo un acidente algo o operativo","🚔🚨Operativos🚓 Arroyo Seco y alrededores","Que paso algo un acidente algo o operativo"
"-Ovl5kjB0kKZgbpJlovd","WhatsApp Bot","2026-06-22T20:52:22.110Z","checkpoint","0","Grupo WhatsApp","Que paso algo un acidente algo o operativo","🚔🚨Operativos🚓 Arroyo Seco y alrededores","Que paso algo un acidente algo o operativo"
"-Ovl84wHXaxS288yVgeo","WhatsApp Bot","2026-06-22T21:02:33.252Z","municipal","0","Grupo WhatsApp","*A LAS 19 HS ANTES DEL OPERATIVO DE FISCALIZACION EMPEZAMOS A CERRAR EL GRUPO DESPUES NO SE ACEPTAN ","SOLO OPERATIVOS DE TRÁNSITO (2)","*A LAS 19 HS ANTES DEL OPERATIVO DE FISCALIZACION EMPEZAMOS A CERRAR EL GRUPO DESPUES NO SE ACEPTAN RECLAMOS*"
"-OvlECbxZE-fHQfvsoDb","WhatsApp Bot","2026-06-22T21:29:17.583Z","checkpoint","0","Grupo WhatsApp","Operativo","🚔🚨Operativos🚓 Arroyo Seco y alrededores","Operativo"
"-OvlEYdned3hgvEBvx3b","WhatsApp Bot","2026-06-22T21:30:47.813Z","checkpoint","0","Grupo WhatsApp","Andan aa full los operativos 🤦🏻‍♂️","🚔🚨Operativos🚓 Arroyo Seco y alrededores","Andan aa full los operativos 🤦🏻‍♂️"
"-OvlOd6hi0N6_svmXM_H","WhatsApp Bot","2026-06-22T22:14:51.647Z","checkpoint","0","Grupo WhatsApp","Ruta 21 y Cardozo armando operativo ambas manos","🚔🚨Operativos🚓 Arroyo Seco y alrededores","Ruta 21 y Cardozo armando operativo ambas manos"
"-OvlOdN84Rie9wtXgolx","WhatsApp Bot","2026-06-22T22:14:52.699Z","checkpoint","0","Grupo WhatsApp","Ruta 21 y Cardozo armando operativo ambas manos","🚔🚨Operativos🚓 Arroyo Seco y alrededores","Ruta 21 y Cardozo armando operativo ambas manos"
"-OvmVjfvEdkV0P_ZzSZU","WhatsApp Bot","2026-06-23T03:25:30.778Z","checkpoint","0","Grupo WhatsApp","Control x ruta 21 y Ao12","🚔🚨Operativos🚓 Arroyo Seco y alrededores","Control x ruta 21 y Ao12"
"-OvoNwJsJRSuLfN2bwHc","WhatsApp Bot","2026-06-23T12:10:39.830Z","checkpoint","0","Grupo WhatsApp","Ingreso a arroyo seco por autopista control","🚔🚨Operativos🚓 Arroyo Seco y alrededores","Ingreso a arroyo seco por autopista control"
"-OvohQU9CEV4cQNOPhfL","WhatsApp Bot","2026-06-23T13:40:10.335Z","checkpoint","0","Grupo WhatsApp","Control en las vías de pueblo esther","🚔🚨Operativos🚓 Arroyo Seco y alrededores","Control en las vías de pueblo esther"
"-OvojpF3iDmcijmTsuTu","WhatsApp Bot","2026-06-23T13:50:40.154Z","checkpoint","0","Grupo WhatsApp","Acceso lagos control","🚔🚨Operativos🚓 Arroyo Seco y alrededores","Acceso lagos control"
"-OvonwdW_1rMAW9XLyj-","WhatsApp Bot","2026-06-23T14:08:39.031Z","checkpoint","0","Grupo WhatsApp","En la entrada de adm estan asiendo control","🚔🚨Operativos🚓 Arroyo Seco y alrededores","En la entrada de adm estan asiendo control"
"-Ovp_rug0Vfa0cyKd0ic","WhatsApp Bot","2026-06-23T17:46:46.850Z","municipal","0","Grupo WhatsApp","*⚠️✖️✖️⚠️GODOY ENTRE TTE AGNETA Y LINIERS AMBAS MANOS.... EL FEROZ OPERATIVO DE FISCA FISCALIZACION ","🔺SOLO OPERATIVOS DE TRÁNSITO (1)🔺","*⚠️✖️✖️⚠️GODOY ENTRE TTE AGNETA Y LINIERS AMBAS MANOS.... EL FEROZ OPERATIVO DE FISCA FISCALIZACION DE TRANSPORTE (servicios públicos) PARANDO TAXIS Y AUTOS 🚖🚘🚖BUSCANDO REMISES TRUCHOS LOS UBER DIDI Y CABIFY NO HABILITADOS CON LA PLANCHA ITALIANA IVECO⚠️✖️✖️⚠️*"
"-Ovph5JzKShcQ0DiSjyL","WhatsApp Bot","2026-06-23T18:18:20.885Z","municipal","0","Grupo WhatsApp","*🚧📛📛🚧ENTRE RIOS ENTRE SAN JUAN Y MENDOZA.... LLEGANDO EL POTENTE OPERATIVO DE TRÁNSITO CON EL CA","🔺SOLO OPERATIVOS DE TRÁNSITO (1)🔺","*🚧📛📛🚧ENTRE RIOS ENTRE SAN JUAN Y MENDOZA.... LLEGANDO EL POTENTE OPERATIVO DE TRÁNSITO CON EL CARRETON Y ALRREDEDORES TAMBIEN TE LLEVAN AL OPERATIVO CHUPANDO MOTOS 🛵🏍️🛵🏍️A FULL IMPACT CON EL JEFE DE DIVISION DAMIAN FERNÁNDEZ (EL CHUPACHICHI) CON EL TERCIO DELTA DE POLICIA MOTORIZADA.... EVITEN ZONA!!!🚧📛📛🚧*"
"-Ovpm4XCn7dpPu8IaYGH","WhatsApp Bot","2026-06-23T18:40:08.355Z","municipal","0","Grupo WhatsApp","*⚠️✖️✖️⚠️AVELLANEDA ENTRE ITUZAINGO Y PASCO.... SE MUDÓ EL FEROZ OPERATIVO DE FISCA FISCALIZACION DE","🔺SOLO OPERATIVOS DE TRÁNSITO (1)🔺","*⚠️✖️✖️⚠️AVELLANEDA ENTRE ITUZAINGO Y PASCO.... SE MUDÓ EL FEROZ OPERATIVO DE FISCA FISCALIZACION DE TRANSPORTE (servicios públicos) PARANDO TAXIS Y AUTOS 🚖🚘🚖BUSCANDO REMISES TRUCHOS LOS UBER DIDI Y CABIFY NO HABILITADOS CON LA PLANCHA ITALIANA IVECO⚠️✖️✖️⚠️*"
"-Ovps-cKYCiYlf6tuqX1","WhatsApp Bot","2026-06-23T19:06:01.131Z","municipal","0","Grupo WhatsApp","*SIGUE A FULL ESTE OPERATIVO SE LLEVAN TODAS LAS MOTOS....OJO!!!*","🔺SOLO OPERATIVOS DE TRÁNSITO (1)🔺","*SIGUE A FULL ESTE OPERATIVO SE LLEVAN TODAS LAS MOTOS....OJO!!!*"
"-Ovq0gjYZnO6akmyuHcO","WhatsApp Bot","2026-06-23T19:48:21.113Z","municipal","0","Grupo WhatsApp","*🚧🚥🚥🚧RUTA AO12 ENTRE LA VIA Y RUTA 21 EN PUEBLO ESTHER...... EL OPERATIVO DE TRÁNSITO (EL CAU co","🔺SOLO OPERATIVOS DE TRÁNSITO (1)🔺","*🚧🚥🚥🚧RUTA AO12 ENTRE LA VIA Y RUTA 21 EN PUEBLO ESTHER...... EL OPERATIVO DE TRÁNSITO (EL CAU control y asistencia urbana)CON ALCOHOLEMIA 🗣️🗣️Y POLICIA VIAL🚧🚥🚥🚧*"
"-OvqKYIn9TIilQnlb25w","WhatsApp Bot","2026-06-23T21:15:05.352Z","checkpoint","0","Grupo WhatsApp","en el aseso de lagos ante de yegaar autopista hay operativo","🚔🚨Operativos🚓 Arroyo Seco y alrededores","en el aseso de lagos ante de yegaar autopista hay operativo"
"-OvqKYXVodBJXbbbAhU6","WhatsApp Bot","2026-06-23T21:15:06.294Z","checkpoint","0","Grupo WhatsApp","en el aseso de lagos ante de yegaar autopista hay operativo","🚔🚨Operativos🚓 Arroyo Seco y alrededores","en el aseso de lagos ante de yegaar autopista hay operativo"
"-Ovr5Md-SnTlnS94rndc","WhatsApp Bot","2026-06-24T00:48:22.614Z","traffic","0","Grupo WhatsApp","Oroño y lamadrid en la puma, está tránsito con los conos sin parar a nadie aún, pero por las dudas","🔺SOLO OPERATIVOS DE TRÁNSITO (1)🔺","Oroño y lamadrid en la puma, está tránsito con los conos sin parar a nadie aún, pero por las dudas"
"-Ovr5Mybi3CRzm2Tfb7u","WhatsApp Bot","2026-06-24T00:48:23.997Z","traffic","0","Grupo WhatsApp","Oroño y lamadrid en la puma, está tránsito con los conos sin parar a nadie aún, pero por las dudas","🔺SOLO OPERATIVOS DE TRÁNSITO (1)🔺","Oroño y lamadrid en la puma, está tránsito con los conos sin parar a nadie aún, pero por las dudas"
"-Ovr5lhWbV6UL0NPVsPu","WhatsApp Bot","2026-06-24T00:50:09.399Z","checkpoint","0","Grupo WhatsApp","Ojo abajo del puente Rosario victoria hay una chata de control urbano y entrando a maistegui un auto","🔺SOLO OPERATIVOS DE TRÁNSITO (1)🔺","Ojo abajo del puente Rosario victoria hay una chata de control urbano y entrando a maistegui un auto de control urbano con los conos,no ví parando a nadie, pero ojo"
"-OvrLAGIFMHM_5Ss6WA6","WhatsApp Bot","2026-06-24T01:57:26.249Z","checkpoint","0","Grupo WhatsApp","Operativo en lagos por la entrada calle la torre al frente de vitto","🚔🚨Operativos🚓 Arroyo Seco y alrededores","Operativo en lagos por la entrada calle la torre al frente de vitto"
"-OvtQufi08wncB-j_lQ9","WhatsApp Bot","2026-06-24T11:41:45.607Z","checkpoint","0","Grupo WhatsApp","*🚧📹📹🚧JUJUY ENTRE RICHIERI Y SUIPACHA.... CONTROL DE VELOCIDAD (EL RADAR) MAXIMA 40 KMH🚧📹📹🚧*","🔺SOLO OPERATIVOS DE TRÁNSITO (1)🔺","*🚧📹📹🚧JUJUY ENTRE RICHIERI Y SUIPACHA.... CONTROL DE VELOCIDAD (EL RADAR) MAXIMA 40 KMH🚧📹📹🚧*"
"-OvtXsaHE0_sqJtU2roG","WhatsApp Bot","2026-06-24T12:12:12.072Z","municipal","0","Grupo WhatsApp","*🚧📛📛🚧MENDOZA Y LAVALLE (COLEGIO PESTALOZZI) ...LLEGANDO EL POTENTE OPERATIVO DE TRÁNSITO CON EL ","🔺SOLO OPERATIVOS DE TRÁNSITO (1)🔺","*🚧📛📛🚧MENDOZA Y LAVALLE (COLEGIO PESTALOZZI) ...LLEGANDO EL POTENTE OPERATIVO DE TRÁNSITO CON EL CARRETON Y ALRREDEDORES TAMBIEN TE LLEVAN AL OPERATIVO CHUPANDO MOTOS 🛵🏍️🛵🏍️A FULL IMPACT CON EL JEFE DE DIVISION RICARDO ROHRER (ALIAS RIO RIO) CON EL TERCIO DELTA DE POLICIA MOTORIZADA... EVITEN ZONA!!!🚧📛📛🚧*"
"-OvtoMERE_lNmmaxZCU3","WhatsApp Bot","2026-06-24T13:28:34.034Z","police","0","Grupo WhatsApp","Op cana y cau 
A012 y vias","🚔🚨Operativos🚓 Arroyo Seco y alrededores","Op cana y cau 
A012 y vias"
"-Ovu0_SSkqKrF42bw8D9","WhatsApp Bot","2026-06-24T14:26:20.147Z","municipal","0","Grupo WhatsApp","Hay dos zorros en 27 de febrero y Francia no sé si está por armar operativo","🔺SOLO OPERATIVOS DE TRÁNSITO (1)🔺","Hay dos zorros en 27 de febrero y Francia no sé si está por armar operativo"
"-Ovu0_XoRMajGBpXhADN","WhatsApp Bot","2026-06-24T14:26:20.490Z","municipal","0","Grupo WhatsApp","Hay dos zorros en 27 de febrero y Francia no sé si está por armar operativo","🔺SOLO OPERATIVOS DE TRÁNSITO (1)🔺","Hay dos zorros en 27 de febrero y Francia no sé si está por armar operativo"
"-Ovu0_aWiIk_nq_iF3FI","WhatsApp Bot","2026-06-24T14:26:20.727Z","municipal","0","Grupo WhatsApp","Hay dos zorros en 27 de febrero y Francia no sé si está por armar operativo","🔺SOLO OPERATIVOS DE TRÁNSITO (1)🔺","Hay dos zorros en 27 de febrero y Francia no sé si está por armar operativo"
"-Ovul4t7RH71-AbBKyMA","WhatsApp Bot","2026-06-24T17:53:53.759Z","checkpoint","0","Grupo WhatsApp","Pueblo esther control en la shell","🚔🚨Operativos🚓 Arroyo Seco y alrededores","Pueblo esther control en la shell"
"-OvulFL0lHzWGaUCl28_","WhatsApp Bot","2026-06-24T17:54:36.567Z","accident","0","Grupo WhatsApp","Autopista bs as a Rosario, llegando a riesgo demorado por choque","🚔🚨Operativos🚓 Arroyo Seco y alrededores","Autopista bs as a Rosario, llegando a riesgo demorado por choque"
"-OvulFaMFJtD02i9F30R","WhatsApp Bot","2026-06-24T17:54:37.614Z","accident","0","Grupo WhatsApp","Autopista bs as a Rosario, llegando a riesgo demorado por choque","🚔🚨Operativos🚓 Arroyo Seco y alrededores","Autopista bs as a Rosario, llegando a riesgo demorado por choque"
"-OvulyCL3gp_X1EVYT2A","WhatsApp Bot","2026-06-24T17:57:44.429Z","accident","0","Grupo WhatsApp","Autopista a la altura de Ricci accidente, súper congestionado","🚔🚨Operativos🚓 Arroyo Seco y alrededores","Autopista a la altura de Ricci accidente, súper congestionado"
"-OvulyVYZKokXq7nzpbc","WhatsApp Bot","2026-06-24T17:57:45.657Z","accident","0","Grupo WhatsApp","Autopista a la altura de Ricci accidente, súper congestionado","🚔🚨Operativos🚓 Arroyo Seco y alrededores","Autopista a la altura de Ricci accidente, súper congestionado"
"-OvunfIqOreFRFDyHvwf","WhatsApp Bot","2026-06-24T18:05:11.309Z","municipal","0","Grupo WhatsApp","*⚠️✖️✖️⚠️ARIJON ENTRE BALCARCE Y OROÑO AMBAS MANOS.... EL  ATROZ OPERATIVO DE (FISCA) FISCALIZACION ","🔺SOLO OPERATIVOS DE TRÁNSITO (1)🔺","*⚠️✖️✖️⚠️ARIJON ENTRE BALCARCE Y OROÑO AMBAS MANOS.... EL  ATROZ OPERATIVO DE (FISCA) FISCALIZACION DE TRANSPORTE (servicios públicos) PARANDO TAXIS Y AUTOS 🚖🚘🚖 BUSCANDO REMISES TRUCHOS LOS UBER DIDI Y CABIFY NO HABILITADOS CON LA PLANCHA ITALIANA IVECO⚠️✖️✖️⚠️*"
"-OvuoOgb1-SaZuHnOFei","WhatsApp Bot","2026-06-24T18:08:21.310Z","checkpoint","0","Grupo WhatsApp","Control ingreso lagos por autopista","🚔🚨Operativos🚓 Arroyo Seco y alrededores","Control ingreso lagos por autopista"
"-OvuouFTvN9fXDhqvHHR","WhatsApp Bot","2026-06-24T18:10:34.676Z","municipal","0","Grupo WhatsApp","*🚧📛📛🚧PARAGUAY ENTRE MENDOZA Y 3 DE FEBRERO.... LLEGANDO EL POTENTE OPERATIVO DE TRÁNSITO CON EL ","🔺SOLO OPERATIVOS DE TRÁNSITO (1)🔺","*🚧📛📛🚧PARAGUAY ENTRE MENDOZA Y 3 DE FEBRERO.... LLEGANDO EL POTENTE OPERATIVO DE TRÁNSITO CON EL CARRETON Y ALRREDEDORES TAMBIEN TE LLEVAN AL OPERATIVO CHUPANDO MOTOS 🛵🏍️🛵🏍️A FULL IMPACT CON EL JEFE DE DIVISION DAMIAN FERNÁNDEZ (EL CHUPACHICHI) CON EL TERCIO DELTA DE POLICIA MOTORIZADA.... EVITEN ZONA!!!🚧📛📛🚧*"
"-OvuqbkjMujniMcmKU9Y","WhatsApp Bot","2026-06-24T18:18:03.206Z","municipal","0","Grupo WhatsApp","*OJO CON (FISCA)☝️*","🔺SOLO OPERATIVOS DE TRÁNSITO (1)🔺","*OJO CON (FISCA)☝️*"
"-OvvIuJopOfJtQDuQMoo","WhatsApp Bot","2026-06-24T20:26:01.418Z","checkpoint","0","Grupo WhatsApp","sigue un gran operativo bajo el puente de circunvalación, entrada y salida Vgg","🔺SOLO OPERATIVOS DE TRÁNSITO (1)🔺","sigue un gran operativo bajo el puente de circunvalación, entrada y salida Vgg"
"-OvvMbSoZSGSavhOYEe2","WhatsApp Bot","2026-06-24T20:42:12.747Z","traffic","0","Grupo WhatsApp","Si si,no hay más cortes","🚔🚨Operativos🚓 Arroyo Seco y alrededores","Si si,no hay más cortes"
"-OvvcAcX5WtiPBnD0Z3s","WhatsApp Bot","2026-06-24T21:54:35.205Z","checkpoint","0","Grupo WhatsApp","*HOLA !!! LOS QUE QUIERAN COLABORAR CON LA BASE CENTRAL DE OPERATIVOS LO PUEDEN HACER MEDIANTE UN AL","🔺SOLO OPERATIVOS DE TRÁNSITO (1)🔺","*HOLA !!! LOS QUE QUIERAN COLABORAR CON LA BASE CENTRAL DE OPERATIVOS LO PUEDEN HACER MEDIANTE UN ALIAS DE MERCADO PAGO....EL QUE LO HAGA TIENE QUE PASAR EL COMPROBANTE POR PRIVADO PARA SER AGENDADO DE FORMA DIFERENTE PARA EL GRUPO CERRADO QUE ARMAREMOS A FUTURO.... Y MUCHAS GRACIAS A TODOS LOS QUE COLABORAN.... GRACIAS👍*"
"-OvvskpsoacVY9VEG3C8","WhatsApp Bot","2026-06-24T23:07:01.915Z","municipal","0","Grupo WhatsApp","*A FULL FISCA☝️*","🔺SOLO OPERATIVOS DE TRÁNSITO (1)🔺","*A FULL FISCA☝️*"
"-Ovw50lD75dY8cPSoJif","WhatsApp Bot","2026-06-25T00:04:59.122Z","checkpoint","0","Grupo WhatsApp","Cordoba antes de vera mujica control esta","🔺SOLO OPERATIVOS DE TRÁNSITO (1)🔺","Cordoba antes de vera mujica control esta"
"-OvwO_LEoG8xhHYPyGK8","WhatsApp Bot","2026-06-25T01:30:25.587Z","police","0","Grupo WhatsApp","Policía en la esquina 247 con los conos","🚔🚨Operativos🚓 Arroyo Seco y alrededores","Policía en la esquina 247 con los conos"
"-OvwOxQgprVJqtqp9Vso","WhatsApp Bot","2026-06-25T01:32:04.240Z","police","0","Grupo WhatsApp","En lagos esta la policia apenas doblas","🚔🚨Operativos🚓 Arroyo Seco y alrededores","En lagos esta la policia apenas doblas"
"-OvyU2gEKytVgPpRXeDo","WhatsApp Bot","2026-06-25T11:13:35.027Z","municipal","0","Grupo WhatsApp","*🚧🚥🚥🚧RUTA 21 Y OROÑO ENTRADA A PUEBLO ESTHER DESDE ALVEAR AMBAS MANOS.... OPERATIVO DE TRÁNSITO ","🔺SOLO OPERATIVOS DE TRÁNSITO (1)🔺","*🚧🚥🚥🚧RUTA 21 Y OROÑO ENTRADA A PUEBLO ESTHER DESDE ALVEAR AMBAS MANOS.... OPERATIVO DE TRÁNSITO (EL CAU control y asistencia urbana) CON LA POLICIA VIAL🚧🚥🚥🚧*"
"-OvyWA3cHteQiztvkOpO","WhatsApp Bot","2026-06-25T11:22:49.549Z","accident","0","Grupo WhatsApp","Accidente circunvalación antes de llegar a Ovidio lagos transito lento","🚔🚨Operativos🚓 Arroyo Seco y alrededores","Accidente circunvalación antes de llegar a Ovidio lagos transito lento"
"-Ovydtu-4M3ldfysA-7B","WhatsApp Bot","2026-06-25T12:00:58.532Z","checkpoint","0","Grupo WhatsApp","Entrada a Fighiera viniendo de arroyo control y balanza","🚔🚨Operativos🚓 Arroyo Seco y alrededores","Entrada a Fighiera viniendo de arroyo control y balanza"
"-Ovyh4c-4yVBQbsxdWSi","WhatsApp Bot","2026-06-25T12:14:52.965Z","traffic","0","Grupo WhatsApp","En la salida de arroyo por autopista, móvil de tránsito pero no paran, por ahora","🚔🚨Operativos🚓 Arroyo Seco y alrededores","En la salida de arroyo por autopista, móvil de tránsito pero no paran, por ahora"
"-Ovyib8NoUo9z3Bgd-Pf","WhatsApp Bot","2026-06-25T12:21:32.412Z","municipal","0","Grupo WhatsApp","*🚧📛📛🚧ENTRE RIOS Y RIOJA ... LLEGANDO EL POTENTE OPERATIVO DE TRÁNSITO CON EL CARRETON Y ALRREDED","🔺SOLO OPERATIVOS DE TRÁNSITO (1)🔺","*🚧📛📛🚧ENTRE RIOS Y RIOJA ... LLEGANDO EL POTENTE OPERATIVO DE TRÁNSITO CON EL CARRETON Y ALRREDEDORES TAMBIEN TE LLEVAN AL OPERATIVO CHUPANDO MOTOS 🛵🏍️🛵🏍️A FULL IMPACT CON EL JEFE DE DIVISION MATIAS (EL LAME BOLAS) CON EL TERCIO DELTA DE POLICIA MOTORIZADA... EVITEN ZONA!!!🚧📛📛🚧*"
"-Ovyl7vKB8bfuue692e8","WhatsApp Bot","2026-06-25T12:32:35.065Z","municipal","0","Grupo WhatsApp","*⚠️✖️✖️⚠️CORDOBA Y CASTELLANOS .... EL OPERATIVO DE FISCA FISCALIZACION DE TRANSPORTE (SERVICIOS PÚB","🔺SOLO OPERATIVOS DE TRÁNSITO (1)🔺","*⚠️✖️✖️⚠️CORDOBA Y CASTELLANOS .... EL OPERATIVO DE FISCA FISCALIZACION DE TRANSPORTE (SERVICIOS PÚBLICOS) 🚖🚘🚘🚖CON LA PLANCHA ASIATICA HYUNDAI⚠️✖️✖️⚠️*"
"-OvyldxTl1CRy3MiMXMD","WhatsApp Bot","2026-06-25T12:34:50.371Z","police","0","Grupo WhatsApp","Policía y seguridad vial","🚔🚨Operativos🚓 Arroyo Seco y alrededores","Policía y seguridad vial"
"-Ovynbq5rlT7ZosEfWLf","WhatsApp Bot","2026-06-25T12:43:25.994Z","radar","0","Grupo WhatsApp","Juan José paso antes de llegar a provincia Unidas camara de radar de velocidad.. CUIDADO","🔺SOLO OPERATIVOS DE TRÁNSITO (1)🔺","Juan José paso antes de llegar a provincia Unidas camara de radar de velocidad.. CUIDADO"
"-OvyndH0Hto88l2P0js8","WhatsApp Bot","2026-06-25T12:43:31.878Z","radar","0","Grupo WhatsApp","Juan José paso antes de llegar a provincia Unidas camara de radar de velocidad.. CUIDADO","🔺SOLO OPERATIVOS DE TRÁNSITO (1)🔺","Juan José paso antes de llegar a provincia Unidas camara de radar de velocidad.. CUIDADO"
"-OvysbvdoP_e1esCvsM5","WhatsApp Bot","2026-06-25T13:05:17.070Z","municipal","0","Grupo WhatsApp","Motos. Corrientes y san Luis.","🔺SOLO OPERATIVOS DE TRÁNSITO (1)🔺","Motos. Corrientes y san Luis."
"-Ovz1o2hNte6cZ5fCoHY","WhatsApp Bot","2026-06-25T13:49:48.178Z","police","0","Grupo WhatsApp","Se estan por poner en tierra del sueño la policia","🚔🚨Operativos🚓 Arroyo Seco y alrededores","Se estan por poner en tierra del sueño la policia"
"-Ovz41UNwPZzuKg8XrxP","WhatsApp Bot","2026-06-25T13:59:31.580Z","checkpoint","0","Grupo WhatsApp","Operativo enfrente del parque industrial de alvear por r21  ... ambas manos","🚔🚨Operativos🚓 Arroyo Seco y alrededores","Operativo enfrente del parque industrial de alvear por r21  ... ambas manos"
"-Ovz7QbZ2j3qTuq3nHSJ","WhatsApp Bot","2026-06-25T14:14:20.937Z","checkpoint","0","Grupo WhatsApp","Operativo en tierra de sueños ... recién me pararon","🚔🚨Operativos🚓 Arroyo Seco y alrededores","Operativo en tierra de sueños ... recién me pararon"
"-OvzHCSX2xvIYcFZutLT","WhatsApp Bot","2026-06-25T14:57:04.390Z","police","0","Grupo WhatsApp","Todavía siguen en tierra de sueños recién me pararon, según dicen es control de rutina , es solo la ","🚔🚨Operativos🚓 Arroyo Seco y alrededores","Todavía siguen en tierra de sueños recién me pararon, según dicen es control de rutina , es solo la policía , piden carnet y tarjeta verde"
"-Ow-4AhFi4qFNVkKEB9n","WhatsApp Bot","2026-06-25T18:39:46.548Z","checkpoint","0","Grupo WhatsApp","Operativo  en General lagos 

Ruta 21 y entrada a la costa.","🚔🚨Operativos🚓 Arroyo Seco y alrededores","Operativo  en General lagos 

Ruta 21 y entrada a la costa."
"-Ow-4ApLHyJc-2LVCgJT","WhatsApp Bot","2026-06-25T18:39:47.066Z","checkpoint","0","Grupo WhatsApp","Operativo  en General lagos 

Ruta 21 y entrada a la costa.","🚔🚨Operativos🚓 Arroyo Seco y alrededores","Operativo  en General lagos 

Ruta 21 y entrada a la costa."
"-Ow-5Qmr13HlEkPxK8nA","WhatsApp Bot","2026-06-25T18:45:14.587Z","checkpoint","0","Grupo WhatsApp","En pueblo Esther y lagos altos operativos","🚔🚨Operativos🚓 Arroyo Seco y alrededores","En pueblo Esther y lagos altos operativos"
"-Ow-8MGDh0OVhYqmg3eV","WhatsApp Bot","2026-06-25T18:58:02.482Z","checkpoint","0","Grupo WhatsApp","Operativo en Guillermo tell","🚔🚨Operativos🚓 Arroyo Seco y alrededores","Operativo en Guillermo tell"
"-Ow-CAkYdotCHeIJXbS7","WhatsApp Bot","2026-06-25T19:14:43.911Z","checkpoint","0","Grupo WhatsApp","Operativo en frente la Shell de pueblo esther y el camino q va hacia la costa en general lagos, hace","🚔🚨Operativos🚓 Arroyo Seco y alrededores","Operativo en frente la Shell de pueblo esther y el camino q va hacia la costa en general lagos, hacen test de alcoholemia"
"-Ow-CB-ZtoSOWKB8Z4xV","WhatsApp Bot","2026-06-25T19:14:44.936Z","checkpoint","0","Grupo WhatsApp","Operativo en frente la Shell de pueblo esther y el camino q va hacia la costa en general lagos, hace","🚔🚨Operativos🚓 Arroyo Seco y alrededores","Operativo en frente la Shell de pueblo esther y el camino q va hacia la costa en general lagos, hacen test de alcoholemia"
"-Ow-lsednTeWWp6fiRQ7","WhatsApp Bot","2026-06-25T21:55:05.037Z","checkpoint","0","Grupo WhatsApp","En antes de la Shell de esther hay control","🚔🚨Operativos🚓 Arroyo Seco y alrededores","En antes de la Shell de esther hay control"
"-Ow0q1-jIGXMgCQWMIi9","WhatsApp Bot","2026-06-26T02:52:49.107Z","checkpoint","0","Grupo WhatsApp","Operativo Ao12","🚔🚨Operativos🚓 Arroyo Seco y alrededores","Operativo Ao12"
"-Ow0q1CXshAtqHOwsQuI","WhatsApp Bot","2026-06-26T02:52:49.926Z","checkpoint","0","Grupo WhatsApp","Operativo Ao12","🚔🚨Operativos🚓 Arroyo Seco y alrededores","Operativo Ao12"
"-Ow1BkRONB9aBSmVnj9T","WhatsApp Bot","2026-06-26T04:32:06.465Z","municipal","0","Grupo WhatsApp","Oroño y pellegrini mano al sur, fisca","🔺SOLO OPERATIVOS DE TRÁNSITO (1)🔺","Oroño y pellegrini mano al sur, fisca"
"-Ow2f6jcYzRg7ubHaGmz","WhatsApp Bot","2026-06-26T11:24:23.437Z","police","0","Grupo WhatsApp","Esta la policía pero no para","🚔🚨Operativos🚓 Arroyo Seco y alrededores","Esta la policía pero no para"
"-Ow3NHx4PEdb5mMSSwLR","WhatsApp Bot","2026-06-26T14:41:45.834Z","checkpoint","0","Grupo WhatsApp","27 y la ruta control ahora","🚔🚨Operativos🚓 Arroyo Seco y alrededores","27 y la ruta control ahora"
"-Ow3NIIY_s6X0EBikwFH","WhatsApp Bot","2026-06-26T14:41:47.272Z","checkpoint","0","Grupo WhatsApp","27 y la ruta control ahora","🚔🚨Operativos🚓 Arroyo Seco y alrededores","27 y la ruta control ahora"
"-Ow3RtXzXp-wjvTwOnX-","WhatsApp Bot","2026-06-26T15:01:52.484Z","checkpoint","0","Grupo WhatsApp","Control en el Acceso autopista lagos ruta alfrente d vitto","🚔🚨Operativos🚓 Arroyo Seco y alrededores","Control en el Acceso autopista lagos ruta alfrente d vitto"
"-Ow47n1wK9uGo-wyCAjX","WhatsApp Bot","2026-06-26T18:13:40.191Z","municipal","0","Grupo WhatsApp","*AHÍ ESTÁ (FISCAAAA) AMBAS MANOS☝️*","🔺SOLO OPERATIVOS DE TRÁNSITO (1)🔺","*AHÍ ESTÁ (FISCAAAA) AMBAS MANOS☝️*"
"-Ow4TMCLyEhKQJPL0e3h","WhatsApp Bot","2026-06-26T19:47:53.337Z","accident","0","Grupo WhatsApp","*🚩🏁🚩DORREGO Y MENDOZA ... EL ACCIDENTE CON UN FALLECIDO.... YA QUEDÓ LIBERADO🚩🏁🚩*","🔺SOLO OPERATIVOS DE TRÁNSITO (1)🔺","*🚩🏁🚩DORREGO Y MENDOZA ... EL ACCIDENTE CON UN FALLECIDO.... YA QUEDÓ LIBERADO🚩🏁🚩*"
"-Ow4TMUcunltvFlrWHgw","WhatsApp Bot","2026-06-26T19:47:54.507Z","municipal","0","Grupo WhatsApp","*🚧🚥🚥🚧RUTA AO12 ENTRE LA VIA Y RUTA 21 EN PUEBLO ESTHER..... OPERATIVO DE TRÁNSITO (EL CAU contro","🔺SOLO OPERATIVOS DE TRÁNSITO (1)🔺","*🚧🚥🚥🚧RUTA AO12 ENTRE LA VIA Y RUTA 21 EN PUEBLO ESTHER..... OPERATIVO DE TRÁNSITO (EL CAU control y asistencia urbana) CON ALCOHOLEMIA🗣️🗣️ Y POLICIA VIAL🚧🚥🚥🚧*"
"-Ow4VC6qRlO_TvQU5xBu","WhatsApp Bot","2026-06-26T19:55:56.313Z","accident","0","Grupo WhatsApp","En la entrada del puerto hubo un choque","🚔🚨Operativos🚓 Arroyo Seco y alrededores","En la entrada del puerto hubo un choque"
"-Ow4VCbB3boyYtE6kddg","WhatsApp Bot","2026-06-26T19:55:58.319Z","accident","0","Grupo WhatsApp","En la entrada del puerto hubo un choque","🚔🚨Operativos🚓 Arroyo Seco y alrededores","En la entrada del puerto hubo un choque"
"-Ow4s8V8shppo7xeIfMb","WhatsApp Bot","2026-06-26T21:40:32.939Z","checkpoint","0","Grupo WhatsApp","*HOLA !!! LOS QUE QUIERAN COLABORAR CON LA BASE CENTRAL DE OPERATIVOS LO PUEDEN HACER MEDIANTE UN AL","🔺SOLO OPERATIVOS DE TRÁNSITO (1)🔺","*HOLA !!! LOS QUE QUIERAN COLABORAR CON LA BASE CENTRAL DE OPERATIVOS LO PUEDEN HACER MEDIANTE UN ALIAS DE MERCADO PAGO....EL QUE LO HAGA TIENE QUE PASAR EL COMPROBANTE POR PRIVADO PARA SER AGENDADO DE FORMA DIFERENTE PARA EL GRUPO CERRADO QUE ARMAREMOS A FUTURO.... Y MUCHAS GRACIAS A TODOS LOS QUE COLABORAN.... GRACIAS👍*"
"-Ow50agQT1Ove63sss-m","WhatsApp Bot","2026-06-26T22:21:51.805Z","checkpoint","0","Grupo WhatsApp","Sigue el control en pueblo esther","🚔🚨Operativos🚓 Arroyo Seco y alrededores","Sigue el control en pueblo esther"
"-Ow5ETnZIjZOjm-wt6K5","WhatsApp Bot","2026-06-26T23:22:29.511Z","checkpoint","0","Grupo WhatsApp","Operativo por ruta 21 y colon","🚔🚨Operativos🚓 Arroyo Seco y alrededores","Operativo por ruta 21 y colon"
"-Ow5Rftn397sLTH2CTEU","WhatsApp Bot","2026-06-27T00:20:11.031Z","checkpoint","0","Grupo WhatsApp","Control por mitre entre belgrano y moreno","🚔🚨Operativos🚓 Arroyo Seco y alrededores","Control por mitre entre belgrano y moreno"
"-Ow5sEGtNsQdUBMBE00A","WhatsApp Bot","2026-06-27T02:20:33.820Z","checkpoint","0","Grupo WhatsApp","Operativo saliendo de Pérez piden td y Aser test de alcoholemia","🚔🚨Operativos🚓 Arroyo Seco y alrededores","Operativo saliendo de Pérez piden td y Aser test de alcoholemia"
"-Ow6PmgCImKBQtIfb8nh","WhatsApp Bot","2026-06-27T04:51:31.764Z","municipal","0","Grupo WhatsApp","*🚧📛📛🚧CAFFERATA Y MONTEVIDEO....SE MUDÓ EL POTENTE OPERATIVO DE TRÁNSITO CON ALCOHOLEMIA🗣️🗣️ NA","🔺SOLO OPERATIVOS DE TRÁNSITO (1)🔺","*🚧📛📛🚧CAFFERATA Y MONTEVIDEO....SE MUDÓ EL POTENTE OPERATIVO DE TRÁNSITO CON ALCOHOLEMIA🗣️🗣️ NARCOLEMIA Y THC CANNABIS EL CARRETON Y LAS GRUAS 🚘🛵🚘🛵A FULL IMPACT CON EL JEFE DE DIVISION DAMIAN FERNANDEZ (ALIAS CHUPACHICHI) ... EVITEN ZONA!!!🚧📛📛🚧*"
"-Ow6oqaxNYcgElVJWgjZ","WhatsApp Bot","2026-06-27T06:45:23.556Z","municipal","0","Grupo WhatsApp","*🚧📛📛🚧COCHABAMBA Y ENTRE RIOS.... LLEGANDO EL OTRO OPERATIVO DE TRÁNSITO CON ALCOHOLEMIA🗣️🗣️ NA","🔺SOLO OPERATIVOS DE TRÁNSITO (1)🔺","*🚧📛📛🚧COCHABAMBA Y ENTRE RIOS.... LLEGANDO EL OTRO OPERATIVO DE TRÁNSITO CON ALCOHOLEMIA🗣️🗣️ NARCOLEMIA Y THC CANNABIS CON EL CARRETON Y LAS GRUAS 🚘🛵🚘🛵A FULL IMPACT CON EL JEFE DE DIVISION MARIO CUBIDO (ALIAS CUBO) .... EVITEN ZONA!!!!🚧📛📛🚧*"
"-Ow85YZ2ltX71IwbjXm5","WhatsApp Bot","2026-06-27T12:42:21.351Z","checkpoint","0","Grupo WhatsApp","AO12 y la vía operativo","🚔🚨Operativos🚓 Arroyo Seco y alrededores","AO12 y la vía operativo"
"-Ow86s0hQCSCx_6UPGYn","WhatsApp Bot","2026-06-27T12:48:07.313Z","municipal","0","Grupo WhatsApp","*🚧📛📛🚧FRANCIA ENTRE GALVEZ Y 27 DE FEBRERO.... EL POTENTE OPERATIVO DE TRÁNSITO CON EL CARRETON Y","🔺SOLO OPERATIVOS DE TRÁNSITO (1)🔺","*🚧📛📛🚧FRANCIA ENTRE GALVEZ Y 27 DE FEBRERO.... EL POTENTE OPERATIVO DE TRÁNSITO CON EL CARRETON Y ALRREDEDORES TAMBIEN TE LLEVAN AL OPERATIVO CHUPANDO MOTOS 🛵🏍️🛵🏍️A FULL IMPACT CON EL JEFE DE DIVISION GUSTAVO ROJO (ALIAS DEMONIO) CON EL TERCIO DELTA DE POLICIA MOTORIZADA.... EVITEN ZONA!!!🚧📛📛🚧*"
"-Ow86s2nBArb29pcEDfk","WhatsApp Bot","2026-06-27T12:48:07.447Z","municipal","0","Grupo WhatsApp","*🚧📛📛🚧FRANCIA ENTRE GALVEZ Y 27 DE FEBRERO.... EL POTENTE OPERATIVO DE TRÁNSITO CON EL CARRETON Y","🔺SOLO OPERATIVOS DE TRÁNSITO (1)🔺","*🚧📛📛🚧FRANCIA ENTRE GALVEZ Y 27 DE FEBRERO.... EL POTENTE OPERATIVO DE TRÁNSITO CON EL CARRETON Y ALRREDEDORES TAMBIEN TE LLEVAN AL OPERATIVO CHUPANDO MOTOS 🛵🏍️🛵🏍️A FULL IMPACT CON EL JEFE DE DIVISION GUSTAVO ROJO (ALIAS DEMONIO) CON EL TERCIO DELTA DE POLICIA MOTORIZADA.... EVITEN ZONA!!!🚧📛📛🚧*"
"-Ow8CcQKY0OUzoGxqq1d","WhatsApp Bot","2026-06-27T13:13:16.280Z","checkpoint","0","Grupo WhatsApp","Operativo 
En la entrada de playa hermosa 
Mano rosario arroyo seco 
Antes del puente","🚔🚨Operativos🚓 Arroyo Seco y alrededores","Operativo 
En la entrada de playa hermosa 
Mano rosario arroyo seco 
Antes del puente"
"-Ow8Dm4XKJBiZmrKRJRA","WhatsApp Bot","2026-06-27T13:18:17.989Z","traffic","0","Grupo WhatsApp","Tránsito Francia al 2600 mano derecha","🔺SOLO OPERATIVOS DE TRÁNSITO (1)🔺","Tránsito Francia al 2600 mano derecha"
"-Ow8Dn7ja88GE-3n-7J5","WhatsApp Bot","2026-06-27T13:18:22.291Z","municipal","0","Grupo WhatsApp","Con carreton","🔺SOLO OPERATIVOS DE TRÁNSITO (1)🔺","Con carreton"
"-Ow8HHu_4e1NW3I3KLSk","WhatsApp Bot","2026-06-27T13:33:38.889Z","municipal","0","Grupo WhatsApp","*⚠️✖️✖️⚠️AYOLAS ENTRE SAN MARTIN Y MAIPU (SUPER LA REINA)... SE MUDÓ EL OPERATIVO DE (FISCA) FISCALI","🔺SOLO OPERATIVOS DE TRÁNSITO (1)🔺","*⚠️✖️✖️⚠️AYOLAS ENTRE SAN MARTIN Y MAIPU (SUPER LA REINA)... SE MUDÓ EL OPERATIVO DE (FISCA) FISCALIZACION DE TRANSPORTE (servicios públicos) PARANDO TAXIS Y AUTOS 🚖🚘🚖BUSCANDO REMISES TRUCHOS LOS UBER DIDI Y CABIFY NO HABILITADOS CON LA RANGER RASTRILLO⚠️✖️✖️⚠️*"
"-Ow9aYHKhybdSL8zZHn1","WhatsApp Bot","2026-06-27T19:41:46.043Z","checkpoint","0","Grupo WhatsApp","Control en figihera frente del playon de camiones","🚔🚨Operativos🚓 Arroyo Seco y alrededores","Control en figihera frente del playon de camiones"
"-Ow9aYedIRHSLe3HpWl5","WhatsApp Bot","2026-06-27T19:41:47.598Z","police","0","Grupo WhatsApp","Tengan cuidados hay como 5 móvil policial","🚔🚨Operativos🚓 Arroyo Seco y alrededores","Tengan cuidados hay como 5 móvil policial"
"-Ow9danbkUM3GJjtOZRz","WhatsApp Bot","2026-06-27T19:55:06.893Z","checkpoint","0","Grupo WhatsApp","No es control","🚔🚨Operativos🚓 Arroyo Seco y alrededores","No es control"
"-Ow9o7_A_GJe_yH4G0n2","WhatsApp Bot","2026-06-27T20:41:06.673Z","checkpoint","0","Grupo WhatsApp","Control en la entrada de fighiera","🚔🚨Operativos🚓 Arroyo Seco y alrededores","Control en la entrada de fighiera"
"-Ow9o7syxCaxqmwmeZSy","WhatsApp Bot","2026-06-27T20:41:07.940Z","checkpoint","0","Grupo WhatsApp","Control en la entrada de fighiera","🚔🚨Operativos🚓 Arroyo Seco y alrededores","Control en la entrada de fighiera"
"-OwA78KW5elFdyofsbpR","WhatsApp Bot","2026-06-27T22:08:32.647Z","checkpoint","0","Grupo WhatsApp","El control de fighiera se fue","🚔🚨Operativos🚓 Arroyo Seco y alrededores","El control de fighiera se fue"
"-OwA8_Qp94jhi2cyQtR1","WhatsApp Bot","2026-06-27T22:14:49.883Z","checkpoint","0","Grupo WhatsApp","Control belgrano y gral MITRE en la plaza por MITRE","🚔🚨Operativos🚓 Arroyo Seco y alrededores","Control belgrano y gral MITRE en la plaza por MITRE"
"-OwAZTSHIDzuTCpVvU8u","WhatsApp Bot","2026-06-28T00:12:19.192Z","checkpoint","0","Grupo WhatsApp","Control antes dd llegar a lagos dd la mano q va arroyo","🚔🚨Operativos🚓 Arroyo Seco y alrededores","Control antes dd llegar a lagos dd la mano q va arroyo"
"-OwAZTifwWhD6gfYsTqs","WhatsApp Bot","2026-06-28T00:12:20.305Z","checkpoint","0","Grupo WhatsApp","Control antes dd llegar a lagos dd la mano q va arroyo","🚔🚨Operativos🚓 Arroyo Seco y alrededores","Control antes dd llegar a lagos dd la mano q va arroyo"
"-OwAhOETS34WySgmNd1I","WhatsApp Bot","2026-06-28T00:51:17.124Z","municipal","0","Grupo WhatsApp","Pellegrini entre moreno y dorrego está fisca a full","🔺SOLO OPERATIVOS DE TRÁNSITO (1)🔺","Pellegrini entre moreno y dorrego está fisca a full"
"-OwAhOSDNAlfzi2E73kL","WhatsApp Bot","2026-06-28T00:51:18.004Z","municipal","0","Grupo WhatsApp","Pellegrini entre moreno y dorrego está fisca a full","🔺SOLO OPERATIVOS DE TRÁNSITO (1)🔺","Pellegrini entre moreno y dorrego está fisca a full"
"-OwBX9MvReTiCGxm1Wtt","WhatsApp Bot","2026-06-28T04:41:49.857Z","checkpoint","0","Grupo WhatsApp","Ay control en otoño en pueblo ester","🚔🚨Operativos🚓 Arroyo Seco y alrededores","Ay control en otoño en pueblo ester"
"-OwBX9ajNAgF8jOBBgro","WhatsApp Bot","2026-06-28T04:41:50.805Z","checkpoint","0","Grupo WhatsApp","Ay control en otoño en pueblo ester","🚔🚨Operativos🚓 Arroyo Seco y alrededores","Ay control en otoño en pueblo ester"
"-OwBnfaZygLHcaTrW1F1","WhatsApp Bot","2026-06-28T05:58:22.409Z","municipal","0","Grupo WhatsApp","*⚠️✖️✖️⚠️ALEM ENTRE MONTEVIDEO Y PELLEGRINI.... EL OPERATIVO DE FISCA FISCALIZACION DE TRANSPORTE (S","🔺SOLO OPERATIVOS DE TRÁNSITO (1)🔺","*⚠️✖️✖️⚠️ALEM ENTRE MONTEVIDEO Y PELLEGRINI.... EL OPERATIVO DE FISCA FISCALIZACION DE TRANSPORTE (SERVICIOS PÚBLICOS) 🚖🚘🚘🚖CON LA PLANCHA ITALIANA IVECO CON ALCOHOLEMIA Y NARCOLEMIA⚠️✖️✖️⚠️*"
"-OwBrFXhuUB8ZR0P1cMn","WhatsApp Bot","2026-06-28T06:14:00.147Z","municipal","0","Grupo WhatsApp","*🚧📛📛🚧PELLEGRINI Y BALCARCE.....EL POTENTE OPERATIVO DE TRÁNSITO CON ALCOHOLEMIA🗣️🗣️ NARCOLEMIA","🔺SOLO OPERATIVOS DE TRÁNSITO (1)🔺","*🚧📛📛🚧PELLEGRINI Y BALCARCE.....EL POTENTE OPERATIVO DE TRÁNSITO CON ALCOHOLEMIA🗣️🗣️ NARCOLEMIA Y THC CANNABIS CON EL CARRETON Y LAS GRUAS🚘🛵🚘🛵A FULL IMPACT CON EL JEFE DE DIVISION CARLOS ALBERTO TALDO (ALIAS TANGO 3) VIEJO CABEZA DE AJO Y BOTON .... EVITEN ZONA!!!🚧📛📛🚧*"
"-OwCdFq5o7-bkFlFZytm","WhatsApp Bot","2026-06-28T09:52:28.586Z","checkpoint","0","Grupo WhatsApp","Hay control","🚔🚨Operativos🚓 Arroyo Seco y alrededores","Hay control"
"-OwCdGpv0ExyOSKEnTmU","WhatsApp Bot","2026-06-28T09:52:32.671Z","checkpoint","0","Grupo WhatsApp","Hay control","🚔🚨Operativos🚓 Arroyo Seco y alrededores","Hay control"
"-OwEJCAz9v1szbt244Jo","WhatsApp Bot","2026-06-28T17:39:43.009Z","checkpoint","0","Grupo WhatsApp","Buenas tardes hay  control  de figuera y arroyo me pueden asi visar","🚔🚨Operativos🚓 Arroyo Seco y alrededores","Buenas tardes hay  control  de figuera y arroyo me pueden asi visar"
"-OwEJCko2GqVBXpC6bua","WhatsApp Bot","2026-06-28T17:39:45.367Z","checkpoint","0","Grupo WhatsApp","Buenas tardes hay  control  de figuera y arroyo me pueden asi visar","🚔🚨Operativos🚓 Arroyo Seco y alrededores","Buenas tardes hay  control  de figuera y arroyo me pueden asi visar"
"-OwEJCy0R_xuBpTxHxjb","WhatsApp Bot","2026-06-28T17:39:46.212Z","checkpoint","0","Grupo WhatsApp","Buenas tardes hay  control  de figuera y arroyo me pueden asi visar","🚔🚨Operativos🚓 Arroyo Seco y alrededores","Buenas tardes hay  control  de figuera y arroyo me pueden asi visar"
"-OwET9j_TPA48XAb8b0_","WhatsApp Bot","2026-06-28T18:23:14.439Z","accident","0","Grupo WhatsApp","Es un choque","🚔🚨Operativos🚓 Arroyo Seco y alrededores","Es un choque"
"-OwETA8tziCZ0BJuxonF","WhatsApp Bot","2026-06-28T18:23:16.124Z","accident","0","Grupo WhatsApp","Es un choque","🚔🚨Operativos🚓 Arroyo Seco y alrededores","Es un choque"
"-OwEdORA-IXSJhOixKTr","WhatsApp Bot","2026-06-28T19:12:18.222Z","checkpoint","0","Grupo WhatsApp","*GENTE LES RECUERDO QUE CUALQUIER PERSONA QUE VEA ALGUN OPERATIVO LO PUEDEN PASAR USTEDES MISMOS EN ","🔺SOLO OPERATIVOS DE TRÁNSITO (1)🔺","*GENTE LES RECUERDO QUE CUALQUIER PERSONA QUE VEA ALGUN OPERATIVO LO PUEDEN PASAR USTEDES MISMOS EN TIEMPO REAL SIN CONSULTARME O PASARMELO A MI.... GRACIAS👍*"
"-OwEhLXCJLWgA-PH2vl_","WhatsApp Bot","2026-06-28T19:29:34.896Z","municipal","0","Grupo WhatsApp","*⚠️✖️✖️⚠️FRANCIA Y GALVEZ.... SE MUDÓ AHORA EL OPERATIVO DE (FISCA) FISCALIZACION DE TRANSPORTE ( se","🔺SOLO OPERATIVOS DE TRÁNSITO (1)🔺","*⚠️✖️✖️⚠️FRANCIA Y GALVEZ.... SE MUDÓ AHORA EL OPERATIVO DE (FISCA) FISCALIZACION DE TRANSPORTE ( servicos publicos)🚖🚘🚘🚖 CON LA PLANCHA ITALIANA IVECO CON ALCOHOLEMIA🗣️🗣️⚠️✖️✖️⚠️*"
"-OwEqKdRconKaeXUia-U","WhatsApp Bot","2026-06-28T20:08:50.558Z","checkpoint","0","Grupo WhatsApp","Control en a o 12 entre las vías y rotonda ruta 21 pueblo Esther","🚔🚨Operativos🚓 Arroyo Seco y alrededores","Control en a o 12 entre las vías y rotonda ruta 21 pueblo Esther"
"-OwFAuax36BWXe7S-O09","WhatsApp Bot","2026-06-28T21:43:06.976Z","checkpoint","0","Grupo WhatsApp","*HOLA !!! LOS QUE QUIERAN COLABORAR CON LA BASE CENTRAL DE OPERATIVOS LO PUEDEN HACER MEDIANTE UN AL","🔺SOLO OPERATIVOS DE TRÁNSITO (1)🔺","*HOLA !!! LOS QUE QUIERAN COLABORAR CON LA BASE CENTRAL DE OPERATIVOS LO PUEDEN HACER MEDIANTE UN ALIAS DE MERCADO PAGO....EL QUE LO HAGA TIENE QUE PASAR EL COMPROBANTE POR PRIVADO PARA SER AGENDADO DE FORMA DIFERENTE PARA EL GRUPO CERRADO QUE ARMAREMOS A FUTURO.... Y MUCHAS GRACIAS A TODOS LOS QUE COLABORAN.... GRACIAS👍*"
"-OwFHTX6cp3xrHY5iO-z","WhatsApp Bot","2026-06-28T22:11:46.986Z","accident","0","Grupo WhatsApp","Choque","🚔🚨Operativos🚓 Arroyo Seco y alrededores","Choque"
"-OwFjrNIbSJYI5vtKRv2","WhatsApp Bot","2026-06-29T00:20:10.934Z","municipal","0","Grupo WhatsApp","*🚧📛📛🚧RIVADAVIA Y OROÑO DE TODAS LAS MANOS.... LLEGANDO EL POTENTE OPERATIVO DE TRÁNSITO CON ALCO","🔺SOLO OPERATIVOS DE TRÁNSITO (1)🔺","*🚧📛📛🚧RIVADAVIA Y OROÑO DE TODAS LAS MANOS.... LLEGANDO EL POTENTE OPERATIVO DE TRÁNSITO CON ALCOHOLEMIA🗣️🗣️ NARCOLEMIA Y THC CANNABIS CON EL CARRETON Y LAS GRUAS 🚘🛵🚘🛵A FULL IMPACT CON LA JEFA DE DIVISION TERESA BARBOSA (VIEJA BORRACHA COIMERA Y QUE NO SE QUIERE JUBILAR).... EVITEN ZONA!!!🚧📛📛🚧*"
"-OwG-4TJn3ey-28gr7KL","WhatsApp Bot","2026-06-29T01:31:02.967Z","municipal","0","Grupo WhatsApp","Bv. Oroño y Wheelright operativo de tránsito están por Wheelright.","🔺SOLO OPERATIVOS DE TRÁNSITO (1)🔺","Bv. Oroño y Wheelright operativo de tránsito están por Wheelright."
"-OwG-4aTb_q6ZAwmzmMy","WhatsApp Bot","2026-06-29T01:31:03.489Z","municipal","0","Grupo WhatsApp","Bv. Oroño y Wheelright operativo de tránsito están por Wheelright.","🔺SOLO OPERATIVOS DE TRÁNSITO (1)🔺","Bv. Oroño y Wheelright operativo de tránsito están por Wheelright."
"-OwG0qxpB3b2ZBabG7kM","WhatsApp Bot","2026-06-29T01:38:47.832Z","municipal","0","Grupo WhatsApp","*🚧📛📛🚧OVIDIOS LAGOS Y SALTA...SE MUDA EL POTENTE OPERATIVO DE TRÁNSITO CON ALCOHOLEMIA🗣️🗣️ NARC","🔺SOLO OPERATIVOS DE TRÁNSITO (1)🔺","*🚧📛📛🚧OVIDIOS LAGOS Y SALTA...SE MUDA EL POTENTE OPERATIVO DE TRÁNSITO CON ALCOHOLEMIA🗣️🗣️ NARCOLEMIA Y THC CANNABIS CON EL CARRETON Y LAS GRUAS 🚘🛵🚘🛵A FULL IMPACT CON LA JEFA DE DIVISION TERESA BARBOSA (VIEJA BORRACHA COIMERA Y QUE NO SE QUIERE JUBILAR).... EVITEN ZONA!!!🚧📛📛🚧*"
"-OwGN0nJFMjJP_lrszWT","WhatsApp Bot","2026-06-29T03:15:39.383Z","checkpoint","0","Grupo WhatsApp","Control P. Esther, Ruta 21 frente de Moro (Shell)","🚔🚨Operativos🚓 Arroyo Seco y alrededores","Control P. Esther, Ruta 21 frente de Moro (Shell)"
"-OwGN1qrL5vr5zf0qd4t","WhatsApp Bot","2026-06-29T03:15:43.706Z","checkpoint","0","Grupo WhatsApp","Control P. Esther, Ruta 21 frente de Moro (Shell)","🚔🚨Operativos🚓 Arroyo Seco y alrededores","Control P. Esther, Ruta 21 frente de Moro (Shell)"
"-OwGWoi9WmJDZNc2LgKg","WhatsApp Bot","2026-06-29T03:58:27.245Z","municipal","0","Grupo WhatsApp","*⚠️✖️✖️⚠️JUJUY ENTRE BALCARCE Y OROÑO.... SE MUDÓ EL OPERATIVO DE (FISCA) FISCALIZACION DE TRANSPORT","🔺SOLO OPERATIVOS DE TRÁNSITO (1)🔺","*⚠️✖️✖️⚠️JUJUY ENTRE BALCARCE Y OROÑO.... SE MUDÓ EL OPERATIVO DE (FISCA) FISCALIZACION DE TRANSPORTE (Servicios públicos)🚖🚘🚘🚖 CON LA PLANCHA ITALIANA IVECO CON ALCOHOLEMIA 🗣️🗣️⚠️✖️✖️⚠️*"
"-OwIJDx62t9m4Xq1BhW9","WhatsApp Bot","2026-06-29T12:18:19.112Z","municipal","0","Grupo WhatsApp","*⚠️✖️✖️⚠️MONTEVIDEO ENTRE PARANÁ Y CARRIEGO.... EL OPERATIVO DE (FISCA) FISCALIZACION DE TRANSPORTE ","🔺SOLO OPERATIVOS DE TRÁNSITO (1)🔺","*⚠️✖️✖️⚠️MONTEVIDEO ENTRE PARANÁ Y CARRIEGO.... EL OPERATIVO DE (FISCA) FISCALIZACION DE TRANSPORTE (servicios públicos) PARANDO TAXIS Y AUTOS 🚖🚘🚖 BUSCANDO REMISES TRUCHOS LOS UBER DIDI Y CABIFY NO HABILITADOS CON LA PLANCHA ASIATICA HYUNDAI⚠️✖️✖️⚠️*"
"-OwIQYWE4qrQYwVUxhfb","WhatsApp Bot","2026-06-29T12:50:18.353Z","municipal","0","Grupo WhatsApp","*🚧📛📛🚧MITRE Y 3 DE FEBRERO.... EL POTENTE OPERATIVO DE TRÁNSITO CON EL CARRETON Y ALRREDEDORES TA","🔺SOLO OPERATIVOS DE TRÁNSITO (1)🔺","*🚧📛📛🚧MITRE Y 3 DE FEBRERO.... EL POTENTE OPERATIVO DE TRÁNSITO CON EL CARRETON Y ALRREDEDORES TAMBIEN TE LLEVAN AL OPERATIVO CHUPANDO MOTOS 🛵🏍️🛵A FULL IMPACT CON EL JEFE DE DIVISION RICARDO ROHRER (ALIAS RIO RIO) CON EL TERCIO DELTA DE POLICIA MOTORIZADA.... EVITEN ZONA!!!🚧📛📛🚧*"
"-OwIRkjBxmq3hc5bxvlM","WhatsApp Bot","2026-06-29T12:55:34.638Z","municipal","0","Grupo WhatsApp","*🚧📛📛🚧ENTRE RÍOS Y RIOJA.... EL POTENTE OPERATIVO DE TRÁNSITO CON EL CARRETON Y ALRREDEDORES TAMB","🔺SOLO OPERATIVOS DE TRÁNSITO (1)🔺","*🚧📛📛🚧ENTRE RÍOS Y RIOJA.... EL POTENTE OPERATIVO DE TRÁNSITO CON EL CARRETON Y ALRREDEDORES TAMBIEN TE LLEVAN AL OPERATIVO CHUPANDO MOTOS 🛵🏍️🛵A FULL IMPACT CON EL JEFE DE DIVISION RICARDO ROHRER (ALIAS RIO RIO) CON EL TERCIO DELTA DE POLICIA MOTORIZADA.... EVITEN ZONA!!!🚧📛📛🚧*"
"-OwIa6lR20OWKhc2DrMN","WhatsApp Bot","2026-06-29T13:36:28.285Z","municipal","0","Grupo WhatsApp","*⚠️✖️✖️⚠️MONTEVIDEO ENTRE SUIPACHA Y RICHIERI....SE MUDÓ EL OPERATIVO DE (FISCA) FISCALIZACION DE TR","🔺SOLO OPERATIVOS DE TRÁNSITO (1)🔺","*⚠️✖️✖️⚠️MONTEVIDEO ENTRE SUIPACHA Y RICHIERI....SE MUDÓ EL OPERATIVO DE (FISCA) FISCALIZACION DE TRANSPORTE (servicios públicos) PARANDO TAXIS Y AUTOS 🚖🚘🚖 BUSCANDO REMISES TRUCHOS LOS UBER DIDI Y CABIFY NO HABILITADOS CON LA PLANCHA ASIATICA HYUNDAI⚠️✖️✖️⚠️*"
"-OwJWpMjGkuYBxQwL3z4","WhatsApp Bot","2026-06-29T17:57:21.616Z","checkpoint","0","Grupo WhatsApp","Control acceso d lagos autopista","🚔🚨Operativos🚓 Arroyo Seco y alrededores","Control acceso d lagos autopista"
"-OwJX4xX3DpkJtgcImLs","WhatsApp Bot","2026-06-29T17:58:29.571Z","municipal","0","Grupo WhatsApp","Poli y zorros","🚔🚨Operativos🚓 Arroyo Seco y alrededores","Poli y zorros"
"-OwJXMEs3qG4vDa6k2Ed","WhatsApp Bot","2026-06-29T17:59:40.377Z","municipal","0","Grupo WhatsApp","*⚠️✖️✖️⚠️ARIJON ENTRE ESPAÑA Y PTE ROCA AMBAS MANOS.... EL ATROZ OPERATIVO DE (FISCA) FISCALIZACIÓN ","🔺SOLO OPERATIVOS DE TRÁNSITO (1)🔺","*⚠️✖️✖️⚠️ARIJON ENTRE ESPAÑA Y PTE ROCA AMBAS MANOS.... EL ATROZ OPERATIVO DE (FISCA) FISCALIZACIÓN DE TRANSPORTE (servicios públicos) PARANDO TAXIS Y AUTOS 🚖🚘🚖BUSCANDO REMISES TRUCHOS LOS UBER DIDI Y CABIFY NO HABILITADOS CON LA PLANCHA ITALIANA IVECO⚠️✖️✖️⚠️*"
"-OwJYSHja1DatQQ65M8N","WhatsApp Bot","2026-06-29T18:04:27.280Z","municipal","0","Grupo WhatsApp","*OJO CON FISCA☝️*","🔺SOLO OPERATIVOS DE TRÁNSITO (1)🔺","*OJO CON FISCA☝️*"
"-OwJbx6dDuciX7muYsk-","WhatsApp Bot","2026-06-29T18:24:06.217Z","municipal","0","Grupo WhatsApp","*☝️🚧📛📛🚧CONFIRMADO PARAGUAY ENTRE MENDOZA Y 3 DE FEBRERO EL OPERATIVO DE TRÁNSITO CON EL CARRETON","🔺SOLO OPERATIVOS DE TRÁNSITO (1)🔺","*☝️🚧📛📛🚧CONFIRMADO PARAGUAY ENTRE MENDOZA Y 3 DE FEBRERO EL OPERATIVO DE TRÁNSITO CON EL CARRETON🚧📛📛🚧*"
"-OwJqfFN19oWMq5bcSnf","WhatsApp Bot","2026-06-29T19:28:25.209Z","checkpoint","0","Grupo WhatsApp","Control ambas manos primer paso nivel fighiera","🚔🚨Operativos🚓 Arroyo Seco y alrededores","Control ambas manos primer paso nivel fighiera"
"-OwJqwWhBdaqsVaZUMih","WhatsApp Bot","2026-06-29T19:29:35.950Z","checkpoint","0","Grupo WhatsApp","Buenas tardes! Control en la entrada de la shell","🚔🚨Operativos🚓 Arroyo Seco y alrededores","Buenas tardes! Control en la entrada de la shell"
"-OwJqwnHB-2dEvnPaBVr","WhatsApp Bot","2026-06-29T19:29:37.075Z","checkpoint","0","Grupo WhatsApp","Buenas tardes! Control en la entrada de la shell","🚔🚨Operativos🚓 Arroyo Seco y alrededores","Buenas tardes! Control en la entrada de la shell"
"-OwJqxynfu67KQYhj3_a","WhatsApp Bot","2026-06-29T19:29:41.908Z","police","0","Grupo WhatsApp","Control en la Shell del acceso arroyo seco está tránsito y policía parando","🚔🚨Operativos🚓 Arroyo Seco y alrededores","Control en la Shell del acceso arroyo seco está tránsito y policía parando"
"-OwJqyIEeswNOGlFaysp","WhatsApp Bot","2026-06-29T19:29:43.216Z","police","0","Grupo WhatsApp","Control en la Shell del acceso arroyo seco está tránsito y policía parando","🚔🚨Operativos🚓 Arroyo Seco y alrededores","Control en la Shell del acceso arroyo seco está tránsito y policía parando"
"-OwK7ViP--QO6caQQmTu","WhatsApp Bot","2026-06-29T20:46:20.667Z","checkpoint","0","Grupo WhatsApp","Sigue el operativo en fighiera","🚔🚨Operativos🚓 Arroyo Seco y alrededores","Sigue el operativo en fighiera"
"-OwKSHIzMtOL5SjoEcVk","WhatsApp Bot","2026-06-29T22:17:06.598Z","checkpoint","0","Grupo WhatsApp","Operativos en el peaje y en el acceso a lagos","🚔🚨Operativos🚓 Arroyo Seco y alrededores","Operativos en el peaje y en el acceso a lagos"
"-OwKXo9DGf3dvvaKTNVx","WhatsApp Bot","2026-06-29T22:41:15.954Z","checkpoint","0","Grupo WhatsApp","Control al frente del ladrilleros en pueblo esther  y en el puente saliendo de pueblo esther.","🚔🚨Operativos🚓 Arroyo Seco y alrededores","Control al frente del ladrilleros en pueblo esther  y en el puente saliendo de pueblo esther."
"-OwKZWsm5Kr3bMDV2sxH","WhatsApp Bot","2026-06-29T22:48:45.398Z","checkpoint","0","Grupo WhatsApp","No es operativo el del ladrillero es q guían el tránsito","🚔🚨Operativos🚓 Arroyo Seco y alrededores","No es operativo el del ladrillero es q guían el tránsito"
"-OwKuWN_zGk1MNunK1jB","WhatsApp Bot","2026-06-30T00:24:50.505Z","checkpoint","0","Grupo WhatsApp","Control al frente del ladrilleros en pueblo esther  y en el puente saliendo de pueblo esther.","🚔🚨Operativos🚓 Arroyo Seco y alrededores","Control al frente del ladrilleros en pueblo esther  y en el puente saliendo de pueblo esther."
"-OwL7ykvIhDrLOTZtefS","WhatsApp Bot","2026-06-30T01:28:00.863Z","checkpoint","0","Grupo WhatsApp","Operativo enfrente de la YPF de pueblo esther","🚔🚨Operativos🚓 Arroyo Seco y alrededores","Operativo enfrente de la YPF de pueblo esther"
"-OwL7yncVd4YD5tcslkc","WhatsApp Bot","2026-06-30T01:28:01.036Z","checkpoint","0","Grupo WhatsApp","Operativo enfrente de la YPF de pueblo esther","🚔🚨Operativos🚓 Arroyo Seco y alrededores","Operativo enfrente de la YPF de pueblo esther"
"-OwLCIoJq-oXBK1eLT2P","WhatsApp Bot","2026-06-30T01:46:55.672Z","police","0","Grupo WhatsApp","La policía en la ruta 21lagos","🚔🚨Operativos🚓 Arroyo Seco y alrededores","La policía en la ruta 21lagos"
"-OwN81SM-Hv_L88bW_w2","WhatsApp Bot","2026-06-30T10:47:30.429Z","checkpoint","0","Grupo WhatsApp","Preparándo control en fighiera  lado norte","🚔🚨Operativos🚓 Arroyo Seco y alrededores","Preparándo control en fighiera  lado norte"
"-OwNNPa1F8ZqWqS_UbGK","WhatsApp Bot","2026-06-30T11:54:41.448Z","accident","0","Grupo WhatsApp","Accidente en acceso Arroyo","🚔🚨Operativos🚓 Arroyo Seco y alrededores","Accidente en acceso Arroyo"
"-OwNcxzfcjzbHJMJB7GN","WhatsApp Bot","2026-06-30T13:07:00.753Z","checkpoint","0","Grupo WhatsApp","Solo operativo gracias","🚔🚨Operativos🚓 Arroyo Seco y alrededores","Solo operativo gracias"
"-OwNcyE50PleyJOh5Spc","WhatsApp Bot","2026-06-30T13:07:01.740Z","checkpoint","0","Grupo WhatsApp","Solo operativo gracias","🚔🚨Operativos🚓 Arroyo Seco y alrededores","Solo operativo gracias"
"-OwOefY-pVvpbH_-OIjT","WhatsApp Bot","2026-06-30T17:54:06.694Z","municipal","0","Grupo WhatsApp","*🚧📛📛🚧ATENCION ... PASADAS LA 15 HS SARMIENTO ENTRE URQUIZA Y SAN LORENZO.... LLEGA EL POTENTE OP","🔺SOLO OPERATIVOS DE TRÁNSITO (1)🔺","*🚧📛📛🚧ATENCION ... PASADAS LA 15 HS SARMIENTO ENTRE URQUIZA Y SAN LORENZO.... LLEGA EL POTENTE OPERATIVO DE TRÁNSITO CON EL CARRETON Y ALRREDEDORES TAMBIEN TE LLEVAN AL OPERATIVO CHUPANDO MOTOS 🛵🏍️🛵🏍️A FULL IMPACT CON EL JEFE DE DIVISION DAMIAN FERNÁNDEZ (EL CHUPACHICHI) CON EL TERCIO DELTA DE POLICIA MOTORIZADA.... EVITEN ZONA A PARTIR DE ESE HORARIO!!!🚧📛📛🚧*"
"-OwOfjY_rsKsrRxu5AZZ","WhatsApp Bot","2026-06-30T17:58:45.259Z","municipal","0","Grupo WhatsApp","*⚠️✖️✖️⚠️SARMIENTO ENTRE GALVEZ Y VIRASORO Y POR GÁLVEZ TAMBIEN...EL OPERATIVO DE (FISCA) FISCALIZAC","🔺SOLO OPERATIVOS DE TRÁNSITO (1)🔺","*⚠️✖️✖️⚠️SARMIENTO ENTRE GALVEZ Y VIRASORO Y POR GÁLVEZ TAMBIEN...EL OPERATIVO DE (FISCA) FISCALIZACION DE TRANSPORTE (Servicios públicos) PARANDO TAXIS Y AUTOS 🚖🚘🚖BUSCANDO REMISES TRUCHOS LOS UBER DIDI Y CABIFY NO HABILITADOS CON LA PLANCHA ITALIANA IVECO⚠️✖️✖️⚠️*"
"-OwOnefpG8fD809pwm2-","WhatsApp Bot","2026-06-30T18:33:22.458Z","municipal","0","Grupo WhatsApp","27 y avellaneda  tránsito y policía sacando motos.. avellaneda entre ocampo y 27 mano al sur","🔺SOLO OPERATIVOS DE TRÁNSITO (1)🔺","27 y avellaneda  tránsito y policía sacando motos.. avellaneda entre ocampo y 27 mano al sur"
"-OwOnevdV6mioUC7aAbb","WhatsApp Bot","2026-06-30T18:33:23.471Z","municipal","0","Grupo WhatsApp","27 y avellaneda  tránsito y policía sacando motos.. avellaneda entre ocampo y 27 mano al sur","🔺SOLO OPERATIVOS DE TRÁNSITO (1)🔺","27 y avellaneda  tránsito y policía sacando motos.. avellaneda entre ocampo y 27 mano al sur"
"-OwOuDGOYwOwUoAsqPfl","WhatsApp Bot","2026-06-30T19:02:01.087Z","municipal","0","Grupo WhatsApp","*⚠️✖️✖️AV DEL ROSARIO ENTRE BERMUDEZ Y BUENOS AIRES...SE MUDÓ EL OPERATIVO DE (FISCA) FISCALIZACION ","🔺SOLO OPERATIVOS DE TRÁNSITO (1)🔺","*⚠️✖️✖️AV DEL ROSARIO ENTRE BERMUDEZ Y BUENOS AIRES...SE MUDÓ EL OPERATIVO DE (FISCA) FISCALIZACION DE TRANSPORTE (Servicios públicos) PARANDO TAXIS Y AUTOS 🚖🚘🚖BUSCANDO REMISES TRUCHOS LOS UBER DIDI Y CABIFY NO HABILITADOS CON LA PLANCHA ITALIANA IVECO⚠️✖️✖️⚠️*"
"-OwPE7RssQ9yBy1miMiO","WhatsApp Bot","2026-06-30T20:33:22.269Z","checkpoint","0","Grupo WhatsApp","Control acceso lagos","🚔🚨Operativos🚓 Arroyo Seco y alrededores","Control acceso lagos"
"-OwPKq5iN__j5qaEOhCA","WhatsApp Bot","2026-06-30T21:02:42.132Z","checkpoint","0","Grupo WhatsApp","Sigue el operativo en acesso lagos ( recién pase)","🚔🚨Operativos🚓 Arroyo Seco y alrededores","Sigue el operativo en acesso lagos ( recién pase)"
"-OwPQbtMf4wc1jTpPI-I","WhatsApp Bot","2026-06-30T21:27:56.797Z","checkpoint","0","Grupo WhatsApp","Operativo en la Shell de pueblo esther","🚔🚨Operativos🚓 Arroyo Seco y alrededores","Operativo en la Shell de pueblo esther"
"-OwPQc8clIbD1iQ3SWvf","WhatsApp Bot","2026-06-30T21:27:57.837Z","checkpoint","0","Grupo WhatsApp","Operativo en la Shell de pueblo esther","🚔🚨Operativos🚓 Arroyo Seco y alrededores","Operativo en la Shell de pueblo esther"
"-OwPVz_E5t83IGgSlhTP","WhatsApp Bot","2026-06-30T21:51:24.533Z","checkpoint","0","Grupo WhatsApp","*HOLA !!! LOS QUE QUIERAN COLABORAR CON LA BASE CENTRAL DE OPERATIVOS LO PUEDEN HACER MEDIANTE UN AL","🔺SOLO OPERATIVOS DE TRÁNSITO (1)🔺","*HOLA !!! LOS QUE QUIERAN COLABORAR CON LA BASE CENTRAL DE OPERATIVOS LO PUEDEN HACER MEDIANTE UN ALIAS DE MERCADO PAGO....EL QUE LO HAGA TIENE QUE PASAR EL COMPROBANTE POR PRIVADO PARA SER AGENDADO DE FORMA DIFERENTE PARA EL GRUPO CERRADO QUE ARMAREMOS A FUTURO.... Y MUCHAS GRACIAS A TODOS LOS QUE COLABORAN.... GRACIAS👍*"
"-OwPb3oIuCSXI-gQU-EC","WhatsApp Bot","2026-06-30T22:17:58.841Z","checkpoint","0","Grupo WhatsApp","Operativo en figuiera frwnte ypf","🚔🚨Operativos🚓 Arroyo Seco y alrededores","Operativo en figuiera frwnte ypf"
"-OwQOchImv5s9XFUxH7a","WhatsApp Bot","2026-07-01T01:58:53.048Z","checkpoint","0","Grupo WhatsApp","Control en la entrada de lagos lado de la virgen","🚔🚨Operativos🚓 Arroyo Seco y alrededores","Control en la entrada de lagos lado de la virgen"
"-OwQTurTa-OjlfaOJm2M","WhatsApp Bot","2026-07-01T02:21:58.148Z","checkpoint","0","Grupo WhatsApp","operativo A012 y las vias","🚔🚨Operativos🚓 Arroyo Seco y alrededores","operativo A012 y las vias"
"-OwS9JSdrZkvXAJ5svm1","WhatsApp Bot","2026-07-01T10:11:12.399Z","municipal","0","Grupo WhatsApp","Vamos a ver motos a las 9","Admin Privado","Vamos a ver motos a las 9"
"-OwS9JTxmXC3DuWrm1Y4","WhatsApp Bot","2026-07-01T10:11:12.483Z","municipal","0","Grupo WhatsApp","Vamos a ver motos a las 9","Admin Privado","Vamos a ver motos a las 9"
"-OwSS629RgI7bgOzM-y_","WhatsApp Bot","2026-07-01T11:33:18.191Z","municipal","0","Grupo WhatsApp","Abren a las 10 los de las motos","Admin Privado","Abren a las 10 los de las motos"
"-OwTQ4TQpQ0uZ4qVREHB","WhatsApp Bot","2026-07-01T16:04:04.670Z","accident","0","Grupo WhatsApp","Solicitar información en el Tribunal o FiscalíaComo el choque fue un siniestro vial fatal bajo inves","Admin Privado","Solicitar información en el Tribunal o FiscalíaComo el choque fue un siniestro vial fatal bajo investigación judicial (a cargo de la Fiscalía de Siniestros Viales y Delitos Culposos), el expediente penal se actualiza obligatoriamente si el conductor del taxi fallece a causa de las lesiones del impacto.Si tenías algún vínculo legal o compartías abogado con el entorno de Juan Flores (el pasajero fallecido), en la misma causa figura el acta de defunción judicializada.3. Registro Civil de Santa FeSi necesitás el dato para un trámite oficial, podés solicitar una partida de defunción de forma online a través de la web oficial de la Provincia de Santa Fe. Necesitarás registrarte, ingresar sus datos completos y abonar la tasa correspondiente para que te envíen el acta digitalizada donde consta el día y la hora del fallecimiento."
"-OwUdX1HnUBTUNIWJFBj","WhatsApp Bot","2026-07-01T21:46:48.886Z","traffic","0","Grupo WhatsApp","Tránsito a pie. 2 que sacan fotos y multan a los autos mal estacionados por caferatta entre córdoba ","🔺SOLO OPERATIVOS DE TRÁNSITO (1)🔺","Tránsito a pie. 2 que sacan fotos y multan a los autos mal estacionados por caferatta entre córdoba y sta fe"
"-OwUl-KuOF-cr07RMkgN","WhatsApp Bot","2026-07-01T22:19:28.030Z","checkpoint","0","Grupo WhatsApp","Control en Oroño y R21. Pueblo Esther","🚔🚨Operativos🚓 Arroyo Seco y alrededores","Control en Oroño y R21. Pueblo Esther"
"-OwUl-XM7eDAzomNySkA","WhatsApp Bot","2026-07-01T22:19:28.827Z","checkpoint","0","Grupo WhatsApp","Control en Oroño y R21. Pueblo Esther","🚔🚨Operativos🚓 Arroyo Seco y alrededores","Control en Oroño y R21. Pueblo Esther"
"-OwUlOTV8f9zh2v4MIZY","WhatsApp Bot","2026-07-01T22:21:10.980Z","checkpoint","0","Grupo WhatsApp","Se está armando operativo en Casiano casas y miller","🔺SOLO OPERATIVOS DE TRÁNSITO (1)🔺","Se está armando operativo en Casiano casas y miller"
"-OwUt3G78zRtu54AqFRd","WhatsApp Bot","2026-07-01T22:54:41.259Z","traffic","0","Grupo WhatsApp","Tránsito a pie. 2 que sacan fotos y multan a los autos mal estacionados por caferatta entre córdoba ","🔺SOLO OPERATIVOS DE TRÁNSITO (1)🔺","Tránsito a pie. 2 que sacan fotos y multan a los autos mal estacionados por caferatta entre córdoba y sta fe"
"-OwVBaZYYLCcJGOwKMHu","WhatsApp Bot","2026-07-02T00:20:02.504Z","checkpoint","0","Grupo WhatsApp","Operativo en R21, ALTURA YPF","🚔🚨Operativos🚓 Arroyo Seco y alrededores","Operativo en R21, ALTURA YPF"
"-OwVBbqkG_SgGpy3_zYv","WhatsApp Bot","2026-07-02T00:20:07.765Z","checkpoint","0","Grupo WhatsApp","Operativo en R21, ALTURA YPF","🚔🚨Operativos🚓 Arroyo Seco y alrededores","Operativo en R21, ALTURA YPF"
"-OwVBdB3QEG0nG22pSwm","WhatsApp Bot","2026-07-02T00:20:13.225Z","police","0","Grupo WhatsApp","CAU Y LA POLICÍA","🚔🚨Operativos🚓 Arroyo Seco y alrededores","CAU Y LA POLICÍA"
"-OwVBdEli8Rd_mdm58uF","WhatsApp Bot","2026-07-02T00:20:13.462Z","police","0","Grupo WhatsApp","CAU Y LA POLICÍA","🚔🚨Operativos🚓 Arroyo Seco y alrededores","CAU Y LA POLICÍA"
"-OwVVX7OA4LBhvcg_hYb","WhatsApp Bot","2026-07-02T01:47:07.198Z","checkpoint","0","Grupo WhatsApp","Control en la entrada de Lagos","🚔🚨Operativos🚓 Arroyo Seco y alrededores","Control en la entrada de Lagos"
"-OwVVYYP884LuINmTMwA","WhatsApp Bot","2026-07-02T01:47:13.023Z","checkpoint","0","Grupo WhatsApp","Control en la entrada de Lagos","🚔🚨Operativos🚓 Arroyo Seco y alrededores","Control en la entrada de Lagos"
"-OwV_oJnCOysXOFPKKdT","WhatsApp Bot","2026-07-02T02:10:12.440Z","checkpoint","0","Grupo WhatsApp","Están preparando operativo por ao12 y las vías","🚔🚨Operativos🚓 Arroyo Seco y alrededores","Están preparando operativo por ao12 y las vías"
"-OwV_oYm9U1LdvId3vd3","WhatsApp Bot","2026-07-02T02:10:13.399Z","checkpoint","0","Grupo WhatsApp","Están preparando operativo por ao12 y las vías","🚔🚨Operativos🚓 Arroyo Seco y alrededores","Están preparando operativo por ao12 y las vías"
"-OwXUsZCUFRgYu6q_SFZ","WhatsApp Bot","2026-07-02T11:03:31.376Z","checkpoint","0","Grupo WhatsApp","Operativo en fighiera frente estacion de servicio carocci","🚔🚨Operativos🚓 Arroyo Seco y alrededores","Operativo en fighiera frente estacion de servicio carocci"
"-OwXlUp7PJceaV7hISyW","WhatsApp Bot","2026-07-02T12:20:28.651Z","municipal","0","Grupo WhatsApp","La vimos en santino motos personalmente","Admin Privado","La vimos en santino motos personalmente"
"-OwZ0NICphuKO4OXuOak","WhatsApp Bot","2026-07-02T18:09:29.327Z","accident","0","Grupo WhatsApp","Accidente","🚔🚨Operativos🚓 Arroyo Seco y alrededores","Accidente"
"-OwZ0N_yQiex6ta7FJGl","WhatsApp Bot","2026-07-02T18:09:30.529Z","accident","0","Grupo WhatsApp","Accidente","🚔🚨Operativos🚓 Arroyo Seco y alrededores","Accidente"
"-OwZJcrOE5nFz_YkTHRr","WhatsApp Bot","2026-07-02T19:33:37.916Z","checkpoint","0","Grupo WhatsApp","Súper operativo ruta 21 y camino de tierra pasando ger","🚔🚨Operativos🚓 Arroyo Seco y alrededores","Súper operativo ruta 21 y camino de tierra pasando ger"
"-OwZJgD9ZcKOP8b3e8ix","WhatsApp Bot","2026-07-02T19:33:51.661Z","police","0","Grupo WhatsApp","Policía vial tránsito policía de ambas manos","🚔🚨Operativos🚓 Arroyo Seco y alrededores","Policía vial tránsito policía de ambas manos"
"-OwZJxxbfzCvrq9o-R5A","WhatsApp Bot","2026-07-02T19:35:04.330Z","police","0","Grupo WhatsApp","Hay 50 de gorra. No se salva uno","🚔🚨Operativos🚓 Arroyo Seco y alrededores","Hay 50 de gorra. No se salva uno"
"-OwZOL0eM9I_bv4N6OG2","WhatsApp Bot","2026-07-02T19:54:11.469Z","checkpoint","0","Grupo WhatsApp","Recién llego a Arroyo y entrando a Lagos un tremendo operativo","🚔🚨Operativos🚓 Arroyo Seco y alrededores","Recién llego a Arroyo y entrando a Lagos un tremendo operativo"
"-OwZOLH8aNqgmUrPesut","WhatsApp Bot","2026-07-02T19:54:12.524Z","checkpoint","0","Grupo WhatsApp","Recién llego a Arroyo y entrando a Lagos un tremendo operativo","🚔🚨Operativos🚓 Arroyo Seco y alrededores","Recién llego a Arroyo y entrando a Lagos un tremendo operativo"
"-OwZQl3s64C_4_Fsfsf1","WhatsApp Bot","2026-07-02T20:04:46.555Z","police","0","Grupo WhatsApp","Ruta 21 fighiera policía parando enfrente de la YPF","🚔🚨Operativos🚓 Arroyo Seco y alrededores","Ruta 21 fighiera policía parando enfrente de la YPF"
"-OwZQlKULkQoBB-C3Npv","WhatsApp Bot","2026-07-02T20:04:47.618Z","police","0","Grupo WhatsApp","Ruta 21 fighiera policía parando enfrente de la YPF","🚔🚨Operativos🚓 Arroyo Seco y alrededores","Ruta 21 fighiera policía parando enfrente de la YPF"
"-OwZnj1p9P7IwZM1tahL","WhatsApp Bot","2026-07-02T21:49:29.689Z","checkpoint","0","Grupo WhatsApp","*HOLA !!! LOS QUE QUIERAN COLABORAR CON LA BASE CENTRAL DE OPERATIVOS LO PUEDEN HACER MEDIANTE UN AL","🔺SOLO OPERATIVOS DE TRÁNSITO (1)🔺","*HOLA !!! LOS QUE QUIERAN COLABORAR CON LA BASE CENTRAL DE OPERATIVOS LO PUEDEN HACER MEDIANTE UN ALIAS DE MERCADO PAGO....EL QUE LO HAGA TIENE QUE PASAR EL COMPROBANTE POR PRIVADO PARA SER AGENDADO DE FORMA DIFERENTE PARA EL GRUPO CERRADO QUE ARMAREMOS A FUTURO.... Y MUCHAS GRACIAS A TODOS LOS QUE COLABORAN.... GRACIAS👍*"
"-OwaEg3u1TUUzk1Ig1f1","WhatsApp Bot","2026-07-03T04:31:14.786Z","municipal","0","Grupo WhatsApp","*🚧📛📛🚧SARMIENTO Y PASCO ... SE MUDÓ EL POTENTE OPERATIVO DE TRÁNSITO CON ALCOHOLEMIA🗣️🗣️ NARCOL","🔺SOLO OPERATIVOS DE TRÁNSITO (1)🔺","*🚧📛📛🚧SARMIENTO Y PASCO ... SE MUDÓ EL POTENTE OPERATIVO DE TRÁNSITO CON ALCOHOLEMIA🗣️🗣️ NARCOLEMIA Y THC CANNABIS CON EL CARRETON Y LAS GRUAS 🚘🛵🚘🛵A FULL IMPACT CON EL JEFE DE DIVISION HORACIO CAMERO (ALIAS CAMARON).... EVITEN ZONA!!!🚧📛📛🚧*"
"-OwaEgAyt0Qrn7iZqRUx","WhatsApp Bot","2026-07-03T04:31:15.238Z","municipal","0","Grupo WhatsApp","*🚧📛📛🚧SARMIENTO Y PASCO ... SE MUDÓ EL POTENTE OPERATIVO DE TRÁNSITO CON ALCOHOLEMIA🗣️🗣️ NARCOL","🔺SOLO OPERATIVOS DE TRÁNSITO (1)🔺","*🚧📛📛🚧SARMIENTO Y PASCO ... SE MUDÓ EL POTENTE OPERATIVO DE TRÁNSITO CON ALCOHOLEMIA🗣️🗣️ NARCOLEMIA Y THC CANNABIS CON EL CARRETON Y LAS GRUAS 🚘🛵🚘🛵A FULL IMPACT CON EL JEFE DE DIVISION HORACIO CAMERO (ALIAS CAMARON).... EVITEN ZONA!!!🚧📛📛🚧*"
"-Owc4IY7dNTfU2B8bkeN","WhatsApp Bot","2026-07-03T13:05:07.308Z","checkpoint","0","Grupo WhatsApp","R21 y Oroño pueblo esther operativo","🚔🚨Operativos🚓 Arroyo Seco y alrededores","R21 y Oroño pueblo esther operativo"
"-Owc4JrkmlxsLlJQSnd_","WhatsApp Bot","2026-07-03T13:05:12.724Z","checkpoint","0","Grupo WhatsApp","R21 y Oroño pueblo esther operativo","🚔🚨Operativos🚓 Arroyo Seco y alrededores","R21 y Oroño pueblo esther operativo"
"-OwcwOLjqAM9PrFk3mkh","WhatsApp Bot","2026-07-03T17:05:49.011Z","radar","0","Grupo WhatsApp","Usa la cámara del cel","Admin Privado","Usa la cámara del cel"
"-Owd2gKX4KkuKjV6RK_C","WhatsApp Bot","2026-07-03T17:37:41.766Z","checkpoint","0","Grupo WhatsApp","27 y 21 pueblo esther control mano a arroyo","🚔🚨Operativos🚓 Arroyo Seco y alrededores","27 y 21 pueblo esther control mano a arroyo"
"-Owd2hDwTHduNObtgJI0","WhatsApp Bot","2026-07-03T17:37:45.440Z","checkpoint","0","Grupo WhatsApp","27 y 21 pueblo esther control mano a arroyo","🚔🚨Operativos🚓 Arroyo Seco y alrededores","27 y 21 pueblo esther control mano a arroyo"
"-OwdBkPVk-p8vEzlXuqS","WhatsApp Bot","2026-07-03T18:17:17.764Z","police","0","Grupo WhatsApp","Policías ingreso a lagos por autopista","🚔🚨Operativos🚓 Arroyo Seco y alrededores","Policías ingreso a lagos por autopista"
"-OwdBkYlkpS25LvhmQHX","WhatsApp Bot","2026-07-03T18:17:18.357Z","police","0","Grupo WhatsApp","Policías ingreso a lagos por autopista","🚔🚨Operativos🚓 Arroyo Seco y alrededores","Policías ingreso a lagos por autopista"
"-OwdBm7vzGgaUDli9IJy","WhatsApp Bot","2026-07-03T18:17:24.831Z","police","0","Grupo WhatsApp","Policías ingreso a lagos por autopista","🚔🚨Operativos🚓 Arroyo Seco y alrededores","Policías ingreso a lagos por autopista"
"-OwdE-Vv5Qg3ltkCk28A","WhatsApp Bot","2026-07-03T18:27:07.999Z","radar","0","Grupo WhatsApp","Arijon pasando Buenos Aires
RADAR DE VELOCIDAD 
MAX 60","🔺SOLO OPERATIVOS DE TRÁNSITO (1)🔺","Arijon pasando Buenos Aires
RADAR DE VELOCIDAD 
MAX 60"
"-Owdwd5tq1DIoMaJSkXi","WhatsApp Bot","2026-07-03T21:46:30.749Z","police","0","Grupo WhatsApp","Op cana y chau
R21 y 27","🚔🚨Operativos🚓 Arroyo Seco y alrededores","Op cana y chau
R21 y 27"
"-OwehQ_v2EzXfYa9LD_6","WhatsApp Bot","2026-07-04T01:19:40.447Z","traffic","0","Grupo WhatsApp","Tránsito pasando santa fe por avellaneda","🔺SOLO OPERATIVOS DE TRÁNSITO (1)🔺","Tránsito pasando santa fe por avellaneda"
"-OwezBJ3Kdw2ymJNieHZ","WhatsApp Bot","2026-07-04T02:37:16.570Z","municipal","0","Grupo WhatsApp","VERA MUJICA ENTRE URQUIZA Y SAN LORENZO FISCA PARANDO","🔺SOLO OPERATIVOS DE TRÁNSITO (1)🔺","VERA MUJICA ENTRE URQUIZA Y SAN LORENZO FISCA PARANDO"
"-OwhA8v7f8bqxmzxco7s","WhatsApp Bot","2026-07-04T12:48:46.837Z","municipal","0","Grupo WhatsApp","*⚠️✖️✖️⚠️27 DE FEBRERO ENTRE SARMIENTO Y MITRE AMBAS MANOS.... EL ATROZ OPERATIVO DE FISCA FISCALIZA","🔺SOLO OPERATIVOS DE TRÁNSITO (1)🔺","*⚠️✖️✖️⚠️27 DE FEBRERO ENTRE SARMIENTO Y MITRE AMBAS MANOS.... EL ATROZ OPERATIVO DE FISCA FISCALIZACION DE TRANSPORTE ( servicios públicos) PARANDO TAXIS Y AUTOS 🚖🚘🚖BUSCANDO REMISES TRUCHOS LOS UBER DIDI Y CABIFY NO HABILITADOS CON LA PLANCHA ITALIANA IVECO⚠️✖️✖️⚠️*"
"-OwhGcIOsYRCUeuEfDuC","WhatsApp Bot","2026-07-04T13:17:04.134Z","police","0","Grupo WhatsApp","Acceso autopista lagos está la.policia","🚔🚨Operativos🚓 Arroyo Seco y alrededores","Acceso autopista lagos está la.policia"
"-OwhOU52JWFXRPH0l8Oi","WhatsApp Bot","2026-07-04T13:51:23.558Z","municipal","0","Grupo WhatsApp","*⚠️✖️✖️⚠️OROÑO Y SAAVEDRA MANO ALNORTE....SE MUDO EL FEROZ OPERATIVO DE (FISCA) FISCALIZACION DE TRA","🔺SOLO OPERATIVOS DE TRÁNSITO (1)🔺","*⚠️✖️✖️⚠️OROÑO Y SAAVEDRA MANO ALNORTE....SE MUDO EL FEROZ OPERATIVO DE (FISCA) FISCALIZACION DE TRANSPORTE ( servicios públicos) PARANDO TAXIS Y AUTOS 🚖🚘🚖BUSCANDO REMISES TRUCHOS LOS UBER DIDI Y CABIFY NO HABILITADOS CON LA PLANCHA ITALIANA IVECO⚠️✖️✖️⚠️*"
"-OwhOUB4rqEz7mJWK1qL","WhatsApp Bot","2026-07-04T13:51:23.944Z","municipal","0","Grupo WhatsApp","*⚠️✖️✖️⚠️OROÑO Y SAAVEDRA MANO ALNORTE....SE MUDO EL FEROZ OPERATIVO DE (FISCA) FISCALIZACION DE TRA","🔺SOLO OPERATIVOS DE TRÁNSITO (1)🔺","*⚠️✖️✖️⚠️OROÑO Y SAAVEDRA MANO ALNORTE....SE MUDO EL FEROZ OPERATIVO DE (FISCA) FISCALIZACION DE TRANSPORTE ( servicios públicos) PARANDO TAXIS Y AUTOS 🚖🚘🚖BUSCANDO REMISES TRUCHOS LOS UBER DIDI Y CABIFY NO HABILITADOS CON LA PLANCHA ITALIANA IVECO⚠️✖️✖️⚠️*"
"-OwhkDvgUHVAao6xB9Kw","WhatsApp Bot","2026-07-04T15:30:46.671Z","checkpoint","0","Grupo WhatsApp","*HOLA !!! LOS QUE QUIERAN COLABORAR CON LA BASE CENTRAL DE OPERATIVOS LO PUEDEN HACER MEDIANTE UN AL","🔺SOLO OPERATIVOS DE TRÁNSITO (1)🔺","*HOLA !!! LOS QUE QUIERAN COLABORAR CON LA BASE CENTRAL DE OPERATIVOS LO PUEDEN HACER MEDIANTE UN ALIAS DE MERCADO PAGO....EL QUE LO HAGA TIENE QUE PASAR EL COMPROBANTE POR PRIVADO PARA SER AGENDADO DE FORMA DIFERENTE PARA EL GRUPO CERRADO QUE ARMAREMOS A FUTURO.... Y MUCHAS GRACIAS A TODOS LOS QUE COLABORAN.... GRACIAS👍*"
"-OwiF2S6BjTF_dkJF9Gv","WhatsApp Bot","2026-07-04T17:49:48.266Z","police","0","Grupo WhatsApp","Policia y tránsito por las dudas","🚔🚨Operativos🚓 Arroyo Seco y alrededores","Policia y tránsito por las dudas"
"-OwiF2d9w79turVdHDhu","WhatsApp Bot","2026-07-04T17:49:49.037Z","police","0","Grupo WhatsApp","Policia y tránsito por las dudas","🚔🚨Operativos🚓 Arroyo Seco y alrededores","Policia y tránsito por las dudas"
"-OwjM1IA973rQB140l1-","WhatsApp Bot","2026-07-04T22:59:55.756Z","checkpoint","0","Grupo WhatsApp","Operativo en las vías ruta 16","🚔🚨Operativos🚓 Arroyo Seco y alrededores","Operativo en las vías ruta 16"
"-Owk7xos1KEjbLrO7F_h","WhatsApp Bot","2026-07-05T02:38:04.633Z","checkpoint","0","Grupo WhatsApp","Operativo salida y entrada a perez","🚔🚨Operativos🚓 Arroyo Seco y alrededores","Operativo salida y entrada a perez"
"-Owk7xw-dtr3Q_lUaFe1","WhatsApp Bot","2026-07-05T02:38:05.089Z","checkpoint","0","Grupo WhatsApp","Operativo salida y entrada a perez","🚔🚨Operativos🚓 Arroyo Seco y alrededores","Operativo salida y entrada a perez"
"-Owkch_4OWL_8XB1S90O","WhatsApp Bot","2026-07-05T04:56:46.694Z","checkpoint","0","Grupo WhatsApp","Salta y Santiago operativo
Full de tránsito, ambas manos paran todo","🔺SOLO OPERATIVOS DE TRÁNSITO (1)🔺","Salta y Santiago operativo
Full de tránsito, ambas manos paran todo"
"-OwkchranOgEAS2tbRs4","WhatsApp Bot","2026-07-05T04:56:47.879Z","checkpoint","0","Grupo WhatsApp","Salta y Santiago operativo
Full de tránsito, ambas manos paran todo","🔺SOLO OPERATIVOS DE TRÁNSITO (1)🔺","Salta y Santiago operativo
Full de tránsito, ambas manos paran todo"
"-OwnI6ywwWbq0xLLNB6t","WhatsApp Bot","2026-07-05T17:21:19.327Z","checkpoint","0","Grupo WhatsApp","No hay operativos hoy","🔺SOLO OPERATIVOS DE TRÁNSITO (1)🔺","No hay operativos hoy"
"-OwnMbUpHjeeHtn04Imy","WhatsApp Bot","2026-07-05T17:40:56.984Z","police","0","Grupo WhatsApp","*LOS OPERATIVOS POLICIALES ACA NO SE PASAN .... POR LAS DUDAS LO ACLARO O LEAN LA DESCRIPCIÓN DEL GR","🔺SOLO OPERATIVOS DE TRÁNSITO (1)🔺","*LOS OPERATIVOS POLICIALES ACA NO SE PASAN .... POR LAS DUDAS LO ACLARO O LEAN LA DESCRIPCIÓN DEL GRUPO*"
"-Owo9wIxJtOY6HUTjNt-","WhatsApp Bot","2026-07-05T21:25:11.584Z","checkpoint","0","Grupo WhatsApp","*HOLA !!! LOS QUE QUIERAN COLABORAR CON LA BASE CENTRAL DE OPERATIVOS LO PUEDEN HACER MEDIANTE UN AL","🔺SOLO OPERATIVOS DE TRÁNSITO (1)🔺","*HOLA !!! LOS QUE QUIERAN COLABORAR CON LA BASE CENTRAL DE OPERATIVOS LO PUEDEN HACER MEDIANTE UN ALIAS DE MERCADO PAGO....EL QUE LO HAGA TIENE QUE PASAR EL COMPROBANTE POR PRIVADO PARA SER AGENDADO DE FORMA DIFERENTE PARA EL GRUPO CERRADO QUE ARMAREMOS A FUTURO.... Y MUCHAS GRACIAS A TODOS LOS QUE COLABORAN.... GRACIAS👍*"
"-OwoYY0sRZK1FVzT2YGV","WhatsApp Bot","2026-07-05T23:12:41.627Z","checkpoint","0","Grupo WhatsApp","Control pasando el edén","🚔🚨Operativos🚓 Arroyo Seco y alrededores","Control pasando el edén"
"-OwoYYFL5oul5PMnFVEr","WhatsApp Bot","2026-07-05T23:12:42.553Z","police","0","Grupo WhatsApp","Policia y zorro","🚔🚨Operativos🚓 Arroyo Seco y alrededores","Policia y zorro"
"-OwpSPQeNR0sCArEsmnu","WhatsApp Bot","2026-07-06T03:25:30.766Z","traffic","0","Grupo WhatsApp","Catamarca entre Alvear y Santiago transito","🔺SOLO OPERATIVOS DE TRÁNSITO (1)🔺","Catamarca entre Alvear y Santiago transito"
"-OwpSSxGmPUNv3mwexsj","WhatsApp Bot","2026-07-06T03:25:45.205Z","police","0","Grupo WhatsApp","R21 y 27 
Op cana y cau","🚔🚨Operativos🚓 Arroyo Seco y alrededores","R21 y 27 
Op cana y cau"
"-OwpV2pMV6rY_OLL2Jo9","WhatsApp Bot","2026-07-06T03:37:04.635Z","municipal","0","Grupo WhatsApp","Santa fe y ov lagos operativo de transito","🔺SOLO OPERATIVOS DE TRÁNSITO (1)🔺","Santa fe y ov lagos operativo de transito"
"-Owpc7XLFs1SkaHtunpp","WhatsApp Bot","2026-07-06T04:12:21.050Z","municipal","0","Grupo WhatsApp","27 y Paraguay fisca","🔺SOLO OPERATIVOS DE TRÁNSITO (1)🔺","27 y Paraguay fisca"
"-OwrYDXxbFOdKy6IX2R3","WhatsApp Bot","2026-07-06T13:10:09.378Z","municipal","0","Grupo WhatsApp","*⚠️✖️✖️⚠️AVELLANEDA Y OCAMPO MANO AL SUR POR AHORA.... SE MUDÓ EL OPERATIVO DE (FISCA) FISCALIZACION","🔺SOLO OPERATIVOS DE TRÁNSITO (1)🔺","*⚠️✖️✖️⚠️AVELLANEDA Y OCAMPO MANO AL SUR POR AHORA.... SE MUDÓ EL OPERATIVO DE (FISCA) FISCALIZACION DE TRANSPORTE (servicios públicos) PARANDO TAXIS Y AUTOS 🚖🚘🚖BUSCANDO REMISES TRUCHOS LOS UBER DIDI Y CABIFY NO HABILITADOS CON LA PLANCHA ITALIANA IVECO⚠️✖️✖️⚠️*"
"-OwrZteksFo_Qi6fjH1L","WhatsApp Bot","2026-07-06T13:17:28.149Z","checkpoint","0","Grupo WhatsApp","Alto operativo en fiochi  de ambas manos","🚔🚨Operativos🚓 Arroyo Seco y alrededores","Alto operativo en fiochi  de ambas manos"
"-Owr_2-czKaMiUSoT6_2","WhatsApp Bot","2026-07-06T13:18:06.413Z","municipal","0","Grupo WhatsApp","Hola , si estan las dos motos , la 200 adv esta 5650000 con formularios , solo falta patentamiento e","Admin Privado","Hola , si estan las dos motos , la 200 adv esta 5650000 con formularios , solo falta patentamiento en el registro, y la 300  esta 7790000 , tambn con formularios y falta el patentamiento en el registro."
"-Owr_22YeHoKeHVPi2MP","WhatsApp Bot","2026-07-06T13:18:06.600Z","municipal","0","Grupo WhatsApp","Hola , si estan las dos motos , la 200 adv esta 5650000 con formularios , solo falta patentamiento e","Admin Privado","Hola , si estan las dos motos , la 200 adv esta 5650000 con formularios , solo falta patentamiento en el registro, y la 300  esta 7790000 , tambn con formularios y falta el patentamiento en el registro."
"-OwrcqkhDUwXuM-TqQEq","WhatsApp Bot","2026-07-06T13:34:44.818Z","checkpoint","0","Grupo WhatsApp","Operativo multas Jaj","🚔🚨Operativos🚓 Arroyo Seco y alrededores","Operativo multas Jaj"
"-Owrcr8cIcIi5v9AWvzM","WhatsApp Bot","2026-07-06T13:34:46.413Z","checkpoint","0","Grupo WhatsApp","Operativo multas Jaj","🚔🚨Operativos🚓 Arroyo Seco y alrededores","Operativo multas Jaj"
"-OwsgVf0kLYdHpv37Tdn","WhatsApp Bot","2026-07-06T18:30:20.132Z","checkpoint","0","Grupo WhatsApp","Ingreso lagos autopista control","🚔🚨Operativos🚓 Arroyo Seco y alrededores","Ingreso lagos autopista control"
"-OwsgVtHJ1NX3nBbuxJ4","WhatsApp Bot","2026-07-06T18:30:21.045Z","checkpoint","0","Grupo WhatsApp","Ingreso lagos autopista control","🚔🚨Operativos🚓 Arroyo Seco y alrededores","Ingreso lagos autopista control"
"-Owt4DKLcoZmqxs2-Rsu","WhatsApp Bot","2026-07-06T20:18:18.617Z","accident","0","Grupo WhatsApp","Mucho cuidado circunvalación mano al sur llegando a Pellegrini hubo un choque fuerte y aún no están ","🔺SOLO OPERATIVOS DE TRÁNSITO (1)🔺","Mucho cuidado circunvalación mano al sur llegando a Pellegrini hubo un choque fuerte y aún no están cortando. Están los vehículos de la mano izquierda"
"-Owt4DutOdEcF10p859F","WhatsApp Bot","2026-07-06T20:18:21.020Z","accident","0","Grupo WhatsApp","Mucho cuidado circunvalación mano al sur llegando a Pellegrini hubo un choque fuerte y aún no están ","🔺SOLO OPERATIVOS DE TRÁNSITO (1)🔺","Mucho cuidado circunvalación mano al sur llegando a Pellegrini hubo un choque fuerte y aún no están cortando. Están los vehículos de la mano izquierda"
"-OwtDJuRbXAZIUNLHqRb","WhatsApp Bot","2026-07-06T20:58:04.863Z","radar","0","Grupo WhatsApp","Radar Av pte. Perón y Magallanes. Mano al este","🔺SOLO OPERATIVOS DE TRÁNSITO (1)🔺","Radar Av pte. Perón y Magallanes. Mano al este"
"-OwtItKUpMFYIaJuwB3c","WhatsApp Bot","2026-07-06T21:22:24.769Z","checkpoint","0","Grupo WhatsApp","Control en jb justo arroyo seco 
Están parando casi a todos","🚔🚨Operativos🚓 Arroyo Seco y alrededores","Control en jb justo arroyo seco 
Están parando casi a todos"
"-OwtItYIa5BkBzy009Xz","WhatsApp Bot","2026-07-06T21:22:25.654Z","checkpoint","0","Grupo WhatsApp","Control en jb justo arroyo seco 
Están parando casi a todos","🚔🚨Operativos🚓 Arroyo Seco y alrededores","Control en jb justo arroyo seco 
Están parando casi a todos"
"-OwtOC0YjbpnLTMIIDX1","WhatsApp Bot","2026-07-06T21:45:36.134Z","checkpoint","0","Grupo WhatsApp","*HOLA !!! LOS QUE QUIERAN COLABORAR CON LA BASE CENTRAL DE OPERATIVOS LO PUEDEN HACER MEDIANTE UN AL","🔺SOLO OPERATIVOS DE TRÁNSITO (1)🔺","*HOLA !!! LOS QUE QUIERAN COLABORAR CON LA BASE CENTRAL DE OPERATIVOS LO PUEDEN HACER MEDIANTE UN ALIAS DE MERCADO PAGO....EL QUE LO HAGA TIENE QUE PASAR EL COMPROBANTE POR PRIVADO PARA SER AGENDADO DE FORMA DIFERENTE PARA EL GRUPO CERRADO QUE ARMAREMOS A FUTURO.... Y MUCHAS GRACIAS A TODOS LOS QUE COLABORAN.... GRACIAS👍*"
"-OwtP9lids3jOGVNXx-o","WhatsApp Bot","2026-07-06T21:49:49.073Z","checkpoint","0","Grupo WhatsApp","Peaje lado Rosario control","🚔🚨Operativos🚓 Arroyo Seco y alrededores","Peaje lado Rosario control"
"-OwxxQeuJAXfY_VHvgkq","WhatsApp Bot","2026-07-07T19:02:22.174Z","police","0","Grupo WhatsApp","Vialidad con la policia parando en circumbalacion altura makro mano a victoria","🔺SOLO OPERATIVOS DE TRÁNSITO (1)🔺","Vialidad con la policia parando en circumbalacion altura makro mano a victoria"
"-OwyYkLhtGb1xH7woAO4","WhatsApp Bot","2026-07-07T21:49:48.369Z","checkpoint","0","Grupo WhatsApp","*HOLA !!! LOS QUE QUIERAN COLABORAR CON LA BASE CENTRAL DE OPERATIVOS LO PUEDEN HACER MEDIANTE UN AL","🔺SOLO OPERATIVOS DE TRÁNSITO (1)🔺","*HOLA !!! LOS QUE QUIERAN COLABORAR CON LA BASE CENTRAL DE OPERATIVOS LO PUEDEN HACER MEDIANTE UN ALIAS DE MERCADO PAGO....EL QUE LO HAGA TIENE QUE PASAR EL COMPROBANTE POR PRIVADO PARA SER AGENDADO DE FORMA DIFERENTE PARA EL GRUPO CERRADO QUE ARMAREMOS A FUTURO.... Y MUCHAS GRACIAS A TODOS LOS QUE COLABORAN.... GRACIAS👍*"
"-Owyvhvukoc3YOUnG3Wh","WhatsApp Bot","2026-07-07T23:34:29.918Z","traffic","0","Grupo WhatsApp","Transito en el cristo x independencia","🚔🚨Operativos🚓 Arroyo Seco y alrededores","Transito en el cristo x independencia"
"-Ox0fn0RuwwB6tXbBtDC","WhatsApp Bot","2026-07-08T12:23:48.097Z","police","0","Grupo WhatsApp","Transito de funes y policia parando en cordoba mano a funes abajo del puente q va al aeropuerto","🔺SOLO OPERATIVOS DE TRÁNSITO (1)🔺","Transito de funes y policia parando en cordoba mano a funes abajo del puente q va al aeropuerto"
"-Ox1-zNO5zWypFde5CBV","WhatsApp Bot","2026-07-08T13:56:23.742Z","checkpoint","0","Grupo WhatsApp","Control independencia antes del cristo llendo para fighiera","🚔🚨Operativos🚓 Arroyo Seco y alrededores","Control independencia antes del cristo llendo para fighiera"
"-Ox1-zaSxdr7RwUUSsSa","WhatsApp Bot","2026-07-08T13:56:24.642Z","checkpoint","0","Grupo WhatsApp","Control independencia antes del cristo llendo para fighiera","🚔🚨Operativos🚓 Arroyo Seco y alrededores","Control independencia antes del cristo llendo para fighiera"
"-Ox10fDopQk7LhImp9qW","WhatsApp Bot","2026-07-08T13:59:23.353Z","checkpoint","0","Grupo WhatsApp","Control en independencia,  entre san nicolas y jonas salk , mano a fighera","🚔🚨Operativos🚓 Arroyo Seco y alrededores","Control en independencia,  entre san nicolas y jonas salk , mano a fighera"
"-Ox10fNnHrojGo6efppM","WhatsApp Bot","2026-07-08T13:59:23.992Z","checkpoint","0","Grupo WhatsApp","Control en independencia,  entre san nicolas y jonas salk , mano a fighera","🚔🚨Operativos🚓 Arroyo Seco y alrededores","Control en independencia,  entre san nicolas y jonas salk , mano a fighera"
"-Ox12mCcnkg_3ViH1Evq","WhatsApp Bot","2026-07-08T14:08:36.237Z","checkpoint","0","Grupo WhatsApp","Control en Moro(entre Fiocchi y la Shell) por r21, Pueblo Esther.","🚔🚨Operativos🚓 Arroyo Seco y alrededores","Control en Moro(entre Fiocchi y la Shell) por r21, Pueblo Esther."
"-Ox159wlnKigMnUSm6pU","WhatsApp Bot","2026-07-08T14:19:01.846Z","checkpoint","0","Grupo WhatsApp","Control x belgrano y Juan b Justo","🚔🚨Operativos🚓 Arroyo Seco y alrededores","Control x belgrano y Juan b Justo"
"-Ox1oDcVXW0WHI-bGu4n","WhatsApp Bot","2026-07-08T17:40:15.557Z","checkpoint","0","Grupo WhatsApp","Control","🚔🚨Operativos🚓 Arroyo Seco y alrededores","Control"
"-Ox1odnQ9Zc4yAeBmDu1","WhatsApp Bot","2026-07-08T17:42:06.848Z","traffic","0","Grupo WhatsApp","A las 15hs corte en el Cristo de arroyo, la manifestación de los vecinos","🚔🚨Operativos🚓 Arroyo Seco y alrededores","A las 15hs corte en el Cristo de arroyo, la manifestación de los vecinos"
"-Ox1t18fqslg2ATOEaMi","WhatsApp Bot","2026-07-08T18:01:15.152Z","traffic","0","Grupo WhatsApp","Habían 2 de tránsito","🚔🚨Operativos🚓 Arroyo Seco y alrededores","Habían 2 de tránsito"
"-Ox1uvH5agiZH_wX9SBa","WhatsApp Bot","2026-07-08T18:09:31.307Z","police","0","Grupo WhatsApp","Ruta 21 debajo del  puente de cargil, mano a rosario . Transito y policía parando","🔺SOLO OPERATIVOS DE TRÁNSITO (1)🔺","Ruta 21 debajo del  puente de cargil, mano a rosario . Transito y policía parando"
"-Ox1uvLn84al76LuumRL","WhatsApp Bot","2026-07-08T18:09:31.608Z","police","0","Grupo WhatsApp","Ruta 21 debajo del  puente de cargil, mano a rosario . Transito y policía parando","🔺SOLO OPERATIVOS DE TRÁNSITO (1)🔺","Ruta 21 debajo del  puente de cargil, mano a rosario . Transito y policía parando"
"-Ox2-nxnJnY8o-E_95We","WhatsApp Bot","2026-07-08T18:35:14.200Z","traffic","0","Grupo WhatsApp","Cargil abajo del puente y Alvear enfrente de los hoteles transito","🔺SOLO OPERATIVOS DE TRÁNSITO (1)🔺","Cargil abajo del puente y Alvear enfrente de los hoteles transito"
"-Ox2CTdm6c85EJpHQgYw","WhatsApp Bot","2026-07-08T19:30:34.775Z","traffic","0","Grupo WhatsApp","Está todavía el corte en el cristo","🚔🚨Operativos🚓 Arroyo Seco y alrededores","Está todavía el corte en el cristo"
"-Ox2CUnVRbEFcDSfSXDm","WhatsApp Bot","2026-07-08T19:30:39.493Z","traffic","0","Grupo WhatsApp","Está todavía el corte en el cristo","🚔🚨Operativos🚓 Arroyo Seco y alrededores","Está todavía el corte en el cristo"
"-Ox2djV2SJhBK8mYPK2g","WhatsApp Bot","2026-07-08T21:34:03.816Z","checkpoint","0","Grupo WhatsApp","Control x juan b justo y Juárez celman","🚔🚨Operativos🚓 Arroyo Seco y alrededores","Control x juan b justo y Juárez celman"
"-Ox2kk-Gw0-dSHswrsws","WhatsApp Bot","2026-07-08T22:04:40.886Z","checkpoint","0","Grupo WhatsApp","*HOLA !!! LOS QUE QUIERAN COLABORAR CON LA BASE CENTRAL DE OPERATIVOS LO PUEDEN HACER MEDIANTE UN AL","🔺SOLO OPERATIVOS DE TRÁNSITO (1)🔺","*HOLA !!! LOS QUE QUIERAN COLABORAR CON LA BASE CENTRAL DE OPERATIVOS LO PUEDEN HACER MEDIANTE UN ALIAS DE MERCADO PAGO....EL QUE LO HAGA TIENE QUE PASAR EL COMPROBANTE POR PRIVADO PARA SER AGENDADO DE FORMA DIFERENTE PARA EL GRUPO CERRADO QUE ARMAREMOS A FUTURO.... Y MUCHAS GRACIAS A TODOS LOS QUE COLABORAN.... GRACIAS👍*"
"-Ox2wSuusoenfH4WKA4D","WhatsApp Bot","2026-07-08T22:55:52.543Z","municipal","0","Grupo WhatsApp","*⚠️✖️✖️⚠️CAFFERATA ENTRE SALTA Y CATAMARCA.... EL ATROZ OPERATIVO DE (FISCA) FISCALIZACION DE TRANSP","🔺SOLO OPERATIVOS DE TRÁNSITO (1)🔺","*⚠️✖️✖️⚠️CAFFERATA ENTRE SALTA Y CATAMARCA.... EL ATROZ OPERATIVO DE (FISCA) FISCALIZACION DE TRANSPORTE (SERVICIOS PÚBLICOS) 🚖🚘🚘🚖CON LA PLANCHA ITALIANA IVECO CON ALCOHOLEMIA🗣️🗣️⚠️✖️✖️⚠️*"
"-Ox35DLr3tRqt0O9hsFO","WhatsApp Bot","2026-07-08T23:38:30.235Z","municipal","0","Grupo WhatsApp","*⚠️✖️✖️⚠️CAFFERATA ENTRE SANTA FE Y CORDOBA EN LA TERMINAL....SE MUDO EL ATROZ OPERATIVO DE (FISCA) ","🔺SOLO OPERATIVOS DE TRÁNSITO (1)🔺","*⚠️✖️✖️⚠️CAFFERATA ENTRE SANTA FE Y CORDOBA EN LA TERMINAL....SE MUDO EL ATROZ OPERATIVO DE (FISCA) FISCALIZACION DE TRANSPORTE (SERVICIOS PÚBLICOS) 🚖🚘🚘🚖CON LA PLANCHA ITALIANA IVECO CON ALCOHOLEMIA🗣️🗣️⚠️✖️✖️⚠️*"
"-Ox3eY6G1aAaTSzDrVMN","WhatsApp Bot","2026-07-09T02:17:12.438Z","municipal","0","Grupo WhatsApp","*🚧📛📛🚧DORREGO Y SANTA FE.... LLEGANDO EL POTENTE OPERATIVO DE TRÁNSITO CON ALCOHOLEMIA🗣️🗣️ NARC","🔺SOLO OPERATIVOS DE TRÁNSITO (1)🔺","*🚧📛📛🚧DORREGO Y SANTA FE.... LLEGANDO EL POTENTE OPERATIVO DE TRÁNSITO CON ALCOHOLEMIA🗣️🗣️ NARCOLEMIA Y THC CANNABIS CON EL CARRETON Y LAS GRUAS🚘🛵🚘🛵 A FULL IMPACT CON LA JEFA DE DIVISION TERESA BARBOSA ( VIEJA CHOBORRA Y COIMERA) .... EVITEN ZONA!!!🚧📛📛🚧*"
"-Ox42y7lYK4zR6v4Rl9g","WhatsApp Bot","2026-07-09T04:08:16.726Z","traffic","0","Grupo WhatsApp","Tránsito","🔺SOLO OPERATIVOS DE TRÁNSITO (1)🔺","Tránsito"
"-Ox45CsA7Cu9FvDV1THF","WhatsApp Bot","2026-07-09T04:18:05.488Z","municipal","0","Grupo WhatsApp","*⚠️✖️✖️⚠️SANTA FE Y SUIPACHA.... EL OPERATIVO DE (FISCA) FISCALIZACION DE TRANSPORTE (servicios públ","🔺SOLO OPERATIVOS DE TRÁNSITO (1)🔺","*⚠️✖️✖️⚠️SANTA FE Y SUIPACHA.... EL OPERATIVO DE (FISCA) FISCALIZACION DE TRANSPORTE (servicios públicos) PARANDO TAXIS Y AUTOS 🚖🚘🚖BUSCANDO REMISES TRUCHOS LOS UBER DIDI Y CABIFY NO HABILITADOS CON LA PLANCHA ITALIANA IVECO CON ALCOHOLEMIA🗣️🗣️ Y NARCOLEMIA⚠️✖️✖️⚠️*"
"-Ox5tx-1Hcw39zS2iqvF","WhatsApp Bot","2026-07-09T12:43:45.063Z","police","0","Grupo WhatsApp","A012 y vías 
Op cana,cau y seguridad vial

Alcoholemia","🚔🚨Operativos🚓 Arroyo Seco y alrededores","A012 y vías 
Op cana,cau y seguridad vial

Alcoholemia"
"-Ox67iQx_blnmHHiP-1o","WhatsApp Bot","2026-07-09T13:48:17.570Z","checkpoint","0","Grupo WhatsApp","Control en Pavón","🚔🚨Operativos🚓 Arroyo Seco y alrededores","Control en Pavón"
"-Ox6OxtXmSsoiZHz4uNA","WhatsApp Bot","2026-07-09T15:03:37.351Z","checkpoint","0","Grupo WhatsApp","Rrrrr operativo","🚔🚨Operativos🚓 Arroyo Seco y alrededores","Rrrrr operativo"
"-Ox6vO9nrBKoSfEqjxlB","WhatsApp Bot","2026-07-09T17:29:39.800Z","checkpoint","0","Grupo WhatsApp","Control 27 y la ruta","🚔🚨Operativos🚓 Arroyo Seco y alrededores","Control 27 y la ruta"
"-Ox6zZVXw7EzQn3BkjMK","WhatsApp Bot","2026-07-09T17:47:54.823Z","police","0","Grupo WhatsApp","27 y ruta 21 cau y policia","🚔🚨Operativos🚓 Arroyo Seco y alrededores","27 y ruta 21 cau y policia"
"-Ox7qUbQ7VC_PH5BjYZs","WhatsApp Bot","2026-07-09T21:47:52.705Z","checkpoint","0","Grupo WhatsApp","*HOLA !!! LOS QUE QUIERAN COLABORAR CON LA BASE CENTRAL DE OPERATIVOS LO PUEDEN HACER MEDIANTE UN AL","🔺SOLO OPERATIVOS DE TRÁNSITO (1)🔺","*HOLA !!! LOS QUE QUIERAN COLABORAR CON LA BASE CENTRAL DE OPERATIVOS LO PUEDEN HACER MEDIANTE UN ALIAS DE MERCADO PAGO....EL QUE LO HAGA TIENE QUE PASAR EL COMPROBANTE POR PRIVADO PARA SER AGENDADO DE FORMA DIFERENTE PARA EL GRUPO CERRADO QUE ARMAREMOS A FUTURO.... Y MUCHAS GRACIAS A TODOS LOS QUE COLABORAN.... GRACIAS👍*"
"-Ox7qVI1tRXTpQjtmxIV","WhatsApp Bot","2026-07-09T21:47:55.496Z","checkpoint","0","Grupo WhatsApp","*HOLA !!! LOS QUE QUIERAN COLABORAR CON LA BASE CENTRAL DE OPERATIVOS LO PUEDEN HACER MEDIANTE UN AL","🔺SOLO OPERATIVOS DE TRÁNSITO (1)🔺","*HOLA !!! LOS QUE QUIERAN COLABORAR CON LA BASE CENTRAL DE OPERATIVOS LO PUEDEN HACER MEDIANTE UN ALIAS DE MERCADO PAGO....EL QUE LO HAGA TIENE QUE PASAR EL COMPROBANTE POR PRIVADO PARA SER AGENDADO DE FORMA DIFERENTE PARA EL GRUPO CERRADO QUE ARMAREMOS A FUTURO.... Y MUCHAS GRACIAS A TODOS LOS QUE COLABORAN.... GRACIAS👍*"
"-Ox89wSrzNl-uOK5NkRW","WhatsApp Bot","2026-07-09T23:17:13.752Z","checkpoint","0","Grupo WhatsApp","Control por independencia mano a rosario apenas pasando cristo","🚔🚨Operativos🚓 Arroyo Seco y alrededores","Control por independencia mano a rosario apenas pasando cristo"
"-Ox8srheuPQonCYX1cdm","WhatsApp Bot","2026-07-10T02:37:52.912Z","municipal","0","Grupo WhatsApp","*🚧📛📛🚧SALTA Y RICHIERI...EL POTENTE OPERATIVO DE TRÁNSITO CON ALCOHOLEMIA🗣️🗣️ NARCOLEMIA Y THC ","🔺SOLO OPERATIVOS DE TRÁNSITO (1)🔺","*🚧📛📛🚧SALTA Y RICHIERI...EL POTENTE OPERATIVO DE TRÁNSITO CON ALCOHOLEMIA🗣️🗣️ NARCOLEMIA Y THC CANNABIS CON EL CARRETON Y LAS GRUAS 🚘🛵🚘🛵CON EL JEFE DE DIVISION DAMIAN FERNÁNDEZ (ALIAS CHUPACHICHI) .... EVITEN ZONA!!!🚧📛📛🚧*"
"-Ox9EbakIGXZGzEj2gbC","WhatsApp Bot","2026-07-10T04:17:16.247Z","municipal","0","Grupo WhatsApp","*🚧📛📛🚧SALTA Y PUEYRREDON..... SE MUDA EL POTENTE OPERATIVO DE TRÁNSITO CON ALCOHOLEMIA🗣️🗣️ NARC","🔺SOLO OPERATIVOS DE TRÁNSITO (1)🔺","*🚧📛📛🚧SALTA Y PUEYRREDON..... SE MUDA EL POTENTE OPERATIVO DE TRÁNSITO CON ALCOHOLEMIA🗣️🗣️ NARCOLEMIA Y THC CANNABIS CON EL CARRETON Y LAS GRUAS 🚘🛵🚘🛵CON EL JEFE DE DIVISION DAMIAN FERNÁNDEZ (ALIAS CHUPACHICHI) .... EVITEN ZONA!!!🚧📛📛🚧*"
"-OxB-OQjeQQVwVysJlsh","WhatsApp Bot","2026-07-10T12:30:00.465Z","checkpoint","0","Grupo WhatsApp","Aparentemente van a hacer control en la ruta entre lisandro de la torre y 9 de julio aprox","🚔🚨Operativos🚓 Arroyo Seco y alrededores","Aparentemente van a hacer control en la ruta entre lisandro de la torre y 9 de julio aprox"
"-OxBMxLuYQcnOzfngRGt","WhatsApp Bot","2026-07-10T14:12:56.924Z","checkpoint","0","Grupo WhatsApp","Control en General Lagos sobre  Ruta 21 a la altura  de acceso a la costa..","🚔🚨Operativos🚓 Arroyo Seco y alrededores","Control en General Lagos sobre  Ruta 21 a la altura  de acceso a la costa.."
"-OxBMxZwi3M7Ze1bZ2Ib","WhatsApp Bot","2026-07-10T14:12:57.822Z","checkpoint","0","Grupo WhatsApp","Control en General Lagos sobre  Ruta 21 a la altura  de acceso a la costa..","🚔🚨Operativos🚓 Arroyo Seco y alrededores","Control en General Lagos sobre  Ruta 21 a la altura  de acceso a la costa.."
"-OxBNTAb7PtsRgipqEZA","WhatsApp Bot","2026-07-10T14:15:11.369Z","checkpoint","0","Grupo WhatsApp","En lagos control","🚔🚨Operativos🚓 Arroyo Seco y alrededores","En lagos control"
"-OxBNTgX3oQio8xVNqgH","WhatsApp Bot","2026-07-10T14:15:13.476Z","checkpoint","0","Grupo WhatsApp","En lagos control","🚔🚨Operativos🚓 Arroyo Seco y alrededores","En lagos control"
"-OxBNW1tVHbdADU2xljm","WhatsApp Bot","2026-07-10T14:15:23.099Z","checkpoint","0","Grupo WhatsApp","En lagos control","🚔🚨Operativos🚓 Arroyo Seco y alrededores","En lagos control"
"-OxCDdvMTQJ-CgrSHHf1","WhatsApp Bot","2026-07-10T18:11:55.257Z","checkpoint","0","Grupo WhatsApp","Ingreso a lagos por autopista control","🚔🚨Operativos🚓 Arroyo Seco y alrededores","Ingreso a lagos por autopista control"
"-OxCDe8byEhn73iYe43j","WhatsApp Bot","2026-07-10T18:11:56.169Z","checkpoint","0","Grupo WhatsApp","Ingreso a lagos por autopista control","🚔🚨Operativos🚓 Arroyo Seco y alrededores","Ingreso a lagos por autopista control"
"-OxCFAqWW7G96lDtArHE","WhatsApp Bot","2026-07-10T18:18:36.355Z","checkpoint","0","Grupo WhatsApp","Entrada pueblo Esther control","🚔🚨Operativos🚓 Arroyo Seco y alrededores","Entrada pueblo Esther control"
"-OxCFB5QfyVSBuCKmAS1","WhatsApp Bot","2026-07-10T18:18:37.373Z","checkpoint","0","Grupo WhatsApp","Entrada pueblo Esther control","🚔🚨Operativos🚓 Arroyo Seco y alrededores","Entrada pueblo Esther control"
"-OxCHgC4eUbPQNp3z3-l","WhatsApp Bot","2026-07-10T18:29:33.159Z","checkpoint","0","Grupo WhatsApp","Entrada a lagos por autopista control","🚔🚨Operativos🚓 Arroyo Seco y alrededores","Entrada a lagos por autopista control"
"-OxCHhbb7jm-O6eBkpGw","WhatsApp Bot","2026-07-10T18:29:38.953Z","checkpoint","0","Grupo WhatsApp","Entrada a lagos por autopista control","🚔🚨Operativos🚓 Arroyo Seco y alrededores","Entrada a lagos por autopista control"
"-OxCLVAURgGuMlc8kmSl","WhatsApp Bot","2026-07-10T18:46:12.481Z","police","0","Grupo WhatsApp","Hola! En pueblo esther está la policía pero no paran . 
De arroyo a pueblo esther x ruta nada","🚔🚨Operativos🚓 Arroyo Seco y alrededores","Hola! En pueblo esther está la policía pero no paran . 
De arroyo a pueblo esther x ruta nada"
"-OxCLVPuO0tgv-5hOXam","WhatsApp Bot","2026-07-10T18:46:13.468Z","police","0","Grupo WhatsApp","Hola! En pueblo esther está la policía pero no paran . 
De arroyo a pueblo esther x ruta nada","🚔🚨Operativos🚓 Arroyo Seco y alrededores","Hola! En pueblo esther está la policía pero no paran . 
De arroyo a pueblo esther x ruta nada"
"-OxCssZjAH2IjjFOF6u1","WhatsApp Bot","2026-07-10T21:16:25.296Z","municipal","0","Grupo WhatsApp","Por Juan B justo policía y zorros 
Entre independencia y Juárez Celman","🚔🚨Operativos🚓 Arroyo Seco y alrededores","Por Juan B justo policía y zorros 
Entre independencia y Juárez Celman"
"-OxCstR5t8YFtDGS71l0","WhatsApp Bot","2026-07-10T21:16:28.839Z","municipal","0","Grupo WhatsApp","Por Juan B justo policía y zorros 
Entre independencia y Juárez Celman","🚔🚨Operativos🚓 Arroyo Seco y alrededores","Por Juan B justo policía y zorros 
Entre independencia y Juárez Celman"
"-OxD0Z66O-RmL9_OYot6","WhatsApp Bot","2026-07-10T21:54:20.776Z","checkpoint","0","Grupo WhatsApp","*HOLA !!! LOS QUE QUIERAN COLABORAR CON LA BASE CENTRAL DE OPERATIVOS LO PUEDEN HACER MEDIANTE UN AL","🔺SOLO OPERATIVOS DE TRÁNSITO (1)🔺","*HOLA !!! LOS QUE QUIERAN COLABORAR CON LA BASE CENTRAL DE OPERATIVOS LO PUEDEN HACER MEDIANTE UN ALIAS DE MERCADO PAGO....EL QUE LO HAGA TIENE QUE PASAR EL COMPROBANTE POR PRIVADO PARA SER AGENDADO DE FORMA DIFERENTE PARA EL GRUPO CERRADO QUE ARMAREMOS A FUTURO.... Y MUCHAS GRACIAS A TODOS LOS QUE COLABORAN.... GRACIAS👍*"
"-OxDzz6ITY_Pl2lZQ0-_","WhatsApp Bot","2026-07-11T02:27:04.315Z","municipal","0","Grupo WhatsApp","*🚧📛📛🚧URQUIZA Y CALLAO.... EL POTENTE OPERATIVO DE TRÁNSITO CON ALCOHOLEMIA🗣️🗣️ NARCOLEMIA Y TH","🔺SOLO OPERATIVOS DE TRÁNSITO (1)🔺","*🚧📛📛🚧URQUIZA Y CALLAO.... EL POTENTE OPERATIVO DE TRÁNSITO CON ALCOHOLEMIA🗣️🗣️ NARCOLEMIA Y THC CANNABIS CON EL CARRETON Y LAS GRUAS 🚘🛵🚘🛵A FULL IMPACT CON EL JEFE DE DIVISION FERNANDO (ALIAS ZETA EL FLACO ISTERICO).... EVITEN ZONA!!!🚧📛📛🚧*"
"-OxEWlB_5Yg2ZFkuFplz","WhatsApp Bot","2026-07-11T04:54:40.205Z","municipal","0","Grupo WhatsApp","*🚧📛📛🚧RIVADAVIA Y OROÑO ... EL OTRO POTENTE OPERATIVO DE TRÁNSITO CON ALCOHOLEMIA🗣️🗣️ NARCOLEMI","🔺SOLO OPERATIVOS DE TRÁNSITO (1)🔺","*🚧📛📛🚧RIVADAVIA Y OROÑO ... EL OTRO POTENTE OPERATIVO DE TRÁNSITO CON ALCOHOLEMIA🗣️🗣️ NARCOLEMIA Y THC CANNABIS CON EL CARRETON Y LAS GRUAS 🚘🛵🚘🛵A FULL IMPACT CON EL JEFE DE DIVISION GUSTAVO ROJO (ALIAS DEMONIO) .... EVITEN ZONA!!!🚧📛📛🚧*"
"-OxEX5tGyiLwsGLIUDov","WhatsApp Bot","2026-07-11T04:56:09.081Z","traffic","0","Grupo WhatsApp","Funes por Galindo yendo para autopista tránsito parando","🔺SOLO OPERATIVOS DE TRÁNSITO (1)🔺","Funes por Galindo yendo para autopista tránsito parando"
"-OxEjdHAX0Y7xxcYZueU","WhatsApp Bot","2026-07-11T05:55:17.811Z","traffic","0","Grupo WhatsApp","Dorrego y Montevideo tránsito","🔺SOLO OPERATIVOS DE TRÁNSITO (1)🔺","Dorrego y Montevideo tránsito"
"-OxEjdLQzUhG7octXgyo","WhatsApp Bot","2026-07-11T05:55:18.083Z","traffic","0","Grupo WhatsApp","Dorrego y Montevideo tránsito","🔺SOLO OPERATIVOS DE TRÁNSITO (1)🔺","Dorrego y Montevideo tránsito"
"-OxEkZXBo8bm4qhzz5OR","WhatsApp Bot","2026-07-11T05:59:20.500Z","municipal","0","Grupo WhatsApp","*🚧📛📛🚧MONTEVIDEO Y DORREGO.... SE MUDÓ EL POTENTE OPERATIVO DE TRÁNSITO CON ALCOHOLEMIA🗣️🗣️ NAR","🔺SOLO OPERATIVOS DE TRÁNSITO (1)🔺","*🚧📛📛🚧MONTEVIDEO Y DORREGO.... SE MUDÓ EL POTENTE OPERATIVO DE TRÁNSITO CON ALCOHOLEMIA🗣️🗣️ NARCOLEMIA Y THC CANNABIS CON EL CARRETON Y LAS GRUAS 🚘🛵🚘🛵A FULL IMPACT CON EL JEFE DE DIVISION FERNANDO (ALIAS ZETA EL FLACO ISTERICO).... EVITEN ZONA!!!🚧📛📛🚧*"
"-OxEko1ehhwbKVvn09lw","WhatsApp Bot","2026-07-11T06:00:24.017Z","checkpoint","0","Grupo WhatsApp","*🚧📛🚧OROÑO Y RIVADAVIA... SIGUE A FULL EL OTRO OPERATIVO🚧📛🚧*","🔺SOLO OPERATIVOS DE TRÁNSITO (1)🔺","*🚧📛🚧OROÑO Y RIVADAVIA... SIGUE A FULL EL OTRO OPERATIVO🚧📛🚧*"
"-OxGPdII7Zv7XjQTAW-v","WhatsApp Bot","2026-07-11T13:42:47.291Z","municipal","0","Grupo WhatsApp","*⚠️✖️✖️⚠️GODOY Y SAN NICOLAS MANO AL ESTE.... SE MUDÓ EL OPERATIVO DE FISCA FISCALIZACION DE TRANSPO","🔺SOLO OPERATIVOS DE TRÁNSITO (1)🔺","*⚠️✖️✖️⚠️GODOY Y SAN NICOLAS MANO AL ESTE.... SE MUDÓ EL OPERATIVO DE FISCA FISCALIZACION DE TRANSPORTE (servicios públicos) PARANDO TAXIS Y AUTOS 🚖🚘🚖BUSCANDO REMISES TRUCHOS LOS UBER DIDI Y CABIFY NO HABILITADOS CON LA PLANCHA ITALIANA IVECO⚠️✖️✖️⚠️*"
"-OxGQTEs1j4oCHDfI9tp","WhatsApp Bot","2026-07-11T13:46:24.160Z","municipal","0","Grupo WhatsApp","*🚧🚥🚥🚧RUTA AO12 Y LA VIA ENTRADA A PUEBLO ESTHER AMBAS MANOS..... EL OPERATIVO DE TRÁNSITO (EL CA","🔺SOLO OPERATIVOS DE TRÁNSITO (1)🔺","*🚧🚥🚥🚧RUTA AO12 Y LA VIA ENTRADA A PUEBLO ESTHER AMBAS MANOS..... EL OPERATIVO DE TRÁNSITO (EL CAU control y asistencia urbana) CON LA POLICÍA VIAL CON ALCOHOLEMIA DESDE TEMPRANITO🗣️🗣️🚧🚥🚥🚧*"
"-OxGQZK2cvmiN1pSX_YB","WhatsApp Bot","2026-07-11T13:46:49.067Z","police","0","Grupo WhatsApp","Tránsito y policia","🚔🚨Operativos🚓 Arroyo Seco y alrededores","Tránsito y policia"
"-OxGXOPUWuP2Hh3SFEfG","WhatsApp Bot","2026-07-11T14:16:39.367Z","police","0","Grupo WhatsApp","Policia y tránsito en juan b justo entre galvez y juarez celman","🚔🚨Operativos🚓 Arroyo Seco y alrededores","Policia y tránsito en juan b justo entre galvez y juarez celman"
"-OxGkMMKzEOnizObKKTH","WhatsApp Bot","2026-07-11T15:17:40.989Z","checkpoint","0","Grupo WhatsApp","*HOLA !!! LOS QUE QUIERAN COLABORAR CON LA BASE CENTRAL DE OPERATIVOS LO PUEDEN HACER MEDIANTE UN AL","🔺SOLO OPERATIVOS DE TRÁNSITO (1)🔺","*HOLA !!! LOS QUE QUIERAN COLABORAR CON LA BASE CENTRAL DE OPERATIVOS LO PUEDEN HACER MEDIANTE UN ALIAS DE MERCADO PAGO....EL QUE LO HAGA TIENE QUE PASAR EL COMPROBANTE POR PRIVADO PARA SER AGENDADO DE FORMA DIFERENTE PARA EL GRUPO CERRADO QUE ARMAREMOS A FUTURO.... Y MUCHAS GRACIAS A TODOS LOS QUE COLABORAN.... GRACIAS👍*"
"-OxGtfXd6QXxD89kF7Ne","WhatsApp Bot","2026-07-11T15:58:22.929Z","police","0","Grupo WhatsApp","tenes que dejar de culiarte los clientes gratis, empeza a cobrarles jajaja","Admin Privado","tenes que dejar de culiarte los clientes gratis, empeza a cobrarles jajaja"
"-OxHPi3GXvnXuxDVrlCI","WhatsApp Bot","2026-07-11T18:22:44.025Z","checkpoint","0","Grupo WhatsApp","Operativo en empalme viniendo de villa, 1 cuadra y media antes del cruce de vías","🚔🚨Operativos🚓 Arroyo Seco y alrededores","Operativo en empalme viniendo de villa, 1 cuadra y media antes del cruce de vías"
"-OxHTCi7Fmc8QkD47RZi","WhatsApp Bot","2026-07-11T18:38:00.112Z","municipal","0","Grupo WhatsApp","*🚧🚥🚥🚧RUTA 18 Y AO12 EN EL CRUZE.... OPERATIVO DE TRÁNSITO DE ALVEAR CON SEGURIDAD VIAL CON ALCOH","🔺SOLO OPERATIVOS DE TRÁNSITO (1)🔺","*🚧🚥🚥🚧RUTA 18 Y AO12 EN EL CRUZE.... OPERATIVO DE TRÁNSITO DE ALVEAR CON SEGURIDAD VIAL CON ALCOHOLEMIA🗣️🗣️🚧🚥🚥🚧*"
"-OxHut8f8WLod7gAQ6Vh","WhatsApp Bot","2026-07-11T20:43:18.035Z","checkpoint","0","Grupo WhatsApp","Ruta 21 y colon están haciendo control","🚔🚨Operativos🚓 Arroyo Seco y alrededores","Ruta 21 y colon están haciendo control"
"-OxI7Q72rM3Rp2ARuIxv","WhatsApp Bot","2026-07-11T21:42:25.066Z","police","0","Grupo WhatsApp","Un móvil de policía pero libre","🚔🚨Operativos🚓 Arroyo Seco y alrededores","Un móvil de policía pero libre"
"-OxI7QfwxQnekZZyqKzY","WhatsApp Bot","2026-07-11T21:42:27.364Z","police","0","Grupo WhatsApp","Un móvil de policía pero libre","🚔🚨Operativos🚓 Arroyo Seco y alrededores","Un móvil de policía pero libre"
"-OxICka_SkdxFebSxYsQ","WhatsApp Bot","2026-07-11T22:05:43.757Z","checkpoint","0","Grupo WhatsApp","*HOLA !!! LOS QUE QUIERAN COLABORAR CON LA BASE CENTRAL DE OPERATIVOS LO PUEDEN HACER MEDIANTE UN AL","🔺SOLO OPERATIVOS DE TRÁNSITO (1)🔺","*HOLA !!! LOS QUE QUIERAN COLABORAR CON LA BASE CENTRAL DE OPERATIVOS LO PUEDEN HACER MEDIANTE UN ALIAS DE MERCADO PAGO....EL QUE LO HAGA TIENE QUE PASAR EL COMPROBANTE POR PRIVADO PARA SER AGENDADO DE FORMA DIFERENTE PARA EL GRUPO CERRADO QUE ARMAREMOS A FUTURO.... Y MUCHAS GRACIAS A TODOS LOS QUE COLABORAN.... GRACIAS👍*"
"-OxK3V8Yr_BMvMgi-i9f","WhatsApp Bot","2026-07-12T06:44:31.494Z","checkpoint","0","Grupo WhatsApp","Control ruta 21 y colon a la altura del kiosco (arroyo seco)","🚔🚨Operativos🚓 Arroyo Seco y alrededores","Control ruta 21 y colon a la altura del kiosco (arroyo seco)"
"-OxK3WuFWb6LI8L7Byqu","WhatsApp Bot","2026-07-12T06:44:38.707Z","checkpoint","0","Grupo WhatsApp","Control ruta 21 y colon a la altura del kiosco (arroyo seco)","🚔🚨Operativos🚓 Arroyo Seco y alrededores","Control ruta 21 y colon a la altura del kiosco (arroyo seco)"
"-OxLFvM2mi96XX7AhRA9","WhatsApp Bot","2026-07-12T12:18:25.894Z","checkpoint","0","Grupo WhatsApp","Operativo en la ao12 y las vías","🚔🚨Operativos🚓 Arroyo Seco y alrededores","Operativo en la ao12 y las vías"
"-OxLFvZjf5VseHvw0wgi","WhatsApp Bot","2026-07-12T12:18:26.770Z","checkpoint","0","Grupo WhatsApp","Operativo en la ao12 y las vías","🚔🚨Operativos🚓 Arroyo Seco y alrededores","Operativo en la ao12 y las vías"
"-OxLQi2H5KHqmu6Hsx3T","WhatsApp Bot","2026-07-12T13:05:34.965Z","police","0","Grupo WhatsApp","Entrada de arroyo x autopista policía  parando","🚔🚨Operativos🚓 Arroyo Seco y alrededores","Entrada de arroyo x autopista policía  parando"
"-OxLQiJsGiiW59Bu_RJh","WhatsApp Bot","2026-07-12T13:05:36.091Z","police","0","Grupo WhatsApp","Entrada de arroyo x autopista policía  parando","🚔🚨Operativos🚓 Arroyo Seco y alrededores","Entrada de arroyo x autopista policía  parando"
"-OxLj4G2dmHwqLXo3_3v","WhatsApp Bot","2026-07-12T14:30:10.790Z","checkpoint","0","Grupo WhatsApp","27 y 21 control","🚔🚨Operativos🚓 Arroyo Seco y alrededores","27 y 21 control"
"-OxMPDuewCnxoOIvBs45","WhatsApp Bot","2026-07-12T17:38:42.508Z","checkpoint","0","Grupo WhatsApp","Operativo en la Shell de pueblo ester","🚔🚨Operativos🚓 Arroyo Seco y alrededores","Operativo en la Shell de pueblo ester"
"-OxND1VXEYB8rBbl2-Bc","WhatsApp Bot","2026-07-12T21:25:03.173Z","checkpoint","0","Grupo WhatsApp","*HOLA !!! LOS QUE QUIERAN COLABORAR CON LA BASE CENTRAL DE OPERATIVOS LO PUEDEN HACER MEDIANTE UN AL","🔺SOLO OPERATIVOS DE TRÁNSITO (1)🔺","*HOLA !!! LOS QUE QUIERAN COLABORAR CON LA BASE CENTRAL DE OPERATIVOS LO PUEDEN HACER MEDIANTE UN ALIAS DE MERCADO PAGO....EL QUE LO HAGA TIENE QUE PASAR EL COMPROBANTE POR PRIVADO PARA SER AGENDADO DE FORMA DIFERENTE PARA EL GRUPO CERRADO QUE ARMAREMOS A FUTURO.... Y MUCHAS GRACIAS A TODOS LOS QUE COLABORAN.... GRACIAS👍*"
"-OxNK_quvqogHz6MPNzz","WhatsApp Bot","2026-07-12T21:58:02.973Z","checkpoint","0","Grupo WhatsApp","Juan b Justo entre Cardozo y 3 de febrero están armando control","🚔🚨Operativos🚓 Arroyo Seco y alrededores","Juan b Justo entre Cardozo y 3 de febrero están armando control"
"-OxNK_vAAY_RzlT9y187","WhatsApp Bot","2026-07-12T21:58:03.245Z","checkpoint","0","Grupo WhatsApp","Juan b Justo entre Cardozo y 3 de febrero están armando control","🚔🚨Operativos🚓 Arroyo Seco y alrededores","Juan b Justo entre Cardozo y 3 de febrero están armando control"
"-OxO2_4XNdthTBLQd2UN","WhatsApp Bot","2026-07-13T01:18:58.437Z","traffic","0","Grupo WhatsApp","*TRANSITO ... OJO!!!☝️*","🔺SOLO OPERATIVOS DE TRÁNSITO (1)🔺","*TRANSITO ... OJO!!!☝️*"
"-OxOCnO11jDuoKJekzkp","WhatsApp Bot","2026-07-13T02:03:38.469Z","checkpoint","0","Grupo WhatsApp","Control entrada lagos por ruta","🚔🚨Operativos🚓 Arroyo Seco y alrededores","Control entrada lagos por ruta"
"-OxOCnnF2bGIKTfbKNWW","WhatsApp Bot","2026-07-13T02:03:40.147Z","checkpoint","0","Grupo WhatsApp","Control entrada lagos por ruta","🚔🚨Operativos🚓 Arroyo Seco y alrededores","Control entrada lagos por ruta"
"-OxOHUax5sMFWuxLNO4I","WhatsApp Bot","2026-07-13T02:24:08.160Z","municipal","0","Grupo WhatsApp","*🚧📛📛🚧OVIDIOS LAGOS Y CATAMARCA.... SE MUDÓ EL POTENTE OPERATIVO DE TRÁNSITO CON ALCOHOLEMIA🗣️🗣","🔺SOLO OPERATIVOS DE TRÁNSITO (1)🔺","*🚧📛📛🚧OVIDIOS LAGOS Y CATAMARCA.... SE MUDÓ EL POTENTE OPERATIVO DE TRÁNSITO CON ALCOHOLEMIA🗣️🗣️ NARCOLEMIA Y THC CANNABIS CON EL CARRETON Y LAS GRUAS 🚘🛵🚘🛵A FULL IMPACT CON LA JEFA DE DIVISION TERESA BARBOSA ( LA CHOBORRA QUE NO SE QUIERE JUBILAR). .... EVITEN ZONA!!! RECIEN ESTAN YENDO AL LUGAR!!🚧📛📛🚧*"
"-OxO_fCmQ-KlUm_6oxoj","WhatsApp Bot","2026-07-13T03:47:56.437Z","traffic","0","Grupo WhatsApp","TRANSITO: Catamarca y lagos","🔺SOLO OPERATIVOS DE TRÁNSITO (1)🔺","TRANSITO: Catamarca y lagos"
"-OxO_fOKVMo14DecFYgB","WhatsApp Bot","2026-07-13T03:47:57.176Z","traffic","0","Grupo WhatsApp","TRANSITO: Catamarca y lagos","🔺SOLO OPERATIVOS DE TRÁNSITO (1)🔺","TRANSITO: Catamarca y lagos"
"-OxQVNNWJETLAXM4fp02","WhatsApp Bot","2026-07-13T12:44:03.013Z","checkpoint","0","Grupo WhatsApp","Control peaje en lagos","🚔🚨Operativos🚓 Arroyo Seco y alrededores","Control peaje en lagos"
"-OxQWAUbeMW7KwhJ-7Be","WhatsApp Bot","2026-07-13T12:47:32.362Z","checkpoint","0","Grupo WhatsApp","Control ruta 16 y las vías pueblo esther","🚔🚨Operativos🚓 Arroyo Seco y alrededores","Control ruta 16 y las vías pueblo esther"
"-OxQdzWduNQG0qWsLfic","WhatsApp Bot","2026-07-13T13:26:02.637Z","checkpoint","0","Grupo WhatsApp","Control en la entrada de fig por ruta","🚔🚨Operativos🚓 Arroyo Seco y alrededores","Control en la entrada de fig por ruta"
"-OxQfXYi3hj5OVIsg-Bz","WhatsApp Bot","2026-07-13T13:32:48.274Z","checkpoint","0","Grupo WhatsApp","Buen dia operativo en arroyo , 21 y corralon nuevo horizonte mano a arroyo","🚔🚨Operativos🚓 Arroyo Seco y alrededores","Buen dia operativo en arroyo , 21 y corralon nuevo horizonte mano a arroyo"
"-OxQfYBTdXSOs1vWGuiR","WhatsApp Bot","2026-07-13T13:32:50.882Z","checkpoint","0","Grupo WhatsApp","Buen dia operativo en arroyo , 21 y corralon nuevo horizonte mano a arroyo","🚔🚨Operativos🚓 Arroyo Seco y alrededores","Buen dia operativo en arroyo , 21 y corralon nuevo horizonte mano a arroyo"
"-OxQiREDuTyw3S5FhH53","WhatsApp Bot","2026-07-13T13:45:28.818Z","checkpoint","0","Grupo WhatsApp","Control  ruta 21 masó menos frente del camino de nista te piden todo y revisan todo!!!","🚔🚨Operativos🚓 Arroyo Seco y alrededores","Control  ruta 21 masó menos frente del camino de nista te piden todo y revisan todo!!!"
"-OxQidvQcUWQDskWoTn3","WhatsApp Bot","2026-07-13T13:46:24.895Z","checkpoint","0","Grupo WhatsApp","Control  ruta 21 masó menos frente del camino de nista te piden todo y revisan todo!!!","🚔🚨Operativos🚓 Arroyo Seco y alrededores","Control  ruta 21 masó menos frente del camino de nista te piden todo y revisan todo!!!"
"-OxQjY_6kaL_5X5wvY8Z","WhatsApp Bot","2026-07-13T13:50:21.035Z","checkpoint","0","Grupo WhatsApp","Súper operativo en Fighiera  pasando el desvío de camiones  ambas manos","🚔🚨Operativos🚓 Arroyo Seco y alrededores","Súper operativo en Fighiera  pasando el desvío de camiones  ambas manos"
"-OxQpil_ktGcqhGQenym","WhatsApp Bot","2026-07-13T14:17:19.753Z","checkpoint","0","Grupo WhatsApp","Entrando a figuiera control apleno","🚔🚨Operativos🚓 Arroyo Seco y alrededores","Entrando a figuiera control apleno"
"-OxQyjV4Mx_s2rMsA7Kd","WhatsApp Bot","2026-07-13T14:56:42.025Z","checkpoint","0","Grupo WhatsApp","Control en arroyo por el camino de tierra que va a lagos","🚔🚨Operativos🚓 Arroyo Seco y alrededores","Control en arroyo por el camino de tierra que va a lagos"
"-OxQyjvOU81SmOY2gJA9","WhatsApp Bot","2026-07-13T14:56:43.773Z","checkpoint","0","Grupo WhatsApp","Control en arroyo por el camino de tierra que va a lagos","🚔🚨Operativos🚓 Arroyo Seco y alrededores","Control en arroyo por el camino de tierra que va a lagos"
"-OxRet5H877iNFry0FJy","WhatsApp Bot","2026-07-13T18:09:35.669Z","checkpoint","0","Grupo WhatsApp","Control ingreso lagos por autopista","🚔🚨Operativos🚓 Arroyo Seco y alrededores","Control ingreso lagos por autopista"
"-OxRjniRZBh4Z1nhq3zn","WhatsApp Bot","2026-07-13T18:31:04.383Z","municipal","0","Grupo WhatsApp","*⚠️✖️✖️⚠️ARIJON ENTRE LAPRIDA Y BUENOS AIRES.... EL OPERATIVO DE (FISCA) FISCALIZACION DE TRANSPORTE","🔺SOLO OPERATIVOS DE TRÁNSITO (1)🔺","*⚠️✖️✖️⚠️ARIJON ENTRE LAPRIDA Y BUENOS AIRES.... EL OPERATIVO DE (FISCA) FISCALIZACION DE TRANSPORTE ( servicios públicos) PARANDO TAXIS Y AUTOS 🚖🚘🚖 BUSCANDO REMISES TRUCHOS LOS UBER DIDI Y CABIFY NO HABILITADOS CON LA PLANCHA ITALIANA IVECO⚠️✖️✖️⚠️*"
"-OxSO209rf-7o8cThg8_","WhatsApp Bot","2026-07-13T21:31:14.924Z","checkpoint","0","Grupo WhatsApp","Control Juan b justo entre 3 de febrero y Juárez Celman","🚔🚨Operativos🚓 Arroyo Seco y alrededores","Control Juan b justo entre 3 de febrero y Juárez Celman"
"-OxSO2C_g28Un_-_OTrK","WhatsApp Bot","2026-07-13T21:31:15.720Z","checkpoint","0","Grupo WhatsApp","Control Juan b justo entre 3 de febrero y Juárez Celman","🚔🚨Operativos🚓 Arroyo Seco y alrededores","Control Juan b justo entre 3 de febrero y Juárez Celman"
"-OxSRom0mPCOs5Cu7jUc","WhatsApp Bot","2026-07-13T21:47:45.188Z","checkpoint","0","Grupo WhatsApp","Operativo en la entrada de pueblo Ester en la fiochi","🚔🚨Operativos🚓 Arroyo Seco y alrededores","Operativo en la entrada de pueblo Ester en la fiochi"
"-OxSVA7RuBP0Lpe1zRvs","WhatsApp Bot","2026-07-13T22:02:23.166Z","checkpoint","0","Grupo WhatsApp","*HOLA !!! LOS QUE QUIERAN COLABORAR CON LA BASE CENTRAL DE OPERATIVOS LO PUEDEN HACER MEDIANTE UN AL","🔺SOLO OPERATIVOS DE TRÁNSITO (1)🔺","*HOLA !!! LOS QUE QUIERAN COLABORAR CON LA BASE CENTRAL DE OPERATIVOS LO PUEDEN HACER MEDIANTE UN ALIAS DE MERCADO PAGO....EL QUE LO HAGA TIENE QUE PASAR EL COMPROBANTE POR PRIVADO PARA SER AGENDADO DE FORMA DIFERENTE PARA EL GRUPO CERRADO QUE ARMAREMOS A FUTURO.... Y MUCHAS GRACIAS A TODOS LOS QUE COLABORAN.... GRACIAS👍*"
"-OxTfjeVpWdW3zkROJrY","WhatsApp Bot","2026-07-14T03:32:33.603Z","checkpoint","0","Grupo WhatsApp","Operativo en pueblo hester entre fiochi y la shell","🚔🚨Operativos🚓 Arroyo Seco y alrededores","Operativo en pueblo hester entre fiochi y la shell"
"-OxVGGwliANd-UOhjoZf","WhatsApp Bot","2026-07-14T10:56:10.580Z","traffic","0","Grupo WhatsApp","Tránsito en la entrada a arroyo por autopista, solo de ingreso, tarjeta verde licencia y seguro","🚔🚨Operativos🚓 Arroyo Seco y alrededores","Tránsito en la entrada a arroyo por autopista, solo de ingreso, tarjeta verde licencia y seguro"
"-OxVGH3aB2022BXAHkym","WhatsApp Bot","2026-07-14T10:56:11.081Z","traffic","0","Grupo WhatsApp","Tránsito en la entrada a arroyo por autopista, solo de ingreso, tarjeta verde licencia y seguro","🚔🚨Operativos🚓 Arroyo Seco y alrededores","Tránsito en la entrada a arroyo por autopista, solo de ingreso, tarjeta verde licencia y seguro"
"-OxVNMBifY0pwCQzd0ab","WhatsApp Bot","2026-07-14T11:27:07.088Z","traffic","0","Grupo WhatsApp","En el centro de arroyo frente al banco nación estaban 2 chatas de tránsito y un patrullero, también ","🚔🚨Operativos🚓 Arroyo Seco y alrededores","En el centro de arroyo frente al banco nación estaban 2 chatas de tránsito y un patrullero, también nosé si van hacer op pero a estar atentos"
"-OxVOWLELDW14pNojXQx","WhatsApp Bot","2026-07-14T11:32:10.802Z","police","0","Grupo WhatsApp","Policía y transito parando ingreso a Arroyo por autopista","🚔🚨Operativos🚓 Arroyo Seco y alrededores","Policía y transito parando ingreso a Arroyo por autopista"
"-OxVOWQLvNi8QQikejlo","WhatsApp Bot","2026-07-14T11:32:11.129Z","police","0","Grupo WhatsApp","Policía y transito parando ingreso a Arroyo por autopista","🚔🚨Operativos🚓 Arroyo Seco y alrededores","Policía y transito parando ingreso a Arroyo por autopista"
"-OxVOtHWvJ5ONX6Qp0Pc","WhatsApp Bot","2026-07-14T11:33:48.868Z","traffic","0","Grupo WhatsApp","Llegando transito","🚔🚨Operativos🚓 Arroyo Seco y alrededores","Llegando transito"
"-OxVtGx4A48YdUxFIYwv","WhatsApp Bot","2026-07-14T13:50:56.360Z","traffic","0","Grupo WhatsApp","Gálvez al 1700 tránsito una parejita","🔺SOLO OPERATIVOS DE TRÁNSITO (1)🔺","Gálvez al 1700 tránsito una parejita"
"-OxWhSbAO6Cb-a-VgwL6","WhatsApp Bot","2026-07-14T17:38:55.598Z","traffic","0","Grupo WhatsApp","Transito en la entrada de prefectura en arroyo seco","🚔🚨Operativos🚓 Arroyo Seco y alrededores","Transito en la entrada de prefectura en arroyo seco"
"-OxWhTVzHCbqnixkyVVm","WhatsApp Bot","2026-07-14T17:38:59.298Z","checkpoint","0","Grupo WhatsApp","Y operativo por 27 en pueblo esther","🚔🚨Operativos🚓 Arroyo Seco y alrededores","Y operativo por 27 en pueblo esther"
"-OxWnK3siPCKMX6cdamX","WhatsApp Bot","2026-07-14T18:04:33.498Z","municipal","0","Grupo WhatsApp","*🚧📛📛🚧AV CIRCUNVALACION KM 2 ALTURA EL SUPERMERCADO MAKRO POR ARRIBA DE CIRCUN Y POR LAS COLECTOR","🔺SOLO OPERATIVOS DE TRÁNSITO (1)🔺","*🚧📛📛🚧AV CIRCUNVALACION KM 2 ALTURA EL SUPERMERCADO MAKRO POR ARRIBA DE CIRCUN Y POR LAS COLECTORAS..... LLEGANDO EL POTENTE OPERATIVO DE TRÁNSITO CON SEGURIDAD VIAL Y POLICIA VIAL A FULL CON EL CARRETON Y LAS GRUAS .... MUCHO CUIDADO EN LA ZONA!!!!🚧📛📛🚧*"
"-OxWx_ZRXFAjrpbyHmbz","WhatsApp Bot","2026-07-14T18:49:22.495Z","municipal","0","Grupo WhatsApp","*⚠️✖️✖️⚠️SAN LUIS Y CONSTITUCION.... EL OPERATIVO DE (FISCA) FISCALIZACION DE TRANSPORTE (SERVICIOS ","🔺SOLO OPERATIVOS DE TRÁNSITO (1)🔺","*⚠️✖️✖️⚠️SAN LUIS Y CONSTITUCION.... EL OPERATIVO DE (FISCA) FISCALIZACION DE TRANSPORTE (SERVICIOS PÚBLICOS) 🚖🚘🚘🚖CON LA PLANCHA ITALIANA IVECO⚠️✖️✖️⚠️*"
"-OxXOeq8N_GoAFTMOfCQ","WhatsApp Bot","2026-07-14T20:52:04.140Z","checkpoint","0","Grupo WhatsApp","Están por hacer operativo en la YPF de Fighiera","🚔🚨Operativos🚓 Arroyo Seco y alrededores","Están por hacer operativo en la YPF de Fighiera"
"-OxXXGOvgNFKU2_qJe5E","WhatsApp Bot","2026-07-14T21:29:39.230Z","checkpoint","0","Grupo WhatsApp","Operativo en Juan B Justo, entre Juarez Celman y 3 de febrero","🚔🚨Operativos🚓 Arroyo Seco y alrededores","Operativo en Juan B Justo, entre Juarez Celman y 3 de febrero"
"-OxXXva9eDqwwUqDI3PL","WhatsApp Bot","2026-07-14T21:32:32.045Z","checkpoint","0","Grupo WhatsApp","Operativo en pueblo Ester en la fiochi","🚔🚨Operativos🚓 Arroyo Seco y alrededores","Operativo en pueblo Ester en la fiochi"
"-OxXYk_YGm2tYMtNl2tZ","WhatsApp Bot","2026-07-14T21:36:09.094Z","checkpoint","0","Grupo WhatsApp","*HOLA !!! LOS QUE QUIERAN COLABORAR CON LA BASE CENTRAL DE OPERATIVOS LO PUEDEN HACER MEDIANTE UN AL","🔺SOLO OPERATIVOS DE TRÁNSITO (1)🔺","*HOLA !!! LOS QUE QUIERAN COLABORAR CON LA BASE CENTRAL DE OPERATIVOS LO PUEDEN HACER MEDIANTE UN ALIAS DE MERCADO PAGO....EL QUE LO HAGA TIENE QUE PASAR EL COMPROBANTE POR PRIVADO PARA SER AGENDADO DE FORMA DIFERENTE PARA EL GRUPO CERRADO QUE ARMAREMOS A FUTURO.... Y MUCHAS GRACIAS A TODOS LOS QUE COLABORAN.... GRACIAS👍*"
"-OxXwh2OWIfL4OzVPBva","WhatsApp Bot","2026-07-14T23:25:08.223Z","checkpoint","0","Grupo WhatsApp","Control de tránsito","🚔🚨Operativos🚓 Arroyo Seco y alrededores","Control"
"-OxY3BbscqB_LkxV43tJ","WhatsApp Bot","2026-07-14T23:57:52.543Z","police","0","Grupo WhatsApp","En ruta 21 mano rosario villa a la altura de gral lagos estaba la policía parando","🚔🚨Operativos🚓 Arroyo Seco y alrededores","En ruta 21 mano rosario villa a la altura de gral lagos estaba la policía parando"
"-OxYFYBgq4oV134hhkOI","WhatsApp Bot","2026-07-15T00:51:50.736Z","municipal","0","Grupo WhatsApp","Precaución 2 zorros motorizados  hablando por ahora en av Dante alighieri entre oroño y moreno.","🔺SOLO OPERATIVOS DE TRÁNSITO (1)🔺","Precaución 2 zorros motorizados  hablando por ahora en av Dante alighieri entre oroño y moreno."
"-OxYSD3cU6G-BICo3GDa","WhatsApp Bot","2026-07-15T01:47:12.076Z","checkpoint","0","Grupo WhatsApp","Control en lagos","🚔🚨Operativos🚓 Arroyo Seco y alrededores","Control en lagos"
"-OxYnSu4dW-LmJaYz_22","WhatsApp Bot","2026-07-15T03:24:24.105Z","checkpoint","0","Grupo WhatsApp","Control enfrente de la Shell de Esther. mano yendo a lagos","🚔🚨Operativos🚓 Arroyo Seco y alrededores","Control enfrente de la Shell de Esther. mano yendo a lagos"
"-Ox_hVKHZLJMQtvHizMe","WhatsApp Bot","2026-07-15T12:17:35.606Z","municipal","0","Grupo WhatsApp","*⚠️✖️✖️⚠️CASTELLANOS ENTRE CORDOBA Y SANTA FE EN LA TERMINAL..... EL OPERATIVO DE (FISCA) FISCALIZAC","🔺SOLO OPERATIVOS DE TRÁNSITO (1)🔺","*⚠️✖️✖️⚠️CASTELLANOS ENTRE CORDOBA Y SANTA FE EN LA TERMINAL..... EL OPERATIVO DE (FISCA) FISCALIZACION DE TRANSPORTE (servicios públicos) PARANDO TAXIS Y AUTOS🚖🚘🚖 BUSCANDO REMISES TRUCHOS LOS UBER DIDI Y CABIFY NO HABILITADOS CON LA PLANCHA ITALIANA IVECO⚠️✖️✖️⚠️*"
"-Ox_lwNILSusckbxJKZz","WhatsApp Bot","2026-07-15T12:36:59.063Z","municipal","0","Grupo WhatsApp","*⚠️✖️✖️ATENCION AVELLANEDA ENTRE SANTA FE Y SAN LORENZO.....SE MUDO EL OPERATIVO DE (FISCA) FISCALIZ","🔺SOLO OPERATIVOS DE TRÁNSITO (1)🔺","*⚠️✖️✖️ATENCION AVELLANEDA ENTRE SANTA FE Y SAN LORENZO.....SE MUDO EL OPERATIVO DE (FISCA) FISCALIZACION DE TRANSPORTE (servicios públicos) PARANDO TAXIS Y AUTOS🚖🚘🚖 BUSCANDO REMISES TRUCHOS LOS UBER DIDI Y CABIFY NO HABILITADOS CON LA PLANCHA ITALIANA IVECO⚠️✖️✖️⚠️*"
"-Ox_rHHyL9XOwj3MY5R_","WhatsApp Bot","2026-07-15T13:00:19.554Z","police","0","Grupo WhatsApp","Si está la policía y tránsito, acabo de pasar","🚔🚨Operativos🚓 Arroyo Seco y alrededores","Si está la policía y tránsito, acabo de pasar"
"-Ox_rHJXHHA4VowZcX0L","WhatsApp Bot","2026-07-15T13:00:19.654Z","police","0","Grupo WhatsApp","Si está la policía y tránsito, acabo de pasar","🚔🚨Operativos🚓 Arroyo Seco y alrededores","Si está la policía y tránsito, acabo de pasar"
"-Ox_tMOKd8bRKjpEFNSD","WhatsApp Bot","2026-07-15T13:09:24.729Z","checkpoint","0","Grupo WhatsApp","Operativo en acceso Lagos","🚔🚨Operativos🚓 Arroyo Seco y alrededores","Operativo en acceso Lagos"
"-OxajbnLnn1qI4mNKeCc","WhatsApp Bot","2026-07-15T17:06:27.706Z","municipal","0","Grupo WhatsApp","Control para autos y motos , en el puente de arroyo del medio san Nicolás","🚔🚨Operativos🚓 Arroyo Seco y alrededores","Control para autos y motos , en el puente de arroyo del medio san Nicolás"
"-Oxbs6FUDzF0Qk-JuSjg","WhatsApp Bot","2026-07-15T22:23:10.915Z","checkpoint","0","Grupo WhatsApp","*HOLA !!! LOS QUE QUIERAN COLABORAR CON LA BASE CENTRAL DE OPERATIVOS LO PUEDEN HACER MEDIANTE UN AL","🔺SOLO OPERATIVOS DE TRÁNSITO (1)🔺","*HOLA !!! LOS QUE QUIERAN COLABORAR CON LA BASE CENTRAL DE OPERATIVOS LO PUEDEN HACER MEDIANTE UN ALIAS DE MERCADO PAGO....EL QUE LO HAGA TIENE QUE PASAR EL COMPROBANTE POR PRIVADO PARA SER AGENDADO DE FORMA DIFERENTE PARA EL GRUPO CERRADO QUE ARMAREMOS A FUTURO.... Y MUCHAS GRACIAS A TODOS LOS QUE COLABORAN.... GRACIAS👍*"
"-Oxg3-3Z4tybyTbSCkYO","WhatsApp Bot","2026-07-16T17:53:36.073Z","checkpoint","0","Grupo WhatsApp","Operativo","🚔🚨Operativos🚓 Arroyo Seco y alrededores","Operativo"
"-Oxg30PGkg7cf_MknJK8","WhatsApp Bot","2026-07-16T17:53:41.559Z","checkpoint","0","Grupo WhatsApp","Operativo","🚔🚨Operativos🚓 Arroyo Seco y alrededores","Operativo"
"-Oxg3H3P_QGOP2hTUJMt","WhatsApp Bot","2026-07-16T17:54:49.792Z","checkpoint","0","Grupo WhatsApp","*EL OPERATIVO CANCHA☝️*","🔺SOLO OPERATIVOS DE TRÁNSITO (1)🔺","*EL OPERATIVO CANCHA☝️*"
"-Oxg3mPC8ZEDPcDxN6TY","WhatsApp Bot","2026-07-16T17:57:02.259Z","checkpoint","0","Grupo WhatsApp","Operativo en el puerto","🚔🚨Operativos🚓 Arroyo Seco y alrededores","Operativo en el puerto"
"-Oxg8fJ7pFlxuzSVplf9","WhatsApp Bot","2026-07-16T18:18:23.918Z","checkpoint","0","Grupo WhatsApp","Control ingreso lagos por autopista","🚔🚨Operativos🚓 Arroyo Seco y alrededores","Control ingreso lagos por autopista"
"-Oxg8fWvg8Vs054IVtsm","WhatsApp Bot","2026-07-16T18:18:24.801Z","checkpoint","0","Grupo WhatsApp","Control ingreso lagos por autopista","🚔🚨Operativos🚓 Arroyo Seco y alrededores","Control ingreso lagos por autopista"
"-OxgrldBziHJfyfoyclE","WhatsApp Bot","2026-07-16T21:39:48.467Z","checkpoint","0","Grupo WhatsApp","*HOLA !!! LOS QUE QUIERAN COLABORAR CON LA BASE CENTRAL DE OPERATIVOS LO PUEDEN HACER MEDIANTE UN AL","🔺SOLO OPERATIVOS DE TRÁNSITO (1)🔺","*HOLA !!! LOS QUE QUIERAN COLABORAR CON LA BASE CENTRAL DE OPERATIVOS LO PUEDEN HACER MEDIANTE UN ALIAS DE MERCADO PAGO....EL QUE LO HAGA TIENE QUE PASAR EL COMPROBANTE POR PRIVADO PARA SER AGENDADO DE FORMA DIFERENTE PARA EL GRUPO CERRADO QUE ARMAREMOS A FUTURO.... Y MUCHAS GRACIAS A TODOS LOS QUE COLABORAN.... GRACIAS👍*"
"-Oxh-ZAqgeDRMlipERPf","WhatsApp Bot","2026-07-16T22:18:12.637Z","traffic","0","Grupo WhatsApp","Op de transito en granadero baigorria desde calle bs as y Eva Perón hasta orseti","🔺SOLO OPERATIVOS DE TRÁNSITO (1)🔺","Op de transito en granadero baigorria desde calle bs as y Eva Perón hasta orseti"
"-OxhJ1q62cJNr3QsQKcA","WhatsApp Bot","2026-07-16T23:43:18.954Z","municipal","0","Grupo WhatsApp","Control de tránsito y Policía en el aserradero de soldini","🔺SOLO OPERATIVOS DE TRÁNSITO (1)🔺","Control de tránsito y Policía en el aserradero de soldini"
"-OxhJGo72H5NiO5E99eq","WhatsApp Bot","2026-07-16T23:44:20.274Z","police","0","Grupo WhatsApp","Control policial en Aserradero de Soldini","🔺SOLO OPERATIVOS DE TRÁNSITO (1)🔺","Control de tránsito y Policía en el aserradero de soldini"
"-OxhgDIrCwbvSFcBIhDt","WhatsApp Bot","2026-07-17T01:28:57.371Z","checkpoint","0","Grupo WhatsApp","Operativo en el ingreso a arroyo por autopista","🚔🚨Operativos🚓 Arroyo Seco y alrededores","Operativo en el ingreso a arroyo por autopista"
"-OxjtWD1Ce8A325XNTOP","WhatsApp Bot","2026-07-17T11:46:17.125Z","checkpoint","0","Grupo WhatsApp","*🚧📹📹🚧MORENO ENTRE LA PAZ Y RIOBAMBA.... CONTROL DE VELOCIDAD (EL RADAR) MAXIMA 40 KMH🚧📹📹🚧*","🔺SOLO OPERATIVOS DE TRÁNSITO (1)🔺","*🚧📹📹🚧MORENO ENTRE LA PAZ Y RIOBAMBA.... CONTROL DE VELOCIDAD (EL RADAR) MAXIMA 40 KMH🚧📹📹🚧*"
"-Oxk3n-riKC7oPiw5kQQ","WhatsApp Bot","2026-07-17T12:35:33.593Z","checkpoint","0","Grupo WhatsApp","*🚧❌❌🚧RUTA 18 KM 4 A 5 .... OPERATIVO DE SEGURIDAD VIAL AMBAS MANOS🚧❌❌🚧*","🔺SOLO OPERATIVOS DE TRÁNSITO (1)🔺","*🚧❌❌🚧RUTA 18 KM 4 A 5 .... OPERATIVO DE SEGURIDAD VIAL AMBAS MANOS🚧❌❌🚧*"
"-Oxk4uBewMwh0HVPIX0m","WhatsApp Bot","2026-07-17T12:40:25.165Z","checkpoint","0","Grupo WhatsApp","Control en el puerto de arroyo","🚔🚨Operativos🚓 Arroyo Seco y alrededores","Control en el puerto de arroyo"
"-Oxk4uQvZUwF8F9z65__","WhatsApp Bot","2026-07-17T12:40:26.142Z","checkpoint","0","Grupo WhatsApp","Control en el puerto de arroyo","🚔🚨Operativos🚓 Arroyo Seco y alrededores","Control en el puerto de arroyo"
"-OxkPfCOhT05BNS9-TH6","WhatsApp Bot","2026-07-17T14:11:08.797Z","checkpoint","0","Grupo WhatsApp","Control  de las dos manos ruta 21 pasando Dreyfus. yendo para Arroyo Seco","🚔🚨Operativos🚓 Arroyo Seco y alrededores","Control  de las dos manos ruta 21 pasando Dreyfus. yendo para Arroyo Seco"
"-OxkbHIzqJl3_H9x4S0n","WhatsApp Bot","2026-07-17T15:06:14.690Z","checkpoint","0","Grupo WhatsApp","Acceso arroyo por la 21, ya finalizó el control... Liberado","🚔🚨Operativos🚓 Arroyo Seco y alrededores","Acceso arroyo por la 21, ya finalizó el control... Liberado"
"-OxlH6grlTDNYcU_8fON","WhatsApp Bot","2026-07-17T18:13:23.419Z","checkpoint","0","Grupo WhatsApp","Control ingreso a lagos autopista","🚔🚨Operativos🚓 Arroyo Seco y alrededores","Control ingreso a lagos autopista"
"-OxlH6weTd4d7cAFzrn4","WhatsApp Bot","2026-07-17T18:13:24.430Z","checkpoint","0","Grupo WhatsApp","Control ingreso a lagos autopista","🚔🚨Operativos🚓 Arroyo Seco y alrededores","Control ingreso a lagos autopista"
"-OxlabRjk1_OP9ETASrg","WhatsApp Bot","2026-07-17T19:42:56.339Z","radar","0","Grupo WhatsApp","Ojo !! 
Radar móvil Max 40 Jujuy 3000","🔺SOLO OPERATIVOS DE TRÁNSITO (1)🔺","Ojo !! 
Radar móvil Max 40 Jujuy 3000"
"-Oxlm-ACigRCXwjg5ugy","WhatsApp Bot","2026-07-17T20:32:41.201Z","checkpoint","0","Grupo WhatsApp","Control pasando el parque industrial yendo para alvear","🚔🚨Operativos🚓 Arroyo Seco y alrededores","Control pasando el parque industrial yendo para alvear"
"-Oxlm-QM9v3M7OSKq2Ia","WhatsApp Bot","2026-07-17T20:32:42.235Z","checkpoint","0","Grupo WhatsApp","Control pasando el parque industrial yendo para alvear","🚔🚨Operativos🚓 Arroyo Seco y alrededores","Control pasando el parque industrial yendo para alvear"
"-Oxm19x1Qlz_2gHXLXDZ","WhatsApp Bot","2026-07-17T21:43:19.654Z","checkpoint","0","Grupo WhatsApp","*HOLA !!! LOS QUE QUIERAN COLABORAR CON LA BASE CENTRAL DE OPERATIVOS LO PUEDEN HACER MEDIANTE UN AL","🔺SOLO OPERATIVOS DE TRÁNSITO (1)🔺","*HOLA !!! LOS QUE QUIERAN COLABORAR CON LA BASE CENTRAL DE OPERATIVOS LO PUEDEN HACER MEDIANTE UN ALIAS DE MERCADO PAGO....EL QUE LO HAGA TIENE QUE PASAR EL COMPROBANTE POR PRIVADO PARA SER AGENDADO DE FORMA DIFERENTE PARA EL GRUPO CERRADO QUE ARMAREMOS A FUTURO.... Y MUCHAS GRACIAS A TODOS LOS QUE COLABORAN.... GRACIAS👍*"
"-OxmEFWGWdBwwMISSETF","WhatsApp Bot","2026-07-17T22:40:30.324Z","police","0","Grupo WhatsApp","Policía en acceso de arroyo  parando","🚔🚨Operativos🚓 Arroyo Seco y alrededores","Policía en acceso de arroyo  parando"
"-OxmHToyTvkqowNaaW7L","WhatsApp Bot","2026-07-17T22:54:35.361Z","checkpoint","0","Grupo WhatsApp","Control en peaje 🤦🏻‍♀️🙄","🚔🚨Operativos🚓 Arroyo Seco y alrededores","Control en peaje 🤦🏻‍♀️🙄"
"-OxmHe2GHyPbT4Eex1De","WhatsApp Bot","2026-07-17T22:55:21.333Z","checkpoint","0","Grupo WhatsApp","Solo control","🚔🚨Operativos🚓 Arroyo Seco y alrededores","Solo control"
"-Oxn2_X_s_Hz7V3X5JER","WhatsApp Bot","2026-07-18T02:29:07.912Z","municipal","0","Grupo WhatsApp","*🚧📛📛🚧URQUIZA Y VERA MUJICA .... LLEGO EL POTENTE OPERATIVO DE TRÁNSITO CON ALCOHOLEMIA🗣️🗣️ NAR","🔺SOLO OPERATIVOS DE TRÁNSITO (1)🔺","*🚧📛📛🚧URQUIZA Y VERA MUJICA .... LLEGO EL POTENTE OPERATIVO DE TRÁNSITO CON ALCOHOLEMIA🗣️🗣️ NARCOLEMIA Y THC CANNABIS CON EL CARRETON Y LAS GRUAS 🚘🛵🚘🛵 A FULL IMPACT CON EL JEFE DE DIVISION LUIS (ALIAS JARRO).... EVITEN ZONA!!!🚧📛📛🚧*"
"-OxnPkIBiW9Vrg6Ojd_6","WhatsApp Bot","2026-07-18T04:10:21.296Z","municipal","0","Grupo WhatsApp","*🚧📛📛🚧AV ESTANISLAO LOPEZ Y OROÑO ALTURA LOS SILOS DAVIS.... LLEGANDO EL OTRO POTENTE OPERATIVO D","🔺SOLO OPERATIVOS DE TRÁNSITO (1)🔺","*🚧📛📛🚧AV ESTANISLAO LOPEZ Y OROÑO ALTURA LOS SILOS DAVIS.... LLEGANDO EL OTRO POTENTE OPERATIVO DE TRÁNSITO CON ALCOHOLEMIA🗣️🗣️ NARCOLEMIA Y THC CANNABIS CON EL CARRETON Y LAS GRUAS 🚘🛵🚘🛵A FULL IMPACT CON EL JEFE DE DIVISION ADRIAN LALLIA (ALALUZ) ..... EVITEN ZONA!!!🚧📛📛🚧*"
"-OxnWutHkxHSTS83hgqe","WhatsApp Bot","2026-07-18T04:41:39.702Z","municipal","0","Grupo WhatsApp","*⚠️✖️✖️⚠️ESPAÑA ENTRE MONTEVIDEO Y ZEBALLOS.... EL ATROZ OPERATIVO DE FISCA FISCALIZACION DE TRANSPO","🔺SOLO OPERATIVOS DE TRÁNSITO (1)🔺","*⚠️✖️✖️⚠️ESPAÑA ENTRE MONTEVIDEO Y ZEBALLOS.... EL ATROZ OPERATIVO DE FISCA FISCALIZACION DE TRANSPORTE (servicios públicos) PARANDO TAXIS Y AUTOS 🚖🚘🚖 BUSCANDO REMISES TRUCHOS LOS UBER DIDI Y CABIFY NO HABILITADOS CON LA PLANCHA ITALIANA IVECO CON ALCOHOLEMIA🗣️🗣️⚠️✖️✖️⚠️*"
"-OxnZY0myPZ1GRldcw3d","WhatsApp Bot","2026-07-18T04:53:08.374Z","checkpoint","0","Grupo WhatsApp","Control en oroño","🚔🚨Operativos🚓 Arroyo Seco y alrededores","Control en oroño"
"-Oxos584z6q9jUkxrntX","WhatsApp Bot","2026-07-18T10:58:10.153Z","checkpoint","0","Grupo WhatsApp","Ruta 21 mano a rosario ay operativo","🚔🚨Operativos🚓 Arroyo Seco y alrededores","Ruta 21 mano a rosario ay operativo"
"-Oxp2tmcZmIaREf8u4zt","WhatsApp Bot","2026-07-18T11:49:45.292Z","police","0","Grupo WhatsApp","San lorenzo antes de alsina dos policías parando","🔺SOLO OPERATIVOS DE TRÁNSITO (1)🔺","San lorenzo antes de alsina dos policías parando"
"-OxpKImsOoNfd_N7fhmy","WhatsApp Bot","2026-07-18T13:05:48.252Z","municipal","0","Grupo WhatsApp","*⚠️✖️✖️⚠️AYOLAS ENTRE SAN MARTIN Y MAIPU (SUPER LA REINA)... EL OPERATIVO DE FISCA FISCALIZACION DE ","🔺SOLO OPERATIVOS DE TRÁNSITO (1)🔺","*⚠️✖️✖️⚠️AYOLAS ENTRE SAN MARTIN Y MAIPU (SUPER LA REINA)... EL OPERATIVO DE FISCA FISCALIZACION DE TRANSPORTE (servicios públicos) PARANDO TAXIS Y AUTOS 🚖🚘🚖BUSCANDO REMISES TRUCHOS LOS UBER DIDI Y CABIFY NO HABILITADOS CON LA PLANCHA ITALIANA IVECO⚠️✖️✖️⚠️*"
"-Oxpj3Mp5wd-uTFUwZDG","WhatsApp Bot","2026-07-18T14:58:20.825Z","checkpoint","0","Grupo WhatsApp","*HOLA !!! LOS QUE QUIERAN COLABORAR CON LA BASE CENTRAL DE OPERATIVOS LO PUEDEN HACER MEDIANTE UN AL","🔺SOLO OPERATIVOS DE TRÁNSITO (1)🔺","*HOLA !!! LOS QUE QUIERAN COLABORAR CON LA BASE CENTRAL DE OPERATIVOS LO PUEDEN HACER MEDIANTE UN ALIAS DE MERCADO PAGO....EL QUE LO HAGA TIENE QUE PASAR EL COMPROBANTE POR PRIVADO PARA SER AGENDADO DE FORMA DIFERENTE PARA EL GRUPO CERRADO QUE ARMAREMOS A FUTURO.... Y MUCHAS GRACIAS A TODOS LOS QUE COLABORAN.... GRACIAS👍*"
"-OxqXISnkWirS3cYY2as","WhatsApp Bot","2026-07-18T18:42:11.991Z","checkpoint","0","Grupo WhatsApp","A full el operativo en silvestre Begnis","🔺SOLO OPERATIVOS DE TRÁNSITO (1)🔺","A full el operativo en silvestre Begnis"
"-OxqXI_540IS3QAxMq7G","WhatsApp Bot","2026-07-18T18:42:12.458Z","checkpoint","0","Grupo WhatsApp","A full el operativo en silvestre Begnis","🔺SOLO OPERATIVOS DE TRÁNSITO (1)🔺","A full el operativo en silvestre Begnis"
"-Oxr4SEUm3J1OQ79p9w5","WhatsApp Bot","2026-07-18T21:15:47.075Z","police","0","Grupo WhatsApp","Juan b justo tránsito y policia... en la escuela estan","🚔🚨Operativos🚓 Arroyo Seco y alrededores","Juan b justo tránsito y policia... en la escuela estan"
"-Oxr4STcG0Fbr8uIq6VC","WhatsApp Bot","2026-07-18T21:15:48.044Z","police","0","Grupo WhatsApp","Juan b justo tránsito y policia... en la escuela estan","🚔🚨Operativos🚓 Arroyo Seco y alrededores","Juan b justo tránsito y policia... en la escuela estan"
"-Oxr9Ljx6m-KAv5faSTY","WhatsApp Bot","2026-07-18T21:37:11.201Z","checkpoint","0","Grupo WhatsApp","*HOLA !!! LOS QUE QUIERAN COLABORAR CON LA BASE CENTRAL DE OPERATIVOS LO PUEDEN HACER MEDIANTE UN AL","🔺SOLO OPERATIVOS DE TRÁNSITO (1)🔺","*HOLA !!! LOS QUE QUIERAN COLABORAR CON LA BASE CENTRAL DE OPERATIVOS LO PUEDEN HACER MEDIANTE UN ALIAS DE MERCADO PAGO....EL QUE LO HAGA TIENE QUE PASAR EL COMPROBANTE POR PRIVADO PARA SER AGENDADO DE FORMA DIFERENTE PARA EL GRUPO CERRADO QUE ARMAREMOS A FUTURO.... Y MUCHAS GRACIAS A TODOS LOS QUE COLABORAN.... GRACIAS👍*"
"-OxrAV5Y3as1Gl6rvd84","WhatsApp Bot","2026-07-18T21:42:11.655Z","police","0","Grupo WhatsApp","Juan b justo y Juárez celman opertativo policía y tránsito","🚔🚨Operativos🚓 Arroyo Seco y alrededores","Juan b justo y Juárez celman opertativo policía y tránsito"
"-OxrAVKRHgpu3S8GmeW-","WhatsApp Bot","2026-07-18T21:42:12.608Z","police","0","Grupo WhatsApp","Juan b justo y Juárez celman opertativo policía y tránsito","🚔🚨Operativos🚓 Arroyo Seco y alrededores","Juan b justo y Juárez celman opertativo policía y tránsito"
"-OxrCOkbm-_J3tXbCpPL","WhatsApp Bot","2026-07-18T21:50:29.963Z","checkpoint","0","Grupo WhatsApp","Ingreso a Lagos (por la 21) control","🚔🚨Operativos🚓 Arroyo Seco y alrededores","Ingreso a Lagos (por la 21) control"
"-OxrsXdgwV2-fT_Rh6WD","WhatsApp Bot","2026-07-19T00:58:58.580Z","police","0","Grupo WhatsApp","Boulevard Oroño cortado por operativo policial","🔺SOLO OPERATIVOS DE TRÁNSITO (1)🔺","BV otoño mano al sur cortado a la altura de tres de febrero,se ven balizas azules desde lejos es mucha presencia policial"
"-OxruTn9pJ45Unf4yeNG","WhatsApp Bot","2026-07-19T01:07:27.085Z","police","0","Grupo WhatsApp","Policía en el cristo","🚔🚨Operativos🚓 Arroyo Seco y alrededores","Policía en el cristo"
"-OxsFk7HsFBBtrino3yp","WhatsApp Bot","2026-07-19T02:44:45.237Z","municipal","0","Grupo WhatsApp","*🚧📛📛🚧SALTA E IRIONDO  Y ALRREDEDORES .... EL POTENTE OPERATIVO DE TRÁNSITO CON ALCOHOLEMIA🗣️🗣️","🔺SOLO OPERATIVOS DE TRÁNSITO (1)🔺","*🚧📛📛🚧SALTA E IRIONDO  Y ALRREDEDORES .... EL POTENTE OPERATIVO DE TRÁNSITO CON ALCOHOLEMIA🗣️🗣️ NARCOLEMIA Y THC CANNABIS CON EL CARRETON Y LAS GRUAS 🚘🛵🚘🛵Q FULL IMPACT CON EL JEFE DE DIVISION PINO ( VIEJO BORRACON Y BIGOTON)..... EVITEN ZONA!!🚧📛📛🚧!*"
"-OxsPiDGVQjYwVy-_iA9","WhatsApp Bot","2026-07-19T03:28:18.868Z","municipal","0","Grupo WhatsApp","*🚧🚥🚥🚧RUTA 21 Y 27 DE FEBRERO DONDE ESTA FIOCCHI EN PUEBLO ESTHER.... EL OPERATIVO DE TRÁNSITO (E","🔺SOLO OPERATIVOS DE TRÁNSITO (1)🔺","*🚧🚥🚥🚧RUTA 21 Y 27 DE FEBRERO DONDE ESTA FIOCCHI EN PUEBLO ESTHER.... EL OPERATIVO DE TRÁNSITO (EL CAU control y asistencia urbana)CON ALCOHOLEMIA🗣️🗣️ Y POLICÍA VIAL AMBAS MANOS A FULL IMPACT!!🚧🚥🚥🚧*"
"-OxsU7rVg4wAhVAlBWYz","WhatsApp Bot","2026-07-19T03:47:36.578Z","checkpoint","0","Grupo WhatsApp","Operativo frente ala Shell de pueblo esther","🚔🚨Operativos🚓 Arroyo Seco y alrededores","Operativo frente ala Shell de pueblo esther"
"-OxsU803RBfn44d8NQlD","WhatsApp Bot","2026-07-19T03:47:37.191Z","checkpoint","0","Grupo WhatsApp","Operativo frente ala Shell de pueblo esther","🚔🚨Operativos🚓 Arroyo Seco y alrededores","Operativo frente ala Shell de pueblo esther"
"-OxsUOWdZ9_PA6H2c7dm","WhatsApp Bot","2026-07-19T03:48:44.812Z","checkpoint","0","Grupo WhatsApp","Un poco más atrás de la Shell, estaban del lado llendo para lagos haciendo control","🚔🚨Operativos🚓 Arroyo Seco y alrededores","Un poco más atrás de la Shell, estaban del lado llendo para lagos haciendo control"
"-OxseNqq2LWYTsIZngvj","WhatsApp Bot","2026-07-19T04:36:45.657Z","municipal","0","Grupo WhatsApp","*🚧📛📛🚧RIVADAVIA Y SANTIAGO .... LLEGANDO EL OTRO POTENTE OPERATIVO DE TRÁNSITO CON ALCOHOLEMIA🗣️","🔺SOLO OPERATIVOS DE TRÁNSITO (1)🔺","*🚧📛📛🚧RIVADAVIA Y SANTIAGO .... LLEGANDO EL OTRO POTENTE OPERATIVO DE TRÁNSITO CON ALCOHOLEMIA🗣️🗣️ NARCOLEMIA Y THC CANNABIS CON EL CARRETON Y LAS GRUAS 🚘🛵🚘🛵A FULL IMPACT CON EL JEFE DE DIVISION ADRIAN LALLIA (ALALUZ)..... EVITEN ZONA!!!🚧📛📛🚧*"
"-OxslMcjU2GxiWGRQiLV","WhatsApp Bot","2026-07-19T05:07:15.666Z","police","0","Grupo WhatsApp","Ruta 21 y oroño (p esther) esta el cau y la policía... Paran aleatorio... Atentos","🔺SOLO OPERATIVOS DE TRÁNSITO (1)🔺","Ruta 21 y oroño (p esther) esta el cau y la policía... Paran aleatorio... Atentos"
"-OxuyYXpoGlSWXDp2pgU","WhatsApp Bot","2026-07-19T15:24:06.745Z","checkpoint","0","Grupo WhatsApp","*HOLA !!! LOS QUE QUIERAN COLABORAR CON LA BASE CENTRAL DE OPERATIVOS LO PUEDEN HACER MEDIANTE UN AL","🔺SOLO OPERATIVOS DE TRÁNSITO (1)🔺","*HOLA !!! LOS QUE QUIERAN COLABORAR CON LA BASE CENTRAL DE OPERATIVOS LO PUEDEN HACER MEDIANTE UN ALIAS DE MERCADO PAGO....EL QUE LO HAGA TIENE QUE PASAR EL COMPROBANTE POR PRIVADO PARA SER AGENDADO DE FORMA DIFERENTE PARA EL GRUPO CERRADO QUE ARMAREMOS A FUTURO.... Y MUCHAS GRACIAS A TODOS LOS QUE COLABORAN.... GRACIAS👍*"
"-OxwbQ36NZEWEPQIJ348","WhatsApp Bot","2026-07-19T23:02:17.191Z","police","0","Grupo WhatsApp","Policía parando General López apenas doblas de San Martin","🚔🚨Operativos🚓 Arroyo Seco y alrededores","Policía parando General López apenas doblas de San Martin"
"-OxwbQGrOx8QR_TZrm-c","WhatsApp Bot","2026-07-19T23:02:18.072Z","police","0","Grupo WhatsApp","Policía parando General López apenas doblas de San Martin","🚔🚨Operativos🚓 Arroyo Seco y alrededores","Policía parando General López apenas doblas de San Martin"
"-Oy0Gfjje8hXUbX23qqT","WhatsApp Bot","2026-07-20T20:45:24.372Z","checkpoint","0","Grupo WhatsApp","*🚧📹📹🚧GODOY Y GARZON MANO AL ESTE.... EL CONTROL DE VELOCIDAD (EL RADAR) MAXIMA 60 KMH🚧📹📹🚧*","🔺SOLO OPERATIVOS DE TRÁNSITO (1)🔺","*🚧📹📹🚧GODOY Y GARZON MANO AL ESTE.... EL CONTROL DE VELOCIDAD (EL RADAR) MAXIMA 60 KMH🚧📹📹🚧*"
"-Oy0PnSXNxJVagIu5iGT","WhatsApp Bot","2026-07-20T21:25:15.271Z","checkpoint","0","Grupo WhatsApp","*HOLA !!! LOS QUE QUIERAN COLABORAR CON LA BASE CENTRAL DE OPERATIVOS LO PUEDEN HACER MEDIANTE UN AL","🔺SOLO OPERATIVOS DE TRÁNSITO (1)🔺","*HOLA !!! LOS QUE QUIERAN COLABORAR CON LA BASE CENTRAL DE OPERATIVOS LO PUEDEN HACER MEDIANTE UN ALIAS DE MERCADO PAGO....EL QUE LO HAGA TIENE QUE PASAR EL COMPROBANTE POR PRIVADO PARA SER AGENDADO DE FORMA DIFERENTE PARA EL GRUPO CERRADO QUE ARMAREMOS A FUTURO.... Y MUCHAS GRACIAS A TODOS LOS QUE COLABORAN.... GRACIAS👍*"
"-Oy0PrQzFph47gOl4JUi","WhatsApp Bot","2026-07-20T21:25:31.556Z","checkpoint","0","Grupo WhatsApp","Operativo en la entrada arroyo por el acceso","🚔🚨Operativos🚓 Arroyo Seco y alrededores","Operativo en la entrada arroyo por el acceso"
"-Oy4-_p12Q8s8X8wxu6a","WhatsApp Bot","2026-07-21T14:09:12.552Z","checkpoint","0","Grupo WhatsApp","En la fiocchi de pueblo Esther ahí control","🚔🚨Operativos🚓 Arroyo Seco y alrededores","En la fiocchi de pueblo Esther ahí control"
"-Oy4-a9P8MXO0QQqyFMz","WhatsApp Bot","2026-07-21T14:09:13.920Z","checkpoint","0","Grupo WhatsApp","En la fiocchi de pueblo Esther ahí control","🚔🚨Operativos🚓 Arroyo Seco y alrededores","En la fiocchi de pueblo Esther ahí control"
"-Oy4s_Ci1JWI50ptbSgz","WhatsApp Bot","2026-07-21T18:13:50.100Z","checkpoint","0","Grupo WhatsApp","Control ingreso lagos por autopista","🚔🚨Operativos🚓 Arroyo Seco y alrededores","Control ingreso lagos por autopista"
"-Oy4skwlvpUaglxmjsdX","WhatsApp Bot","2026-07-21T18:14:38.167Z","checkpoint","0","Grupo WhatsApp","Control acceso a lagos por autopista","🚔🚨Operativos🚓 Arroyo Seco y alrededores","Control acceso a lagos por autopista"
"-Oy4slFIgYFwUpXaRQ8H","WhatsApp Bot","2026-07-21T18:14:39.417Z","checkpoint","0","Grupo WhatsApp","Control acceso a lagos por autopista","🚔🚨Operativos🚓 Arroyo Seco y alrededores","Control acceso a lagos por autopista"
"-Oy4vv42FJdVp4UHZvi4","WhatsApp Bot","2026-07-21T18:28:26.089Z","police","0","Grupo WhatsApp","Control acceso arroyo...shell..policia","🚔🚨Operativos🚓 Arroyo Seco y alrededores","Control acceso arroyo...shell..policia"
"-Oy4vvDOiAyEwRL7Fpp2","WhatsApp Bot","2026-07-21T18:28:26.687Z","police","0","Grupo WhatsApp","Control acceso arroyo...shell..policia","🚔🚨Operativos🚓 Arroyo Seco y alrededores","Control acceso arroyo...shell..policia"
"-Oy528Qy6Lhku2ZexnYS","WhatsApp Bot","2026-07-21T18:59:59.908Z","police","0","Grupo WhatsApp","Policia","🚔🚨Operativos🚓 Arroyo Seco y alrededores","Policia"
"-Oy5YTzbT3LOcOVyDB61","WhatsApp Bot","2026-07-21T21:21:16.816Z","checkpoint","0","Grupo WhatsApp","*HOLA !!! LOS QUE QUIERAN COLABORAR CON LA BASE CENTRAL DE OPERATIVOS LO PUEDEN HACER MEDIANTE UN AL","🔺SOLO OPERATIVOS DE TRÁNSITO (1)🔺","*HOLA !!! LOS QUE QUIERAN COLABORAR CON LA BASE CENTRAL DE OPERATIVOS LO PUEDEN HACER MEDIANTE UN ALIAS DE MERCADO PAGO....EL QUE LO HAGA TIENE QUE PASAR EL COMPROBANTE POR PRIVADO PARA SER AGENDADO DE FORMA DIFERENTE PARA EL GRUPO CERRADO QUE ARMAREMOS A FUTURO.... Y MUCHAS GRACIAS A TODOS LOS QUE COLABORAN.... GRACIAS👍*"
"-Oy6NJYLjbDUySmC58xH","WhatsApp Bot","2026-07-22T01:12:07.673Z","municipal","0","Grupo WhatsApp","*🚧❌❌🚧RUTA 9 Y SANTO TOMÉ ALTURA LA SHELL ABANDONADA EN FUNES..... OPERATIVO DE TRÁNSITO CON LA POL","🔺SOLO OPERATIVOS DE TRÁNSITO (1)🔺","*🚧❌❌🚧RUTA 9 Y SANTO TOMÉ ALTURA LA SHELL ABANDONADA EN FUNES..... OPERATIVO DE TRÁNSITO CON LA POLICIA AMBAS MANOS🚧❌❌🚧*"
"-Oy9nji2SkgXftEMTTkO","WhatsApp Bot","2026-07-22T17:10:48.489Z","checkpoint","0","Grupo WhatsApp","control en ruta 21 y colón","🚔🚨Operativos🚓 Arroyo Seco y alrededores","control en ruta 21 y colón"
"-Oy9nk14qRp9a_-MKmNJ","WhatsApp Bot","2026-07-22T17:10:49.771Z","checkpoint","0","Grupo WhatsApp","control en ruta 21 y colón","🚔🚨Operativos🚓 Arroyo Seco y alrededores","control en ruta 21 y colón"
"-Oy9uZ-2lUwkUffBSreZ","WhatsApp Bot","2026-07-22T17:40:35.497Z","checkpoint","0","Grupo WhatsApp","Control pueblo esther","🚔🚨Operativos🚓 Arroyo Seco y alrededores","Control pueblo esther"
"-Oy9uZEyiufRpXCy47Wt","WhatsApp Bot","2026-07-22T17:40:36.516Z","checkpoint","0","Grupo WhatsApp","Control pueblo esther","🚔🚨Operativos🚓 Arroyo Seco y alrededores","Control pueblo esther"
"-OyA231m8th1sGDtBaFY","WhatsApp Bot","2026-07-22T18:17:43.896Z","checkpoint","0","Grupo WhatsApp","Control ingreso a lagos por ruta 21","🚔🚨Operativos🚓 Arroyo Seco y alrededores","Control ingreso a lagos por ruta 21"
"-OyAGIMOmRvgBxbOnmbx","WhatsApp Bot","2026-07-22T19:19:56.671Z","checkpoint","0","Grupo WhatsApp","Jj paso y Méjico control velocidad!!!","🔺SOLO OPERATIVOS DE TRÁNSITO (1)🔺","Jj paso y Méjico control velocidad!!!"
"-OyAmMgHLb6F_VCFpT0W","WhatsApp Bot","2026-07-22T21:44:25.141Z","checkpoint","0","Grupo WhatsApp","*HOLA !!! LOS QUE QUIERAN COLABORAR CON LA BASE CENTRAL DE OPERATIVOS LO PUEDEN HACER MEDIANTE UN AL","🔺SOLO OPERATIVOS DE TRÁNSITO (1)🔺","*HOLA !!! LOS QUE QUIERAN COLABORAR CON LA BASE CENTRAL DE OPERATIVOS LO PUEDEN HACER MEDIANTE UN ALIAS DE MERCADO PAGO....EL QUE LO HAGA TIENE QUE PASAR EL COMPROBANTE POR PRIVADO PARA SER AGENDADO DE FORMA DIFERENTE PARA EL GRUPO CERRADO QUE ARMAREMOS A FUTURO.... Y MUCHAS GRACIAS A TODOS LOS QUE COLABORAN.... GRACIAS👍*"
"-OyAmMnR51mKVR1e78gw","WhatsApp Bot","2026-07-22T21:44:25.599Z","checkpoint","0","Grupo WhatsApp","*HOLA !!! LOS QUE QUIERAN COLABORAR CON LA BASE CENTRAL DE OPERATIVOS LO PUEDEN HACER MEDIANTE UN AL","🔺SOLO OPERATIVOS DE TRÁNSITO (1)🔺","*HOLA !!! LOS QUE QUIERAN COLABORAR CON LA BASE CENTRAL DE OPERATIVOS LO PUEDEN HACER MEDIANTE UN ALIAS DE MERCADO PAGO....EL QUE LO HAGA TIENE QUE PASAR EL COMPROBANTE POR PRIVADO PARA SER AGENDADO DE FORMA DIFERENTE PARA EL GRUPO CERRADO QUE ARMAREMOS A FUTURO.... Y MUCHAS GRACIAS A TODOS LOS QUE COLABORAN.... GRACIAS👍*"
"-OyBCa6Z4UyfQtBQ4tGQ","WhatsApp Bot","2026-07-22T23:43:22.120Z","police","0","Grupo WhatsApp","Policia parando en lagos pasando el motel mano a arroyo","🚔🚨Operativos🚓 Arroyo Seco y alrededores","Policia parando en lagos pasando el motel mano a arroyo"
"-OyBCaSuVwJCTX_VaMkg","WhatsApp Bot","2026-07-22T23:43:23.550Z","police","0","Grupo WhatsApp","Policia parando en lagos pasando el motel mano a arroyo","🚔🚨Operativos🚓 Arroyo Seco y alrededores","Policia parando en lagos pasando el motel mano a arroyo"
"-OyEBJQ6a2xsk-FVkLqo","WhatsApp Bot","2026-07-23T13:36:39.147Z","radar","0","Grupo WhatsApp","Por la dudas te aviso, están colocando los radares, hoy en el acceso de autopista cerca de la Shell.","🚔🚨Operativos🚓 Arroyo Seco y alrededores","Por la dudas te aviso, están colocando los radares, hoy en el acceso de autopista cerca de la Shell."
"-OyEMASzwxTEVDwD7B4d","WhatsApp Bot","2026-07-23T14:24:06.051Z","checkpoint","0","Grupo WhatsApp","Solo operativos","🚔🚨Operativos🚓 Arroyo Seco y alrededores","Solo operativos"
"-OyEVzxIFRtf_NACSHe7","WhatsApp Bot","2026-07-23T15:07:00.343Z","radar","0","Grupo WhatsApp","Por la dudas te aviso, están colocando los radares, hoy en el acceso de autopista cerca de la Shell.","🚔🚨Operativos🚓 Arroyo Seco y alrededores","Por la dudas te aviso, están colocando los radares, hoy en el acceso de autopista cerca de la Shell."
"-OyEW2yr8o_d8UlGEotx","WhatsApp Bot","2026-07-23T15:07:16.827Z","radar","0","Grupo WhatsApp","Por la dudas te aviso, están colocando los radares, hoy en el acceso de autopista cerca de la Shell.","🚔🚨Operativos🚓 Arroyo Seco y alrededores","Por la dudas te aviso, están colocando los radares, hoy en el acceso de autopista cerca de la Shell."
"-OyEw8Jxl1UqoAA9Yidj","WhatsApp Bot","2026-07-23T17:05:36.609Z","radar","0","Grupo WhatsApp","Ingreso Arroyo están colocando el radar frente al gauchito","🚔🚨Operativos🚓 Arroyo Seco y alrededores","Ingreso Arroyo están colocando el radar frente al gauchito"
"-OyExnxhVovyFAmsje0I","WhatsApp Bot","2026-07-23T17:12:53.392Z","checkpoint","0","Grupo WhatsApp","Buenas, control en Shell P. Esther, sobre R21","🚔🚨Operativos🚓 Arroyo Seco y alrededores","Buenas, control en Shell P. Esther, sobre R21"
"-OyFLCp19xMtMUA2zx3N","WhatsApp Bot","2026-07-23T18:59:30.790Z","municipal","0","Grupo WhatsApp","*POSIBLE FISCA ACA☝️*","🔺SOLO OPERATIVOS DE TRÁNSITO (1)🔺","*POSIBLE FISCA ACA☝️*"
"-OyFsCPHpChwcQq_I7Kh","WhatsApp Bot","2026-07-23T21:28:01.975Z","checkpoint","0","Grupo WhatsApp","*HOLA !!! LOS QUE QUIERAN COLABORAR CON LA BASE CENTRAL DE OPERATIVOS LO PUEDEN HACER MEDIANTE UN AL","🔺SOLO OPERATIVOS DE TRÁNSITO (1)🔺","*HOLA !!! LOS QUE QUIERAN COLABORAR CON LA BASE CENTRAL DE OPERATIVOS LO PUEDEN HACER MEDIANTE UN ALIAS DE MERCADO PAGO....EL QUE LO HAGA TIENE QUE PASAR EL COMPROBANTE POR PRIVADO PARA SER AGENDADO DE FORMA DIFERENTE PARA EL GRUPO CERRADO QUE ARMAREMOS A FUTURO.... Y MUCHAS GRACIAS A TODOS LOS QUE COLABORAN.... GRACIAS👍*"
"-OyG3Mrov3yeIuiF4WoC","WhatsApp Bot","2026-07-23T22:21:10.553Z","checkpoint","0","Grupo WhatsApp","Pueblo esther control ruta 21 y la shell","🚔🚨Operativos🚓 Arroyo Seco y alrededores","Pueblo esther control ruta 21 y la shell"
"-OyGGXCAaXwyjOGGUm70","WhatsApp Bot","2026-07-23T23:18:40.752Z","checkpoint","0","Grupo WhatsApp","Sólo operativos.","🚔🚨Operativos🚓 Arroyo Seco y alrededores","Sólo operativos."
"-OyGGXQzIeOwn1LwLFsr","WhatsApp Bot","2026-07-23T23:18:41.700Z","checkpoint","0","Grupo WhatsApp","Sólo operativos.","🚔🚨Operativos🚓 Arroyo Seco y alrededores","Sólo operativos."
"-OyGGdYa9wyhxomX0HVh","WhatsApp Bot","2026-07-23T23:19:10.859Z","traffic","0","Grupo WhatsApp","hay dos autos de transito caferata entre sta fe y cordoba me parece que estan x armar","🔺SOLO OPERATIVOS DE TRÁNSITO (1)🔺","hay dos autos de transito caferata entre sta fe y cordoba me parece que estan x armar"
"-OyGGdmvarAon4gpOXsr","WhatsApp Bot","2026-07-23T23:19:11.840Z","traffic","0","Grupo WhatsApp","hay dos autos de transito caferata entre sta fe y cordoba me parece que estan x armar","🔺SOLO OPERATIVOS DE TRÁNSITO (1)🔺","hay dos autos de transito caferata entre sta fe y cordoba me parece que estan x armar"
"-OyGz5W_oZcvaZK8I5Pq","WhatsApp Bot","2026-07-24T02:37:45.994Z","municipal","0","Grupo WhatsApp","*🚧📛📛🚧ATENCION.... PELLEGRINI ENTRE MORENO Y OROÑO.... SIGUE A FULL EL OPERATIVO DE TRÁNSITO AMBA","🔺SOLO OPERATIVOS DE TRÁNSITO (1)🔺","*🚧📛📛🚧ATENCION.... PELLEGRINI ENTRE MORENO Y OROÑO.... SIGUE A FULL EL OPERATIVO DE TRÁNSITO AMBAS MANOS CON ALCOHOLEMIA🗣️🗣️ Y LAS GRUAS Y EL CARRETON🚘🛵🚘 TAMBIEN🚧📛📛🚧*"
"-OyHICP2E3-OFSVUPmZL","WhatsApp Bot","2026-07-24T04:05:37.041Z","municipal","0","Grupo WhatsApp","*⚠️✖️✖️⚠️RIVADAVIA ENTRE ALVEAR Y OROÑO.... EL OPERATIVO DE FISCA FISCALIZACION DE TRANSPORTE (servi","🔺SOLO OPERATIVOS DE TRÁNSITO (1)🔺","*⚠️✖️✖️⚠️RIVADAVIA ENTRE ALVEAR Y OROÑO.... EL OPERATIVO DE FISCA FISCALIZACION DE TRANSPORTE (servicios públicos) PARANDO TAXIS Y AUTOS 🚖🚘🚖BUSCANDO REMISES TRUCHOS LOS UBER DIDI Y CABIFY NO HABILITADOS CON LA PLANCHA ITALIANA IVECO CON ALCOHOLEMIA🗣️🗣️ Y NARCOLEMIA⚠️✖️✖️⚠️*"
"-OyJbtf1FcyV-Gh0WdCb","WhatsApp Bot","2026-07-24T14:55:15.683Z","checkpoint","0","Grupo WhatsApp","Control en pueblo esther antes de llegar a la shel","🚔🚨Operativos🚓 Arroyo Seco y alrededores","Control en pueblo esther antes de llegar a la shel"
"-OyJbtyHxTy0CT0PK1cJ","WhatsApp Bot","2026-07-24T14:55:16.915Z","checkpoint","0","Grupo WhatsApp","Control en pueblo esther antes de llegar a la shel","🚔🚨Operativos🚓 Arroyo Seco y alrededores","Control en pueblo esther antes de llegar a la shel"
"-OyKI9g8QREmoURr5LWo","WhatsApp Bot","2026-07-24T18:04:17.578Z","checkpoint","0","Grupo WhatsApp","Operativo en las vías y ao12 poli víal cau","🚔🚨Operativos🚓 Arroyo Seco y alrededores","Operativo en las vías y ao12 poli víal cau"
"-OyKI9vAMVcX-i4HX5VQ","WhatsApp Bot","2026-07-24T18:04:18.540Z","checkpoint","0","Grupo WhatsApp","Operativo en las vías y ao12 poli víal cau","🚔🚨Operativos🚓 Arroyo Seco y alrededores","Operativo en las vías y ao12 poli víal cau"
"-OyKIpvnOPicMZntRbFC","WhatsApp Bot","2026-07-24T18:07:14.708Z","checkpoint","0","Grupo WhatsApp","Control ingreso lagos por autopista","🚔🚨Operativos🚓 Arroyo Seco y alrededores","Control ingreso lagos por autopista"
"-OyKJKMk44G3X9F65hsh","WhatsApp Bot","2026-07-24T18:09:23.472Z","police","0","Grupo WhatsApp","Si si policía","🚔🚨Operativos🚓 Arroyo Seco y alrededores","Si si policía"
"-OyKNBpDrw5fIPoxkrnX","WhatsApp Bot","2026-07-24T18:26:17.071Z","police","0","Grupo WhatsApp","Tránsito y policías","🚔🚨Operativos🚓 Arroyo Seco y alrededores","Tránsito y policías"
"-OyKPQYr0ZF7YNTg4AB7","WhatsApp Bot","2026-07-24T18:36:01.688Z","municipal","0","Grupo WhatsApp","*⚠️✖️✖️⚠️OVIDIOS LAGOS ENTRE NESTOR FERRAZA Y ACEVEDO MANO AL SUR.... AHÍ SE MUDÓ AHORA EL OPERATIVO","🔺SOLO OPERATIVOS DE TRÁNSITO (1)🔺","*⚠️✖️✖️⚠️OVIDIOS LAGOS ENTRE NESTOR FERRAZA Y ACEVEDO MANO AL SUR.... AHÍ SE MUDÓ AHORA EL OPERATIVO DE (FISCA) FISCALIZACION DE TRANSPORTE (servicios públicos) PARANDO TAXIS Y AUTOS 🚖🚘🚖BUSCANDO REMISES TRUCHOS LOS UBER DIDI Y CABIFY NO HABILITADOS CON LA PLANCHA ITALIANA IVECO⚠️✖️✖️⚠️*"
"-OyKe6GZZ1k3nj8mA-nb","WhatsApp Bot","2026-07-24T19:44:32.899Z","municipal","0","Grupo WhatsApp","*🚧🚥🚥🚧RUTA AO12 Y LA VIA ENTRADA A PUEBLO ESTHER AMBAS MANOS.... TERRIBLE OPERATIVO DE TRÁNSITO (","🔺SOLO OPERATIVOS DE TRÁNSITO (1)🔺","*🚧🚥🚥🚧RUTA AO12 Y LA VIA ENTRADA A PUEBLO ESTHER AMBAS MANOS.... TERRIBLE OPERATIVO DE TRÁNSITO (EL CAU control y asistencia urbana) CON LA POLICIA VIAL CON ALCOHOLEMIA🗣️🗣️A FULL IMPACT 🚧🚥🚥🚧*"
"-OyL5MKvNbWmUHuU1_G0","WhatsApp Bot","2026-07-24T21:47:58.748Z","checkpoint","0","Grupo WhatsApp","*HOLA !!! LOS QUE QUIERAN COLABORAR CON LA BASE CENTRAL DE OPERATIVOS LO PUEDEN HACER MEDIANTE UN AL","🔺SOLO OPERATIVOS DE TRÁNSITO (1)🔺","*HOLA !!! LOS QUE QUIERAN COLABORAR CON LA BASE CENTRAL DE OPERATIVOS LO PUEDEN HACER MEDIANTE UN ALIAS DE MERCADO PAGO....EL QUE LO HAGA TIENE QUE PASAR EL COMPROBANTE POR PRIVADO PARA SER AGENDADO DE FORMA DIFERENTE PARA EL GRUPO CERRADO QUE ARMAREMOS A FUTURO.... Y MUCHAS GRACIAS A TODOS LOS QUE COLABORAN.... GRACIAS👍*"
"-OyM4bk0UlpfTO-CZo-V","WhatsApp Bot","2026-07-25T02:24:21.033Z","municipal","0","Grupo WhatsApp","Operativo de tránsito con grúas","🔺SOLO OPERATIVOS DE TRÁNSITO (1)🔺","*🚧📛📛🚧CAFFERATA Y MONTEVIDEO Y ALRREDEDORES..... LLEGANDO EL POTENTE OPERATIVO DE TRÁNSITO CON ALCOHOLEMIA🗣️🗣️ NARCOLEMIA Y THC CANNABIS CON EL CARRETON Y LAS GRUAS 🚘🛵🚘🛵A FULL IMPACT CON EL JEFE DE DIVISION DAMIAN FERNÁNDEZ (EL CHUPACHICHI).... EVITEN ZONA!!!🚧📛📛🚧*"
"-OyM4bqhM4qsZmKeXdrm","WhatsApp Bot","2026-07-25T02:24:21.461Z","municipal","0","Grupo WhatsApp","Operativo de tránsito con grúas","🔺SOLO OPERATIVOS DE TRÁNSITO (1)🔺","*🚧📛📛🚧CAFFERATA Y MONTEVIDEO Y ALRREDEDORES..... LLEGANDO EL POTENTE OPERATIVO DE TRÁNSITO CON ALCOHOLEMIA🗣️🗣️ NARCOLEMIA Y THC CANNABIS CON EL CARRETON Y LAS GRUAS 🚘🛵🚘🛵A FULL IMPACT CON EL JEFE DE DIVISION DAMIAN FERNÁNDEZ (EL CHUPACHICHI).... EVITEN ZONA!!!🚧📛📛🚧*"
"-OyMSV8MmjAWtqtWl8d0","WhatsApp Bot","2026-07-25T04:08:41.343Z","municipal","0","Grupo WhatsApp","*⚠️✖️✖️⚠️AYACUCHO ENTRE COCHABAMBA Y PELLEGRINI ....EL OPERATIVO DE (FISCA) FISCALIZACION DE TRANSPO","🔺SOLO OPERATIVOS DE TRÁNSITO (1)🔺","*⚠️✖️✖️⚠️AYACUCHO ENTRE COCHABAMBA Y PELLEGRINI ....EL OPERATIVO DE (FISCA) FISCALIZACION DE TRANSPORTE (servicios públicos) PARANDO TAXIS Y AUTOS 🚖🚘🚖BUSCANDO REMISES TRUCHOS LOS UBER DIDI Y CABIFY NO HABILITADOS CON LA PLANCHA ITALIANA IVECO CON ALCOHOLEMIA🗣️🗣️Y NARCOLEMIA⚠️✖️✖️⚠️*"
"-OyMXkv9QsTJq16JN9o-","WhatsApp Bot","2026-07-25T04:31:40.786Z","municipal","0","Grupo WhatsApp","*🚧📛📛🚧RIVADAVIA ENTRE ALVEAR Y OROÑO.....  EL OTRO POTENTE OPERATIVO DE TRÁNSITO CON ALCOHOLEMIA?","🔺SOLO OPERATIVOS DE TRÁNSITO (1)🔺","*🚧📛📛🚧RIVADAVIA ENTRE ALVEAR Y OROÑO.....  EL OTRO POTENTE OPERATIVO DE TRÁNSITO CON ALCOHOLEMIA🗣️🗣️ NARCOLEMIA Y THC CANNABIS CON EL CARRETON Y LAS GRUAS 🚘🛵🚘🛵A FULL IMPACT CON EL JEFE DE DIVISION ADRIAN LALLIA (ALALUZ).... EVITEN ZONA!!!🚧📛📛🚧*"
"-OyN12qMtBGRLOLO7Lwv","WhatsApp Bot","2026-07-25T06:48:24.763Z","checkpoint","0","Grupo WhatsApp","Oroño y 21 control","🚔🚨Operativos🚓 Arroyo Seco y alrededores","Oroño y 21 control"
"-OyN14Bm--s1wF-Aojzt","WhatsApp Bot","2026-07-25T06:48:30.294Z","checkpoint","0","Grupo WhatsApp","Oroño y 21 control","🚔🚨Operativos🚓 Arroyo Seco y alrededores","Oroño y 21 control"
"-OyN97r3Y911E1zYaQHy","WhatsApp Bot","2026-07-25T07:23:42.440Z","traffic","0","Grupo WhatsApp","Santa fe entre Dorrego y moreno tránsito","🔺SOLO OPERATIVOS DE TRÁNSITO (1)🔺","Santa fe entre Dorrego y moreno tránsito"
"-OyODrNMpdfAVo8MkBNk","WhatsApp Bot","2026-07-25T12:23:58.783Z","checkpoint","0","Grupo WhatsApp","Buen dia alguno sabe si hay control en acceso d lagos autopista","🚔🚨Operativos🚓 Arroyo Seco y alrededores","Buen dia alguno sabe si hay control en acceso d lagos autopista"
"-OyOXS0USfWPvgfqrA0w","WhatsApp Bot","2026-07-25T13:49:33.703Z","checkpoint","0","Grupo WhatsApp","Operativo lisandro de la torre y Maipú general lagos","🚔🚨Operativos🚓 Arroyo Seco y alrededores","Operativo lisandro de la torre y Maipú general lagos"
"-OyOqiWCWD7GFEKAAgee","WhatsApp Bot","2026-07-25T15:18:08.246Z","checkpoint","0","Grupo WhatsApp","*HOLA !!! LOS QUE QUIERAN COLABORAR CON LA BASE CENTRAL DE OPERATIVOS LO PUEDEN HACER MEDIANTE UN AL","🔺SOLO OPERATIVOS DE TRÁNSITO (1)🔺","*HOLA !!! LOS QUE QUIERAN COLABORAR CON LA BASE CENTRAL DE OPERATIVOS LO PUEDEN HACER MEDIANTE UN ALIAS DE MERCADO PAGO....EL QUE LO HAGA TIENE QUE PASAR EL COMPROBANTE POR PRIVADO PARA SER AGENDADO DE FORMA DIFERENTE PARA EL GRUPO CERRADO QUE ARMAREMOS A FUTURO.... Y MUCHAS GRACIAS A TODOS LOS QUE COLABORAN.... GRACIAS👍*"
"-OyPFzxvSPewb1lqS_jS","WhatsApp Bot","2026-07-25T17:12:55.460Z","municipal","0","Grupo WhatsApp","Ruta 21 entrada a Alvear control de tránsito armandose","🔺SOLO OPERATIVOS DE TRÁNSITO (1)🔺","Ruta 21 entrada a Alvear control de tránsito armandose"
"-OyPGdkTVJlZ_hVZpztM","WhatsApp Bot","2026-07-25T17:15:46.631Z","checkpoint","0","Grupo WhatsApp","Ahí arranco el operativo cancha  NOB!!","🔺SOLO OPERATIVOS DE TRÁNSITO (1)🔺","Ahí arranco el operativo cancha  NOB!!"
"-OyPSyJo0vRgMrTuVPuy","WhatsApp Bot","2026-07-25T18:09:36.605Z","municipal","0","Grupo WhatsApp","Cau parando motos en la Shell, Pueblo Esther.","🚔🚨Operativos🚓 Arroyo Seco y alrededores","Cau parando motos en la Shell, Pueblo Esther."
"-OyP_weGK7ylyqm5D3Sg","WhatsApp Bot","2026-07-25T18:44:26.937Z","municipal","0","Grupo WhatsApp","*🚧✖️✖️🚧NANSEN Y VICTOR MERCANTE POR AMBAS CALLES (SHOPPING PORTAL ROSARIO).... AHI LLEGÓ EL ATROZ ","🔺SOLO OPERATIVOS DE TRÁNSITO (1)🔺","*🚧✖️✖️🚧NANSEN Y VICTOR MERCANTE POR AMBAS CALLES (SHOPPING PORTAL ROSARIO).... AHI LLEGÓ EL ATROZ OPERATIVO DE (FISCA) FISCALIZACION DE TRANSPORTE (servicios públicos) PARANDO TAXIS Y AUTOS 🚖🚘🚖BUSCANDO REMISES TRUCHOS LOS UBER DIDI Y CABIFY NO HABILITADOS CON LA PLANCHA ITALIANA IVECO CON ALCOHOLEMIA🗣️🗣️🚧✖️✖️🚧*"
"-OyPa5q71GiBfx_WO0Tf","WhatsApp Bot","2026-07-25T18:45:08.656Z","checkpoint","0","Grupo WhatsApp","Parque scalabrini ortiz mano al este, había un patrullero de la Muni con conitos.. puede ser q esten","🔺SOLO OPERATIVOS DE TRÁNSITO (1)🔺","Parque scalabrini ortiz mano al este, había un patrullero de la Muni con conitos.. puede ser q esten armando operativo"
"-OyPa64wekaBWFCdAAXq","WhatsApp Bot","2026-07-25T18:45:09.669Z","checkpoint","0","Grupo WhatsApp","Parque scalabrini ortiz mano al este, había un patrullero de la Muni con conitos.. puede ser q esten","🔺SOLO OPERATIVOS DE TRÁNSITO (1)🔺","Parque scalabrini ortiz mano al este, había un patrullero de la Muni con conitos.. puede ser q esten armando operativo"
"-OyPkEvW94hWR0uQ_VVO","WhatsApp Bot","2026-07-25T19:29:27.306Z","municipal","0","Grupo WhatsApp","*⚠️✖️✖️⚠️JUNIN Y SANTA MARIA DE ORO.... EL ATROZ OPERATIVO DE (FISCA) FISCALIZACION DE TRANSPORTE (s","🔺SOLO OPERATIVOS DE TRÁNSITO (1)🔺","*⚠️✖️✖️⚠️JUNIN Y SANTA MARIA DE ORO.... EL ATROZ OPERATIVO DE (FISCA) FISCALIZACION DE TRANSPORTE (servicios públicos) PARANDO TAXIS Y AUTOS 🚖🚘🚖BUSCANDO REMISES TRUCHOS LOS UBER DIDI Y CABIFY NO HABILITADOS CON LA PLANCHA ITALIANA IVECO CON ALCOHOLEMIA🗣️🗣️⚠️✖️✖️⚠️*"
"-OyQ8GfVUjNd37swKDFG","WhatsApp Bot","2026-07-25T21:18:48.073Z","accident","0","Grupo WhatsApp","Accidente!","🚔🚨Operativos🚓 Arroyo Seco y alrededores","Accidente!"
"-OyQ_QuTcSBbEUzSEDQ8","WhatsApp Bot","2026-07-25T23:21:50.023Z","checkpoint","0","Grupo WhatsApp","*HOLA !!! LOS QUE QUIERAN COLABORAR CON LA BASE CENTRAL DE OPERATIVOS LO PUEDEN HACER MEDIANTE UN AL","🔺SOLO OPERATIVOS DE TRÁNSITO (1)🔺","*HOLA !!! LOS QUE QUIERAN COLABORAR CON LA BASE CENTRAL DE OPERATIVOS LO PUEDEN HACER MEDIANTE UN ALIAS DE MERCADO PAGO....EL QUE LO HAGA TIENE QUE PASAR EL COMPROBANTE POR PRIVADO PARA SER AGENDADO DE FORMA DIFERENTE PARA EL GRUPO CERRADO QUE ARMAREMOS A FUTURO.... Y MUCHAS GRACIAS A TODOS LOS QUE COLABORAN.... GRACIAS👍*"
"-OyQg_vzih9BcIxIKqR-","WhatsApp Bot","2026-07-25T23:53:06.088Z","checkpoint","0","Grupo WhatsApp","Hay control en la salida de lagos para arroyo por ruta 21","🚔🚨Operativos🚓 Arroyo Seco y alrededores","Hay control en la salida de lagos para arroyo por ruta 21"
"-OyQgazNNkOqHMnTJHcL","WhatsApp Bot","2026-07-25T23:53:10.401Z","checkpoint","0","Grupo WhatsApp","Hay control en la salida de lagos para arroyo por ruta 21","🚔🚨Operativos🚓 Arroyo Seco y alrededores","Hay control en la salida de lagos para arroyo por ruta 21"
"-OyQjNDSvl5tbqwSy1IJ","WhatsApp Bot","2026-07-26T00:05:16.358Z","checkpoint","0","Grupo WhatsApp","Ao12 preparando control","🚔🚨Operativos🚓 Arroyo Seco y alrededores","Ao12 preparando control"
"-OyRBM6KaGePpVVs3OYI","WhatsApp Bot","2026-07-26T02:11:53.982Z","municipal","0","Grupo WhatsApp","*🚧📛📛🚧SALTA Y PUEYRREDON.... LLEGANDO EL POTENTE OPERATIVO DE TRÁNSITO CON ALCOHOLEMIA🗣️🗣️ NARC","🔺SOLO OPERATIVOS DE TRÁNSITO (1)🔺","*🚧📛📛🚧SALTA Y PUEYRREDON.... LLEGANDO EL POTENTE OPERATIVO DE TRÁNSITO CON ALCOHOLEMIA🗣️🗣️ NARCOLEMIA Y THC CANNABIS CON EL CARRETON Y LAS GRUAS 🚘🛵🚘🛵 A FULL IMPACT CON EL JEFE DE DIVISION DAMIAN FERNÁNDEZ (EL CHUPACHICHI).... EVITEN ZONA YAA!!!🚧📛📛🚧*"
"-OyRhvphtVSMp--nn5wc","WhatsApp Bot","2026-07-26T04:38:35.162Z","municipal","0","Grupo WhatsApp","*🚧📛📛🚧SALTA Y OVIDIOS LAGOS....  EL OTRO POTENTE OPERATIVO DE TRÁNSITO CON ALCOHOLEMIA🗣️🗣️ NARC","🔺SOLO OPERATIVOS DE TRÁNSITO (1)🔺","*🚧📛📛🚧SALTA Y OVIDIOS LAGOS....  EL OTRO POTENTE OPERATIVO DE TRÁNSITO CON ALCOHOLEMIA🗣️🗣️ NARCOLEMIA Y THC CANNABIS CON EL CARRETON Y LAS GRUAS 🚘🛵🚘🛵 A FULL IMPACT CON EL JEFE DE DIVISION SEBASTIAN VALLEJOS (ALIAS ESPALDA Y OLOR A PATA).... EVITEN ZONA!!!🚧📛📛🚧*"
"-OyTy6ufN1DcwX6CTz1o","WhatsApp Bot","2026-07-26T15:08:33.366Z","checkpoint","0","Grupo WhatsApp","Control en el acceso de lagos","🚔🚨Operativos🚓 Arroyo Seco y alrededores","Control en el acceso de lagos"
"-OyU8AJxlqvhLqHTS9hm","WhatsApp Bot","2026-07-26T15:56:50.917Z","checkpoint","0","Grupo WhatsApp","Control en el acceso","🚔🚨Operativos🚓 Arroyo Seco y alrededores","Control en el acceso de lagos"
"-OyUD19MaT0gZ6hdssro","WhatsApp Bot","2026-07-26T16:18:04.092Z","accident","0","Grupo WhatsApp","Probablemente puede ser un accidente en autopista","🔺SOLO OPERATIVOS DE TRÁNSITO (1)🔺","Probablemente puede ser un accidente en autopista"
"-OyUT_0Rokdd7H1bmPdE","WhatsApp Bot","2026-07-26T17:30:21.185Z","accident","0","Grupo WhatsApp","Accidente confirmado autopista Rosario-Córdoba a la altura del parque industrial de Funes","🔺SOLO OPERATIVOS DE TRÁNSITO (1)🔺","Accidente confirmado autopista Rosario-Córdoba a la altura del parque industrial de Funes"
"-OyUchJe1x086dn_Om93","WhatsApp Bot","2026-07-26T18:14:36.623Z","checkpoint","0","Grupo WhatsApp","Operativo donde está el barquito","🔺SOLO OPERATIVOS DE TRÁNSITO (1)🔺","Operativo donde está el barquito"
"-OyUchZZKRR1AN4HCcnM","WhatsApp Bot","2026-07-26T18:14:37.641Z","checkpoint","0","Grupo WhatsApp","Operativo donde está el barquito","🔺SOLO OPERATIVOS DE TRÁNSITO (1)🔺","Operativo donde está el barquito"
"-OyUksm4UBxxoIyiz-lT","WhatsApp Bot","2026-07-26T18:50:20.714Z","municipal","0","Grupo WhatsApp","*⚠️✖️✖️⚠️27 DE FEBRERO Y ALEM AMBAS MANOS POR 27.... EL OPERATIVO DE (FISCA) FISCALIZACION DE TRANSP","🔺SOLO OPERATIVOS DE TRÁNSITO (1)🔺","*⚠️✖️✖️⚠️27 DE FEBRERO Y ALEM AMBAS MANOS POR 27.... EL OPERATIVO DE (FISCA) FISCALIZACION DE TRANSPORTE (Servicios públicos) PARANDO TAXIS Y AUTOS 🚖🚘🚖BUSCANDO REMISES TRUCHOS LOS UBER DIDI Y CABIFY NO HABILITADOS CON LA PLANCHA ITALIANA IVECO CON ALCOHOLEMIA🗣️⚠️✖️✖️⚠️*"
"-OyUlC3PO5c3ZIQ0-mSo","WhatsApp Bot","2026-07-26T18:51:43.807Z","municipal","0","Grupo WhatsApp","*⚠️✖️✖️⚠️27 DE FEBRERO Y ALEM AMBAS MANOS POR 27.... EL OPERATIVO DE (FISCA) FISCALIZACION DE TRANSP","🔺SOLO OPERATIVOS DE TRÁNSITO (1)🔺","*⚠️✖️✖️⚠️27 DE FEBRERO Y ALEM AMBAS MANOS POR 27.... EL OPERATIVO DE (FISCA) FISCALIZACION DE TRANSPORTE (Servicios públicos) PARANDO TAXIS Y AUTOS 🚖🚘🚖BUSCANDO REMISES TRUCHOS LOS UBER DIDI Y CABIFY NO HABILITADOS CON LA PLANCHA ITALIANA IVECO CON ALCOHOLEMIA🗣️⚠️✖️✖️⚠️*"
"-OyUx_ylOy6ijvkPTmqT","WhatsApp Bot","2026-07-26T19:45:51.574Z","municipal","0","Grupo WhatsApp","*⚠️✖️✖️⚠️SARMIENTO Y VIRASORO POR AMBAS CALLES....SE MUDÓ EL OPERATIVO DE (FISCA) FISCALIZACION DE T","🔺SOLO OPERATIVOS DE TRÁNSITO (1)🔺","*⚠️✖️✖️⚠️SARMIENTO Y VIRASORO POR AMBAS CALLES....SE MUDÓ EL OPERATIVO DE (FISCA) FISCALIZACION DE TRANSPORTE (Servicios públicos) PARANDO TAXIS Y AUTOS 🚖🚘🚖BUSCANDO REMISES TRUCHOS LOS UBER DIDI Y CABIFY NO HABILITADOS CON LA PLANCHA ITALIANA IVECO CON ALCOHOLEMIA🗣️⚠️✖️✖️⚠️*"
"-OyVEMr6WgKoqO4H7o3p","WhatsApp Bot","2026-07-26T21:03:32.332Z","checkpoint","0","Grupo WhatsApp","*HOLA !!! LOS QUE QUIERAN COLABORAR CON LA BASE CENTRAL DE OPERATIVOS LO PUEDEN HACER MEDIANTE UN AL","🔺SOLO OPERATIVOS DE TRÁNSITO (1)🔺","*HOLA !!! LOS QUE QUIERAN COLABORAR CON LA BASE CENTRAL DE OPERATIVOS LO PUEDEN HACER MEDIANTE UN ALIAS DE MERCADO PAGO....EL QUE LO HAGA TIENE QUE PASAR EL COMPROBANTE POR PRIVADO PARA SER AGENDADO DE FORMA DIFERENTE PARA EL GRUPO CERRADO QUE ARMAREMOS A FUTURO.... Y MUCHAS GRACIAS A TODOS LOS QUE COLABORAN.... GRACIAS👍*"
"-OyVJ80StKk5n2h_Z09a","WhatsApp Bot","2026-07-26T21:24:22.274Z","checkpoint","0","Grupo WhatsApp","Control en la entrada de lagos por autopista.","🚔🚨Operativos🚓 Arroyo Seco y alrededores","Control en la entrada de lagos por autopista."
"-OyVJ8HS1n_M4W0s-ABC","WhatsApp Bot","2026-07-26T21:24:23.362Z","checkpoint","0","Grupo WhatsApp","Control en la entrada de lagos por autopista.","🚔🚨Operativos🚓 Arroyo Seco y alrededores","Control en la entrada de lagos por autopista."
"-OyVLaJN7Lu8jUfbTTbK","WhatsApp Bot","2026-07-26T21:35:06.557Z","checkpoint","0","Grupo WhatsApp","Peaje mano buenos aires a rosario control","🚔🚨Operativos🚓 Arroyo Seco y alrededores","Peaje mano buenos aires a rosario control"
"-OyVSOEoZ5d34CYJxszb","WhatsApp Bot","2026-07-26T22:04:48.025Z","checkpoint","0","Grupo WhatsApp","Control en la Shell","🚔🚨Operativos🚓 Arroyo Seco y alrededores","Control en la Shell"
"-OyVSUb1tSqOeuxO_5KV","WhatsApp Bot","2026-07-26T22:05:14.087Z","checkpoint","0","Grupo WhatsApp","Entre fiochi y la shell hay operativo","🚔🚨Operativos🚓 Arroyo Seco y alrededores","Entre fiochi y la shell hay operativo"
"-OyVgPqKlutE0BfxIq14","WhatsApp Bot","2026-07-26T23:10:26.746Z","checkpoint","0","Grupo WhatsApp","Juan b justo y 3 de febrero control","🚔🚨Operativos🚓 Arroyo Seco y alrededores","Juan b justo y 3 de febrero control"
"-OyWBd7hOjYBsac0UFkz","WhatsApp Bot","2026-07-27T01:31:13.879Z","checkpoint","0","Grupo WhatsApp","Sii alcoholemia y control","🚔🚨Operativos🚓 Arroyo Seco y alrededores","Sii alcoholemia y control"
"-OyWBdT5KKawcF2N4fEh","WhatsApp Bot","2026-07-27T01:31:15.248Z","checkpoint","0","Grupo WhatsApp","Sii alcoholemia y control","🚔🚨Operativos🚓 Arroyo Seco y alrededores","Sii alcoholemia y control"
"-OyWIjQ0_ejEgfaTjv2c","WhatsApp Bot","2026-07-27T02:02:14.635Z","municipal","0","Grupo WhatsApp","*🚧📛📛🚧RIVADAVIA Y RODRIGUEZ (EN LA MAQUINITA VIEJA) AHI ESTA LLEGANDO EL POTENTE OPERATIVO DE TRÁ","🔺SOLO OPERATIVOS DE TRÁNSITO (1)🔺","*🚧📛📛🚧RIVADAVIA Y RODRIGUEZ (EN LA MAQUINITA VIEJA) AHI ESTA LLEGANDO EL POTENTE OPERATIVO DE TRÁNSITO CON ALCOHOLEMIA🗣️🗣️ NARCOLEMIA Y THC CANNABIS CON EL CARRETON Y LAS GRUAS 🚘🛵🚘🛵A FULL IMPACT CON LA JEFA DE DIVISION TERESA BARBOSA (LA SUPER CHOBORRA🍷🍷 COIMERA)...EVITEN ZONA!!!🚧📛📛🚧*"
"-OyWb28Iz_3ghYGn1FdK","WhatsApp Bot","2026-07-27T03:26:36.157Z","checkpoint","0","Grupo WhatsApp","Estan preparando operativo en oroño y 27, sobre 27","🔺SOLO OPERATIVOS DE TRÁNSITO (1)🔺","Estan preparando operativo en oroño y 27, sobre 27"
"-OyWb2iDpjkKlaG1OZrd","WhatsApp Bot","2026-07-27T03:26:38.520Z","checkpoint","0","Grupo WhatsApp","Estan preparando operativo en oroño y 27, sobre 27","🔺SOLO OPERATIVOS DE TRÁNSITO (1)🔺","Estan preparando operativo en oroño y 27, sobre 27"
"-OyYK36vEbxaWxyqHLUh","WhatsApp Bot","2026-07-27T11:27:16.005Z","police","0","Grupo WhatsApp","*🚧🚥🚥🚧RUTA 21 Y OROÑO ENTRADA A PUEBLO ESTHER DESDE ALVEAR.... OPERTIVO DE TRÁNSITO (EL CAU contr","🔺SOLO OPERATIVOS DE TRÁNSITO (1)🔺","*🚧🚥🚥🚧RUTA 21 Y OROÑO ENTRADA A PUEBLO ESTHER DESDE ALVEAR.... OPERTIVO DE TRÁNSITO (EL CAU control y asistencia urbana) CON LA POLICIA VIAL AMBAS MANOS🚧🚥🚥🚧*"
"-OyYW9CjnZSkEPiSSzGJ","WhatsApp Bot","2026-07-27T12:20:06.680Z","municipal","0","Grupo WhatsApp","*🚧🚥🚥🚧RUTA 18 KM 2 A 3.... OPERATIVO DE TRÁNSITO DE ALVEAR CON LA POLICIA🚧🚥🚥🚧*","🔺SOLO OPERATIVOS DE TRÁNSITO (1)🔺","*🚧🚥🚥🚧RUTA 18 KM 2 A 3.... OPERATIVO DE TRÁNSITO DE ALVEAR CON LA POLICIA🚧🚥🚥🚧*"
"-OyYnVoI0libDq0mcxrb","WhatsApp Bot","2026-07-27T13:40:17.853Z","municipal","0","Grupo WhatsApp","Antes de llegar al puente de lago x autopista hay policías parando autos y motos","🚔🚨Operativos🚓 Arroyo Seco y alrededores","Antes de llegar al puente de lago x autopista hay policías parando autos y motos"
"-OyYnVzV2098yBjl1noo","WhatsApp Bot","2026-07-27T13:40:18.570Z","municipal","0","Grupo WhatsApp","Antes de llegar al puente de lago x autopista hay policías parando autos y motos","🚔🚨Operativos🚓 Arroyo Seco y alrededores","Antes de llegar al puente de lago x autopista hay policías parando autos y motos"
"-OyZq9bj4IoSRg-C8LSf","WhatsApp Bot","2026-07-27T18:31:30.585Z","municipal","0","Grupo WhatsApp","*EL OPERATIVO DE FISCA☝️*","🔺SOLO OPERATIVOS DE TRÁNSITO (1)🔺","*EL OPERATIVO DE FISCA☝️*"
"-OyZyl_v14ghV96b1LuI","WhatsApp Bot","2026-07-27T19:09:07.364Z","checkpoint","0","Grupo WhatsApp","Operativo entrando a lagos por ruta 21","🚔🚨Operativos🚓 Arroyo Seco y alrededores","Operativo entrando a lagos por ruta 21"
"-Oy_52WeH7GPX0rPoPBu","WhatsApp Bot","2026-07-27T19:40:55.828Z","municipal","0","Grupo WhatsApp","Operativo tránsito en vgg Córdoba abajo del puente","🔺SOLO OPERATIVOS DE TRÁNSITO (1)🔺","Operativo tránsito en vgg Córdoba abajo del puente"
"-Oy_52lEbFIp76map3d1","WhatsApp Bot","2026-07-27T19:40:56.825Z","municipal","0","Grupo WhatsApp","Operativo tránsito en vgg Córdoba abajo del puente","🔺SOLO OPERATIVOS DE TRÁNSITO (1)🔺","Operativo tránsito en vgg Córdoba abajo del puente"
"-Oy_6MoQrJg0u-xVLSgv","WhatsApp Bot","2026-07-27T19:46:41.092Z","police","0","Grupo WhatsApp","Ojo que están parando la cau y policía apena doblas por AO12 Para el lado de la auto pista","🚔🚨Operativos🚓 Arroyo Seco y alrededores","Ojo que están parando la cau y policía apena doblas por AO12 Para el lado de la auto pista"
"-Oy_bt0d6jrhdzz-Uemr","WhatsApp Bot","2026-07-27T22:08:45.714Z","checkpoint","0","Grupo WhatsApp","*HOLA !!! LOS QUE QUIERAN COLABORAR CON LA BASE CENTRAL DE OPERATIVOS LO PUEDEN HACER MEDIANTE UN AL","🔺SOLO OPERATIVOS DE TRÁNSITO (1)🔺","*HOLA !!! LOS QUE QUIERAN COLABORAR CON LA BASE CENTRAL DE OPERATIVOS LO PUEDEN HACER MEDIANTE UN ALIAS DE MERCADO PAGO....EL QUE LO HAGA TIENE QUE PASAR EL COMPROBANTE POR PRIVADO PARA SER AGENDADO DE FORMA DIFERENTE PARA EL GRUPO CERRADO QUE ARMAREMOS A FUTURO.... Y MUCHAS GRACIAS A TODOS LOS QUE COLABORAN.... GRACIAS👍*"
"-Oy_czc8sHV9TDJZMwE1","WhatsApp Bot","2026-07-27T22:13:34.898Z","checkpoint","0","Grupo WhatsApp","Control por lisandro de la torre al costado de la eg3","🚔🚨Operativos🚓 Arroyo Seco y alrededores","Control por lisandro de la torre al costado de la eg3"
"-Oy_nR8BAkY7w7W_MsfC","WhatsApp Bot","2026-07-27T22:59:13.142Z","municipal","0","Grupo WhatsApp","*🚧🚥🚥🚧RUTA 14 EN SOLDINI ALTURA DEL CAMPING DE LA UOM..... OPERATIVO DE TRÁNSITO CON LA POLICIA🚧","🔺SOLO OPERATIVOS DE TRÁNSITO (1)🔺","*🚧🚥🚥🚧RUTA 14 EN SOLDINI ALTURA DEL CAMPING DE LA UOM..... OPERATIVO DE TRÁNSITO CON LA POLICIA🚧🚥🚥🚧*"
"-OycFmts9L2Vnc1Y7Zxa","WhatsApp Bot","2026-07-28T10:26:42.977Z","checkpoint","0","Grupo WhatsApp","Control en pueblo esther antes del puente de Alvear","🚔🚨Operativos🚓 Arroyo Seco y alrededores","Control en pueblo esther antes del puente de Alvear"
"-OycxtKwB8Ah16OYUBdq","WhatsApp Bot","2026-07-28T13:43:45.830Z","checkpoint","0","Grupo WhatsApp","Control en fiochi pueblo ester","🚔🚨Operativos🚓 Arroyo Seco y alrededores","Control en fiochi pueblo ester"
"-OycxusZfpHct8AMAlbW","WhatsApp Bot","2026-07-28T13:43:52.142Z","checkpoint","0","Grupo WhatsApp","Control en fiochi pueblo ester","🚔🚨Operativos🚓 Arroyo Seco y alrededores","Control en fiochi pueblo ester"
"-OydgtQQYpxTSJnO3U8h","WhatsApp Bot","2026-07-28T17:09:06.948Z","checkpoint","0","Grupo WhatsApp","Control en la entrada Rimoldi pueblo ester","🚔🚨Operativos🚓 Arroyo Seco y alrededores","Control en la entrada Rimoldi pueblo ester"
"-Oye7qngvmBBPmcSOopT","WhatsApp Bot","2026-07-28T19:11:16.246Z","radar","0","Grupo WhatsApp","Atención !! Radar móvil 
Máxima 40kmh
Entre Ríos 3300 
Y
Uruguay 1100","🔺SOLO OPERATIVOS DE TRÁNSITO (1)🔺","Atención !! Radar móvil 
Máxima 40kmh
Entre Ríos 3300 
Y
Uruguay 1100"
"-OyefUkK27WOZ8ULqeoe","WhatsApp Bot","2026-07-28T21:42:36.860Z","checkpoint","0","Grupo WhatsApp","*HOLA !!! LOS QUE QUIERAN COLABORAR CON LA BASE CENTRAL DE OPERATIVOS LO PUEDEN HACER MEDIANTE UN AL","🔺SOLO OPERATIVOS DE TRÁNSITO (1)🔺","*HOLA !!! LOS QUE QUIERAN COLABORAR CON LA BASE CENTRAL DE OPERATIVOS LO PUEDEN HACER MEDIANTE UN ALIAS DE MERCADO PAGO....EL QUE LO HAGA TIENE QUE PASAR EL COMPROBANTE POR PRIVADO PARA SER AGENDADO DE FORMA DIFERENTE PARA EL GRUPO CERRADO QUE ARMAREMOS A FUTURO.... Y MUCHAS GRACIAS A TODOS LOS QUE COLABORAN.... GRACIAS👍*"